{
  "pdfCropperData": {
    "Physics": {
      "P-INTNUM": {
        "1": {
          "que": 1,
          "type": "nat",
          "marks": {
            "cm": 3,
            "im": -1
          },
          "pdfData": [
            {
              "x1": 62.36669921875,
              "x2": 548.7667236328125,
              "y1": 170.40000915527344,
              "y2": 388,
              "page": 1
            }
          ]
        },
        "2": {
          "que": 2,
          "type": "nat",
          "marks": {
            "cm": 3,
            "im": -1
          },
          "pdfData": [
            {
              "x1": 62.36669921875,
              "x2": 548.7667236328125,
              "y1": 472.0000305175781,
              "y2": 552.0000305175781,
              "page": 1
            }
          ]
        },
        "3": {
          "que": 3,
          "type": "nat",
          "marks": {
            "cm": 3,
            "im": -1
          },
          "pdfData": [
            {
              "x1": 62.36669921875,
              "x2": 548.7667236328125,
              "y1": 52.80000305175781,
              "y2": 296.8000183105469,
              "page": 2
            }
          ]
        },
        "4": {
          "que": 4,
          "type": "nat",
          "marks": {
            "cm": 3,
            "im": -1
          },
          "pdfData": [
            {
              "x1": 62.36669921875,
              "x2": 548.7667236328125,
              "y1": 296.8000183105469,
              "y2": 387.20001220703125,
              "page": 2
            }
          ]
        },
        "5": {
          "que": 5,
          "type": "nat",
          "marks": {
            "cm": 3,
            "im": -1
          },
          "pdfData": [
            {
              "x1": 62.36669921875,
              "x2": 548.7667236328125,
              "y1": 52,
              "y2": 310,
              "page": 3
            }
          ]
        },
        "6": {
          "que": 6,
          "type": "nat",
          "marks": {
            "cm": 3,
            "im": -1
          },
          "pdfData": [
            {
              "x1": 62.36669921875,
              "x2": 548.7667236328125,
              "y1": 462,
              "y2": 723,
              "page": 3
            }
          ]
        }
      },
      "P-MSQ": {
        "7": {
          "que": 7,
          "type": "msq",
          "marks": {
            "cm": 4,
            "pm": 1,
            "im": -2
          },
          "pdfData": [
            {
              "x1": 62.36669921875,
              "x2": 548.7667236328125,
              "y1": 223,
              "y2": 593,
              "page": 4
            }
          ],
          "answerOptions": "4"
        },
        "8": {
          "que": 8,
          "type": "msq",
          "marks": {
            "cm": 4,
            "pm": 1,
            "im": -2
          },
          "pdfData": [
            {
              "x1": 62.36669921875,
              "x2": 548.7667236328125,
              "y1": 54,
              "y2": 363,
              "page": 5
            }
          ],
          "answerOptions": "4"
        },
        "9": {
          "que": 9,
          "type": "msq",
          "marks": {
            "cm": 4,
            "pm": 1,
            "im": -2
          },
          "pdfData": [
            {
              "x1": 62.36669921875,
              "x2": 548.7667236328125,
              "y1": 427,
              "y2": 692,
              "page": 5
            }
          ],
          "answerOptions": "4"
        },
        "10": {
          "que": 10,
          "type": "msq",
          "marks": {
            "cm": 4,
            "pm": 1,
            "im": -2
          },
          "pdfData": [
            {
              "x1": 62.36669921875,
              "x2": 548.7667236328125,
              "y1": 54,
              "y2": 264,
              "page": 6
            }
          ],
          "answerOptions": "4"
        },
        "11": {
          "que": 11,
          "type": "msq",
          "marks": {
            "cm": 4,
            "pm": 1,
            "im": -2
          },
          "pdfData": [
            {
              "x1": 62.36669921875,
              "x2": 548.7667236328125,
              "y1": 78,
              "y2": 239,
              "page": 7
            }
          ],
          "answerOptions": "4"
        },
        "12": {
          "que": 12,
          "type": "msq",
          "marks": {
            "cm": 4,
            "pm": 1,
            "im": -2
          },
          "pdfData": [
            {
              "x1": 62.36669921875,
              "x2": 548.7667236328125,
              "y1": 265,
              "y2": 412,
              "page": 7
            }
          ],
          "answerOptions": "4"
        }
      },
      "P-DECNUM": {
        "13": {
          "que": 13,
          "type": "nat",
          "marks": {
            "cm": 4,
            "im": 0
          },
          "pdfData": [
            {
              "x1": 62.36669921875,
              "x2": 548.7667236328125,
              "y1": 159,
              "y2": 219,
              "page": 8
            }
          ]
        },
        "14": {
          "que": 14,
          "type": "nat",
          "marks": {
            "cm": 4,
            "im": 0
          },
          "pdfData": [
            {
              "x1": 62.36669921875,
              "x2": 548.7667236328125,
              "y1": 268,
              "y2": 491,
              "page": 8
            }
          ]
        },
        "15": {
          "que": 15,
          "type": "nat",
          "marks": {
            "cm": 4,
            "im": 0
          },
          "pdfData": [
            {
              "x1": 62.36669921875,
              "x2": 548.7667236328125,
              "y1": 537,
              "y2": 583,
              "page": 8
            }
          ]
        },
        "16": {
          "que": 16,
          "type": "nat",
          "marks": {
            "cm": 4,
            "im": 0
          },
          "pdfData": [
            {
              "x1": 62.36669921875,
              "x2": 548.7667236328125,
              "y1": 608,
              "y2": 673,
              "page": 8
            }
          ]
        },
        "17": {
          "que": 17,
          "type": "nat",
          "marks": {
            "cm": 4,
            "im": 0
          },
          "pdfData": [
            {
              "x1": 62.36669921875,
              "x2": 548.7667236328125,
              "y1": 52,
              "y2": 258,
              "page": 9
            }
          ]
        },
        "18": {
          "que": 18,
          "type": "nat",
          "marks": {
            "cm": 4,
            "im": 0
          },
          "pdfData": [
            {
              "x1": 62.36669921875,
              "x2": 548.7667236328125,
              "y1": 317,
              "y2": 412,
              "page": 9
            }
          ]
        }
      }
    },
    "Chemistry": {
      "C-INTNUM": {
        "19": {
          "que": 19,
          "type": "nat",
          "marks": {
            "cm": 3,
            "im": -1
          },
          "pdfData": [
            {
              "x1": 62.36669921875,
              "x2": 548.7667236328125,
              "y1": 172,
              "y2": 311,
              "page": 10
            }
          ]
        },
        "20": {
          "que": 20,
          "type": "nat",
          "marks": {
            "cm": 3,
            "im": -1
          },
          "pdfData": [
            {
              "x1": 62.36669921875,
              "x2": 548.7667236328125,
              "y1": 346,
              "y2": 526,
              "page": 10
            }
          ]
        },
        "21": {
          "que": 21,
          "type": "nat",
          "marks": {
            "cm": 3,
            "im": -1
          },
          "pdfData": [
            {
              "x1": 62.36669921875,
              "x2": 548.7667236328125,
              "y1": 554,
              "y2": 587,
              "page": 10
            }
          ]
        },
        "22": {
          "que": 22,
          "type": "nat",
          "marks": {
            "cm": 3,
            "im": -1
          },
          "pdfData": [
            {
              "x1": 62.36669921875,
              "x2": 548.7667236328125,
              "y1": 615,
              "y2": 671,
              "page": 10
            }
          ]
        },
        "23": {
          "que": 23,
          "type": "nat",
          "marks": {
            "cm": 3,
            "im": -1
          },
          "pdfData": [
            {
              "x1": 62.36669921875,
              "x2": 548.7667236328125,
              "y1": 53,
              "y2": 218,
              "page": 11
            }
          ]
        },
        "24": {
          "que": 24,
          "type": "nat",
          "marks": {
            "cm": 3,
            "im": -1
          },
          "pdfData": [
            {
              "x1": 62.36669921875,
              "x2": 548.7667236328125,
              "y1": 243,
              "y2": 274,
              "page": 11
            }
          ]
        }
      },
      "C-MSQ": {
        "25": {
          "que": 25,
          "type": "msq",
          "marks": {
            "cm": 4,
            "pm": 1,
            "im": -2
          },
          "pdfData": [
            {
              "x1": 58,
              "x2": 540,
              "y1": 54,
              "y2": 361,
              "page": 12
            }
          ],
          "answerOptions": "4"
        },
        "26": {
          "que": 26,
          "type": "msq",
          "marks": {
            "cm": 4,
            "pm": 1,
            "im": -2
          },
          "pdfData": [
            {
              "x1": 58,
              "x2": 540,
              "y1": 53,
              "y2": 488,
              "page": 13
            }
          ],
          "answerOptions": "4"
        },
        "27": {
          "que": 27,
          "type": "msq",
          "marks": {
            "cm": 4,
            "pm": 1,
            "im": -2
          },
          "pdfData": [
            {
              "x1": 58,
              "x2": 540,
              "y1": 523,
              "y2": 598,
              "page": 13
            }
          ],
          "answerOptions": "4"
        },
        "28": {
          "que": 28,
          "type": "msq",
          "marks": {
            "cm": 4,
            "pm": 1,
            "im": -2
          },
          "pdfData": [
            {
              "x1": 58,
              "x2": 540,
              "y1": 616,
              "y2": 696,
              "page": 13
            }
          ],
          "answerOptions": "4"
        },
        "29": {
          "que": 29,
          "type": "msq",
          "marks": {
            "cm": 4,
            "pm": 1,
            "im": -2
          },
          "pdfData": [
            {
              "x1": 58,
              "x2": 540,
              "y1": 53,
              "y2": 257,
              "page": 14
            }
          ],
          "answerOptions": "4"
        },
        "30": {
          "que": 30,
          "type": "msq",
          "marks": {
            "cm": 4,
            "pm": 1,
            "im": -2
          },
          "pdfData": [
            {
              "x1": 58,
              "x2": 540,
              "y1": 276,
              "y2": 639,
              "page": 14
            }
          ],
          "answerOptions": "4"
        }
      },
      "C-DECNUM": {
        "31": {
          "que": 31,
          "type": "nat",
          "marks": {
            "cm": 4,
            "im": 0
          },
          "pdfData": [
            {
              "x1": 58,
              "x2": 540,
              "y1": 145,
              "y2": 330,
              "page": 15
            }
          ]
        },
        "32": {
          "que": 32,
          "type": "nat",
          "marks": {
            "cm": 4,
            "im": 0
          },
          "pdfData": [
            {
              "x1": 58,
              "x2": 540,
              "y1": 362,
              "y2": 411,
              "page": 15
            }
          ]
        },
        "33": {
          "que": 33,
          "type": "nat",
          "marks": {
            "cm": 4,
            "im": 0
          },
          "pdfData": [
            {
              "x1": 58,
              "x2": 540,
              "y1": 433,
              "y2": 709,
              "page": 15
            }
          ]
        },
        "34": {
          "que": 34,
          "type": "nat",
          "marks": {
            "cm": 4,
            "im": 0
          },
          "pdfData": [
            {
              "x1": 58,
              "x2": 540,
              "y1": 53,
              "y2": 180,
              "page": 16
            }
          ]
        },
        "35": {
          "que": 35,
          "type": "nat",
          "marks": {
            "cm": 4,
            "im": 0
          },
          "pdfData": [
            {
              "x1": 58,
              "x2": 540,
              "y1": 207,
              "y2": 303,
              "page": 16
            }
          ]
        },
        "36": {
          "que": 36,
          "type": "nat",
          "marks": {
            "cm": 4,
            "im": 0
          },
          "pdfData": [
            {
              "x1": 58,
              "x2": 540,
              "y1": 319,
              "y2": 379,
              "page": 16
            }
          ]
        }
      }
    },
    "Maths": {
      "M-INTNUM": {
        "37": {
          "que": 37,
          "type": "nat",
          "marks": {
            "cm": 3,
            "im": -1
          },
          "pdfData": [
            {
              "x1": 58,
              "x2": 540,
              "y1": 192,
              "y2": 243,
              "page": 17
            }
          ]
        },
        "38": {
          "que": 38,
          "type": "nat",
          "marks": {
            "cm": 3,
            "im": -1
          },
          "pdfData": [
            {
              "x1": 58,
              "x2": 540,
              "y1": 281,
              "y2": 339,
              "page": 17
            }
          ]
        },
        "39": {
          "que": 39,
          "type": "nat",
          "marks": {
            "cm": 3,
            "im": -1
          },
          "pdfData": [
            {
              "x1": 58,
              "x2": 540,
              "y1": 366,
              "y2": 420,
              "page": 17
            }
          ]
        },
        "40": {
          "que": 40,
          "type": "nat",
          "marks": {
            "cm": 3,
            "im": -1
          },
          "pdfData": [
            {
              "x1": 58,
              "x2": 540,
              "y1": 441,
              "y2": 497,
              "page": 17
            }
          ]
        },
        "41": {
          "que": 41,
          "type": "nat",
          "marks": {
            "cm": 3,
            "im": -1
          },
          "pdfData": [
            {
              "x1": 58,
              "x2": 540,
              "y1": 497,
              "y2": 621,
              "page": 17
            }
          ]
        },
        "42": {
          "que": 42,
          "type": "nat",
          "marks": {
            "cm": 3,
            "im": -1
          },
          "pdfData": [
            {
              "x1": 58,
              "x2": 540,
              "y1": 645,
              "y2": 745,
              "page": 17
            }
          ]
        }
      },
      "M-MSQ": {
        "43": {
          "que": 43,
          "type": "msq",
          "marks": {
            "cm": 4,
            "pm": 1,
            "im": -2
          },
          "pdfData": [
            {
              "x1": 58,
              "x2": 540,
              "y1": 187,
              "y2": 394,
              "page": 18
            }
          ],
          "answerOptions": "4"
        },
        "44": {
          "que": 44,
          "type": "msq",
          "marks": {
            "cm": 4,
            "pm": 1,
            "im": -2
          },
          "pdfData": [
            {
              "x1": 58,
              "x2": 540,
              "y1": 439,
              "y2": 566,
              "page": 18
            }
          ],
          "answerOptions": "4"
        },
        "45": {
          "que": 45,
          "type": "msq",
          "marks": {
            "cm": 4,
            "pm": 1,
            "im": -2
          },
          "pdfData": [
            {
              "x1": 58,
              "x2": 540,
              "y1": 52,
              "y2": 236,
              "page": 19
            }
          ],
          "answerOptions": "4"
        },
        "46": {
          "que": 46,
          "type": "msq",
          "marks": {
            "cm": 4,
            "pm": 1,
            "im": -2
          },
          "pdfData": [
            {
              "x1": 58,
              "x2": 540,
              "y1": 279,
              "y2": 384,
              "page": 19
            }
          ],
          "answerOptions": "4"
        },
        "47": {
          "que": 47,
          "type": "msq",
          "marks": {
            "cm": 4,
            "pm": 1,
            "im": -2
          },
          "pdfData": [
            {
              "x1": 58,
              "x2": 540,
              "y1": 439,
              "y2": 616,
              "page": 19
            }
          ],
          "answerOptions": "4"
        },
        "48": {
          "que": 48,
          "type": "msq",
          "marks": {
            "cm": 4,
            "pm": 1,
            "im": -2
          },
          "pdfData": [
            {
              "x1": 58,
              "x2": 540,
              "y1": 51,
              "y2": 421,
              "page": 20
            }
          ],
          "answerOptions": "4"
        }
      },
      "M-DECNUM": {
        "49": {
          "que": 49,
          "type": "nat",
          "marks": {
            "cm": 4,
            "im": 0
          },
          "pdfData": [
            {
              "x1": 58,
              "x2": 540,
              "y1": 145,
              "y2": 201,
              "page": 21
            }
          ]
        },
        "50": {
          "que": 50,
          "type": "nat",
          "marks": {
            "cm": 4,
            "im": 0
          },
          "pdfData": [
            {
              "x1": 58,
              "x2": 540,
              "y1": 242,
              "y2": 289,
              "page": 21
            }
          ]
        },
        "51": {
          "que": 51,
          "type": "nat",
          "marks": {
            "cm": 4,
            "im": 0
          },
          "pdfData": [
            {
              "x1": 58,
              "x2": 540,
              "y1": 341,
              "y2": 413,
              "page": 21
            }
          ]
        },
        "52": {
          "que": 52,
          "type": "nat",
          "marks": {
            "cm": 4,
            "im": 0
          },
          "pdfData": [
            {
              "x1": 58,
              "x2": 540,
              "y1": 452,
              "y2": 587,
              "page": 21
            }
          ]
        },
        "53": {
          "que": 53,
          "type": "nat",
          "marks": {
            "cm": 4,
            "im": 0
          },
          "pdfData": [
            {
              "x1": 58,
              "x2": 540,
              "y1": 637,
              "y2": 753,
              "page": 21
            }
          ]
        },
        "54": {
          "que": 54,
          "type": "nat",
          "marks": {
            "cm": 4,
            "im": 0
          },
          "pdfData": [
            {
              "x1": 58,
              "x2": 540,
              "y1": 52,
              "y2": 137,
              "page": 22
            }
          ]
        }
      }
    }
  },
  "testConfig": {
    "pdfFileHash": "667aa908e281ddeaa0d2ed2515ff22cd13203350cc938fbb0b36f9614580ed64"
  },
  "appVersion": "1.19.1",
  "generatedBy": "answerKeyPage",
  "generatedBasedOn": "pdfCropperPage",
  "testAnswerKey": {
    "Physics": {
      "P-INTNUM": {
        "1": "DROPPED",
        "2": "9",
        "3": "6",
        "4": "4",
        "5": "2",
        "6": "DROPPED"
      },
      "P-MSQ": {
        "7": [
          1,
          4
        ],
        "8": [
          1,
          4
        ],
        "9": [
          1,
          3,
          4
        ],
        "10": [
          1,
          3
        ],
        "11": [
          2,
          3
        ],
        "12": [
          1,
          2,
          3,
          4
        ]
      },
      "P-DECNUM": {
        "13": "2.05",
        "14": "0.26TO0.28",
        "15": "1.3",
        "16": "-0.25TO-0.23,0.23TO0.25",
        "17": "55",
        "18": "8.32TO8.34"
      }
    },
    "Chemistry": {
      "C-INTNUM": {
        "19": "9",
        "20": "6",
        "21": "6",
        "22": "4",
        "23": "5",
        "24": "6"
      },
      "C-MSQ": {
        "25": [
          1,
          2,
          3
        ],
        "26": [
          1
        ],
        "27": [
          1,
          2,
          3,
          4
        ],
        "28": [
          1,
          2
        ],
        "29": [
          3,
          4
        ],
        "30": [
          2,
          3
        ]
      },
      "C-DECNUM": {
        "31": "2.8TO3.2",
        "32": "0.2",
        "33": "-5280TO-5240,-2640TO-2620",
        "34": "18.6",
        "35": "935",
        "36": "0.2"
      }
    },
    "Maths": {
      "M-INTNUM": {
        "37": "8",
        "38": "6",
        "39": "2",
        "40": "5",
        "41": "4",
        "42": "8"
      },
      "M-MSQ": {
        "43": [
          1,
          3
        ],
        "44": [
          1,
          4
        ],
        "45": [
          1,
          2,
          4
        ],
        "46": [
          1,
          2,
          3
        ],
        "47": [
          1,
          3
        ],
        "48": [
          1,
          2,
          4
        ]
      },
      "M-DECNUM": {
        "49": "495",
        "50": "1080",
        "51": "8",
        "52": "19",
        "53": "4",
        "54": "0.5"
      }
    }
  }
}