{
  "pdfCropperData": {
    "Physics": {
      "P-MCQ": {
        "1": {
          "que": 1,
          "type": "mcq",
          "marks": {
            "cm": 4,
            "im": -1
          },
          "pdfData": [
            {
              "x1": 27.933349609375,
              "x2": 553.5167236328125,
              "y1": 102.90000915527344,
              "y2": 365.25,
              "page": 1
            }
          ],
          "answerOptions": "4"
        },
        "2": {
          "que": 2,
          "type": "mcq",
          "marks": {
            "cm": 4,
            "im": -1
          },
          "pdfData": [
            {
              "x1": 27.933349609375,
              "x2": 553.5167236328125,
              "y1": 411.183349609375,
              "y2": 544.5666809082031,
              "page": 1
            }
          ],
          "answerOptions": "4"
        },
        "3": {
          "que": 3,
          "type": "mcq",
          "marks": {
            "cm": 4,
            "im": -1
          },
          "pdfData": [
            {
              "x1": 27.933349609375,
              "x2": 553.5167236328125,
              "y1": 595.8000183105469,
              "y2": 629.3666687011719,
              "page": 1
            },
            {
              "x1": 27.933349609375,
              "x2": 553.5167236328125,
              "y1": 67.56666564941406,
              "y2": 389.98333740234375,
              "page": 2
            }
          ],
          "answerOptions": "4"
        },
        "4": {
          "que": 4,
          "type": "mcq",
          "marks": {
            "cm": 4,
            "im": -1
          },
          "pdfData": [
            {
              "x1": 27.933349609375,
              "x2": 553.5167236328125,
              "y1": 442.9833679199219,
              "y2": 608.1666564941406,
              "page": 2
            }
          ],
          "answerOptions": "4"
        },
        "5": {
          "que": 5,
          "type": "mcq",
          "marks": {
            "cm": 4,
            "im": -1
          },
          "pdfData": [
            {
              "x1": 27.933349609375,
              "x2": 568.5333251953125,
              "y1": 652.3333435058594,
              "y2": 762.7500305175781,
              "page": 2
            },
            {
              "x1": 27.933349609375,
              "x2": 568.5333251953125,
              "y1": 64.03334045410156,
              "y2": 109.08334350585938,
              "page": 3
            }
          ],
          "answerOptions": "4"
        },
        "6": {
          "que": 6,
          "type": "mcq",
          "marks": {
            "cm": 4,
            "im": -1
          },
          "pdfData": [
            {
              "x1": 27.933349609375,
              "x2": 568.5333251953125,
              "y1": 156.78334045410156,
              "y2": 653.2166442871094,
              "page": 3
            }
          ],
          "answerOptions": "4"
        },
        "7": {
          "que": 7,
          "type": "mcq",
          "marks": {
            "cm": 4,
            "im": -1
          },
          "pdfData": [
            {
              "x1": 27.933349609375,
              "x2": 568.5333251953125,
              "y1": 700.9166564941406,
              "y2": 768.0500183105469,
              "page": 3
            },
            {
              "x1": 27.933349609375,
              "x2": 568.5333251953125,
              "y1": 63.15000915527344,
              "y2": 141.7666778564453,
              "page": 4
            }
          ],
          "answerOptions": "4"
        },
        "8": {
          "que": 8,
          "type": "mcq",
          "marks": {
            "cm": 4,
            "im": -1
          },
          "pdfData": [
            {
              "x1": 27.933349609375,
              "x2": 568.5333251953125,
              "y1": 188.58334350585938,
              "y2": 493.3333435058594,
              "page": 4
            }
          ],
          "answerOptions": "4"
        },
        "9": {
          "que": 9,
          "type": "mcq",
          "marks": {
            "cm": 4,
            "im": -1
          },
          "pdfData": [
            {
              "x1": 27.933349609375,
              "x2": 568.5333251953125,
              "y1": 538.3833312988281,
              "y2": 712.3999938964844,
              "page": 4
            }
          ],
          "answerOptions": "4"
        },
        "10": {
          "que": 10,
          "type": "mcq",
          "marks": {
            "cm": 4,
            "im": -1
          },
          "pdfData": [
            {
              "x1": 27.933349609375,
              "x2": 568.5333251953125,
              "y1": 63.15000915527344,
              "y2": 380.26666259765625,
              "page": 5
            }
          ],
          "answerOptions": "4"
        },
        "11": {
          "que": 11,
          "type": "mcq",
          "marks": {
            "cm": 4,
            "im": -1
          },
          "pdfData": [
            {
              "x1": 27.933349609375,
              "x2": 568.5333251953125,
              "y1": 427.0833435058594,
              "y2": 582.5500183105469,
              "page": 5
            }
          ],
          "answerOptions": "4"
        },
        "12": {
          "que": 12,
          "type": "mcq",
          "marks": {
            "cm": 4,
            "im": -1
          },
          "pdfData": [
            {
              "x1": 27.933349609375,
              "x2": 568.5333251953125,
              "y1": 627.6000061035156,
              "y2": 730.0666809082031,
              "page": 5
            },
            {
              "x1": 27.933349609375,
              "x2": 568.5333251953125,
              "y1": 63.15000915527344,
              "y2": 197.41668701171875,
              "page": 6
            }
          ],
          "answerOptions": "4"
        },
        "13": {
          "que": 13,
          "type": "mcq",
          "marks": {
            "cm": 4,
            "im": -1
          },
          "pdfData": [
            {
              "x1": 27.933349609375,
              "x2": 568.5333251953125,
              "y1": 246.88333129882812,
              "y2": 590.5000305175781,
              "page": 6
            }
          ],
          "answerOptions": "4"
        },
        "14": {
          "que": 14,
          "type": "mcq",
          "marks": {
            "cm": 4,
            "im": -1
          },
          "pdfData": [
            {
              "x1": 27.933349609375,
              "x2": 568.5333251953125,
              "y1": 632.8999938964844,
              "y2": 767.1666564941406,
              "page": 6
            },
            {
              "x1": 27.933349609375,
              "x2": 568.5333251953125,
              "y1": 64.03334045410156,
              "y2": 78.16667175292969,
              "page": 7
            }
          ],
          "answerOptions": "4"
        },
        "15": {
          "que": 15,
          "type": "mcq",
          "marks": {
            "cm": 4,
            "im": -1
          },
          "pdfData": [
            {
              "x1": 27.933349609375,
              "x2": 568.5333251953125,
              "y1": 130.28334045410156,
              "y2": 299,
              "page": 7
            }
          ],
          "answerOptions": "4"
        },
        "16": {
          "que": 16,
          "type": "mcq",
          "marks": {
            "cm": 4,
            "im": -1
          },
          "pdfData": [
            {
              "x1": 27.933349609375,
              "x2": 568.5333251953125,
              "y1": 344.933349609375,
              "y2": 489.8000183105469,
              "page": 7
            }
          ],
          "answerOptions": "4"
        },
        "17": {
          "que": 17,
          "type": "mcq",
          "marks": {
            "cm": 4,
            "im": -1
          },
          "pdfData": [
            {
              "x1": 27.933349609375,
              "x2": 568.5333251953125,
              "y1": 539.2666931152344,
              "y2": 689.4333190917969,
              "page": 7
            }
          ],
          "answerOptions": "4"
        },
        "18": {
          "que": 18,
          "type": "mcq",
          "marks": {
            "cm": 4,
            "im": -1
          },
          "pdfData": [
            {
              "x1": 27.933349609375,
              "x2": 568.5333251953125,
              "y1": 732.7166442871094,
              "y2": 769.8166809082031,
              "page": 7
            },
            {
              "x1": 27.933349609375,
              "x2": 568.5333251953125,
              "y1": 64.91667175292969,
              "y2": 162.9666748046875,
              "page": 8
            }
          ],
          "answerOptions": "4"
        },
        "19": {
          "que": 19,
          "type": "mcq",
          "marks": {
            "cm": 4,
            "im": -1
          },
          "pdfData": [
            {
              "x1": 27.933349609375,
              "x2": 568.5333251953125,
              "y1": 210.66668701171875,
              "y2": 619.6499938964844,
              "page": 8
            }
          ],
          "answerOptions": "4"
        },
        "20": {
          "que": 20,
          "type": "mcq",
          "marks": {
            "cm": 4,
            "im": -1
          },
          "pdfData": [
            {
              "x1": 27.933349609375,
              "x2": 568.5333251953125,
              "y1": 661.1666564941406,
              "y2": 712.3999938964844,
              "page": 8
            },
            {
              "x1": 27.933349609375,
              "x2": 568.5333251953125,
              "y1": 80.81666564941406,
              "y2": 288.3999938964844,
              "page": 9
            }
          ],
          "answerOptions": "4"
        }
      },
      "P-NUM": {
        "21": {
          "que": 21,
          "type": "nat",
          "marks": {
            "cm": 4,
            "im": -1
          },
          "pdfData": [
            {
              "x1": 27.933349609375,
              "x2": 568.5333251953125,
              "y1": 336.98333740234375,
              "y2": 420.8999938964844,
              "page": 9
            }
          ]
        },
        "22": {
          "que": 22,
          "type": "nat",
          "marks": {
            "cm": 4,
            "im": -1
          },
          "pdfData": [
            {
              "x1": 27.933349609375,
              "x2": 568.5333251953125,
              "y1": 473.0166931152344,
              "y2": 527.7833557128906,
              "page": 9
            }
          ]
        },
        "23": {
          "que": 23,
          "type": "nat",
          "marks": {
            "cm": 4,
            "im": -1
          },
          "pdfData": [
            {
              "x1": 27.933349609375,
              "x2": 568.5333251953125,
              "y1": 579.0166931152344,
              "y2": 631.1333312988281,
              "page": 9
            }
          ]
        },
        "24": {
          "que": 24,
          "type": "nat",
          "marks": {
            "cm": 4,
            "im": -1
          },
          "pdfData": [
            {
              "x1": 27.933349609375,
              "x2": 568.5333251953125,
              "y1": 685.0166931152344,
              "y2": 739.7833557128906,
              "page": 9
            }
          ]
        },
        "25": {
          "que": 25,
          "type": "nat",
          "marks": {
            "cm": 4,
            "im": -1
          },
          "pdfData": [
            {
              "x1": 27.933349609375,
              "x2": 568.5333251953125,
              "y1": 64.91667175292969,
              "y2": 210.66668701171875,
              "page": 10
            }
          ]
        }
      }
    },
    "Chemistry": {
      "C-MCQ": {
        "26": {
          "que": 26,
          "type": "mcq",
          "marks": {
            "cm": 4,
            "im": -1
          },
          "pdfData": [
            {
              "x1": 27.933349609375,
              "x2": 568.5333251953125,
              "y1": 263.66668701171875,
              "y2": 641.7333679199219,
              "page": 10
            }
          ],
          "answerOptions": "4"
        },
        "27": {
          "que": 27,
          "type": "mcq",
          "marks": {
            "cm": 4,
            "im": -1
          },
          "pdfData": [
            {
              "x1": 27.933349609375,
              "x2": 568.5333251953125,
              "y1": 696.5000305175781,
              "y2": 774.2333679199219,
              "page": 10
            },
            {
              "x1": 27.933349609375,
              "x2": 568.5333251953125,
              "y1": 64.91667175292969,
              "y2": 112.61666870117188,
              "page": 11
            }
          ],
          "answerOptions": "4"
        },
        "28": {
          "que": 28,
          "type": "mcq",
          "marks": {
            "cm": 4,
            "im": -1
          },
          "pdfData": [
            {
              "x1": 27.933349609375,
              "x2": 568.5333251953125,
              "y1": 163.85000610351562,
              "y2": 531.3166809082031,
              "page": 11
            }
          ],
          "answerOptions": "4"
        },
        "29": {
          "que": 29,
          "type": "mcq",
          "marks": {
            "cm": 4,
            "im": -1
          },
          "pdfData": [
            {
              "x1": 27.933349609375,
              "x2": 568.5333251953125,
              "y1": 579.0166931152344,
              "y2": 724.7666931152344,
              "page": 11
            }
          ],
          "answerOptions": "4"
        },
        "30": {
          "que": 30,
          "type": "mcq",
          "marks": {
            "cm": 4,
            "im": -1
          },
          "pdfData": [
            {
              "x1": 27.933349609375,
              "x2": 568.5333251953125,
              "y1": 64.03334045410156,
              "y2": 256.6000061035156,
              "page": 12
            }
          ],
          "answerOptions": "4"
        },
        "31": {
          "que": 31,
          "type": "mcq",
          "marks": {
            "cm": 4,
            "im": -1
          },
          "pdfData": [
            {
              "x1": 27.933349609375,
              "x2": 568.5333251953125,
              "y1": 310.48333740234375,
              "y2": 723.8833312988281,
              "page": 12
            },
            {
              "x1": 27.933349609375,
              "x2": 568.5333251953125,
              "y1": 63.15000915527344,
              "y2": 200.95001220703125,
              "page": 13
            }
          ],
          "answerOptions": "4"
        },
        "32": {
          "que": 32,
          "type": "mcq",
          "marks": {
            "cm": 4,
            "im": -1
          },
          "pdfData": [
            {
              "x1": 27.933349609375,
              "x2": 568.5333251953125,
              "y1": 248.64999389648438,
              "y2": 399.70001220703125,
              "page": 13
            }
          ],
          "answerOptions": "4"
        },
        "33": {
          "que": 33,
          "type": "mcq",
          "marks": {
            "cm": 4,
            "im": -1
          },
          "pdfData": [
            {
              "x1": 27.933349609375,
              "x2": 568.5333251953125,
              "y1": 442.9833679199219,
              "y2": 592.2666931152344,
              "page": 13
            }
          ],
          "answerOptions": "4"
        },
        "34": {
          "que": 34,
          "type": "mcq",
          "marks": {
            "cm": 4,
            "im": -1
          },
          "pdfData": [
            {
              "x1": 27.933349609375,
              "x2": 568.5333251953125,
              "y1": 641.7333679199219,
              "y2": 738.8999938964844,
              "page": 13
            },
            {
              "x1": 27.933349609375,
              "x2": 568.5333251953125,
              "y1": 63.15000915527344,
              "y2": 570.1833190917969,
              "page": 14
            }
          ],
          "answerOptions": "4"
        },
        "35": {
          "que": 35,
          "type": "mcq",
          "marks": {
            "cm": 4,
            "im": -1
          },
          "pdfData": [
            {
              "x1": 27.933349609375,
              "x2": 568.5333251953125,
              "y1": 632.0166931152344,
              "y2": 773.3500061035156,
              "page": 14
            },
            {
              "x1": 27.933349609375,
              "x2": 568.5333251953125,
              "y1": 64.91667175292969,
              "y2": 107.31666564941406,
              "page": 15
            }
          ],
          "answerOptions": "4"
        },
        "36": {
          "que": 36,
          "type": "mcq",
          "marks": {
            "cm": 4,
            "im": -1
          },
          "pdfData": [
            {
              "x1": 27.933349609375,
              "x2": 568.5333251953125,
              "y1": 157.6666717529297,
              "y2": 325.5,
              "page": 15
            }
          ],
          "answerOptions": "4"
        },
        "37": {
          "que": 37,
          "type": "mcq",
          "marks": {
            "cm": 4,
            "im": -1
          },
          "pdfData": [
            {
              "x1": 27.933349609375,
              "x2": 568.5333251953125,
              "y1": 369.66668701171875,
              "y2": 749.5000305175781,
              "page": 15
            },
            {
              "x1": 27.933349609375,
              "x2": 568.5333251953125,
              "y1": 62.26667785644531,
              "y2": 124.10000610351562,
              "page": 16
            }
          ],
          "answerOptions": "4"
        },
        "38": {
          "que": 38,
          "type": "mcq",
          "marks": {
            "cm": 4,
            "im": -1
          },
          "pdfData": [
            {
              "x1": 27.933349609375,
              "x2": 568.5333251953125,
              "y1": 173.56666564941406,
              "y2": 661.1666564941406,
              "page": 16
            },
            {
              "x1": 27.933349609375,
              "x2": 568.5333251953125,
              "y1": 64.03334045410156,
              "y2": 210.66668701171875,
              "page": 17
            }
          ],
          "answerOptions": "4"
        },
        "39": {
          "que": 39,
          "type": "mcq",
          "marks": {
            "cm": 4,
            "im": -1
          },
          "pdfData": [
            {
              "x1": 27.933349609375,
              "x2": 568.5333251953125,
              "y1": 269.8500061035156,
              "y2": 397.933349609375,
              "page": 17
            }
          ],
          "answerOptions": "4"
        },
        "40": {
          "que": 40,
          "type": "mcq",
          "marks": {
            "cm": 4,
            "im": -1
          },
          "pdfData": [
            {
              "x1": 27.933349609375,
              "x2": 568.5333251953125,
              "y1": 447.3999938964844,
              "y2": 577.2500305175781,
              "page": 17
            }
          ],
          "answerOptions": "4"
        },
        "41": {
          "que": 41,
          "type": "mcq",
          "marks": {
            "cm": 4,
            "im": -1
          },
          "pdfData": [
            {
              "x1": 27.933349609375,
              "x2": 568.5333251953125,
              "y1": 628.4833679199219,
              "y2": 752.1499938964844,
              "page": 17
            },
            {
              "x1": 27.933349609375,
              "x2": 568.5333251953125,
              "y1": 64.03334045410156,
              "y2": 79.05000305175781,
              "page": 18
            }
          ],
          "answerOptions": "4"
        },
        "42": {
          "que": 42,
          "type": "mcq",
          "marks": {
            "cm": 4,
            "im": -1
          },
          "pdfData": [
            {
              "x1": 27.933349609375,
              "x2": 568.5333251953125,
              "y1": 129.70001220703125,
              "y2": 582.5500183105469,
              "page": 18
            },
            {
              "x1": 27.933349609375,
              "x2": 568.5333251953125,
              "y1": 63.15000915527344,
              "y2": 518.9499816894531,
              "page": 19
            }
          ],
          "answerOptions": "4"
        },
        "43": {
          "que": 43,
          "type": "mcq",
          "marks": {
            "cm": 4,
            "im": -1
          },
          "pdfData": [
            {
              "x1": 27.933349609375,
              "x2": 568.5333251953125,
              "y1": 568.4166564941406,
              "y2": 723.0000305175781,
              "page": 19
            }
          ],
          "answerOptions": "4"
        },
        "44": {
          "que": 44,
          "type": "mcq",
          "marks": {
            "cm": 4,
            "im": -1
          },
          "pdfData": [
            {
              "x1": 27.933349609375,
              "x2": 568.5333251953125,
              "y1": 63.15000915527344,
              "y2": 289.2833251953125,
              "page": 20
            }
          ],
          "answerOptions": "4"
        },
        "45": {
          "que": 45,
          "type": "mcq",
          "marks": {
            "cm": 4,
            "im": -1
          },
          "pdfData": [
            {
              "x1": 27.933349609375,
              "x2": 568.5333251953125,
              "y1": 328.1499938964844,
              "y2": 553.3999938964844,
              "page": 20
            }
          ],
          "answerOptions": "4"
        }
      },
      "C-NUM": {
        "46": {
          "que": 46,
          "type": "nat",
          "marks": {
            "cm": 4,
            "im": -1
          },
          "pdfData": [
            {
              "x1": 27.933349609375,
              "x2": 568.5333251953125,
              "y1": 592.2666931152344,
              "y2": 670.0000305175781,
              "page": 20
            }
          ]
        },
        "47": {
          "que": 47,
          "type": "nat",
          "marks": {
            "cm": 4,
            "im": -1
          },
          "pdfData": [
            {
              "x1": 27.933349609375,
              "x2": 568.5333251953125,
              "y1": 715.0500183105469,
              "y2": 759.2166442871094,
              "page": 20
            }
          ]
        },
        "48": {
          "que": 48,
          "type": "nat",
          "marks": {
            "cm": 4,
            "im": -1
          },
          "pdfData": [
            {
              "x1": 27.933349609375,
              "x2": 568.5333251953125,
              "y1": 93.18333435058594,
              "y2": 129.40000915527344,
              "page": 21
            }
          ]
        },
        "49": {
          "que": 49,
          "type": "nat",
          "marks": {
            "cm": 4,
            "im": -1
          },
          "pdfData": [
            {
              "x1": 27.933349609375,
              "x2": 568.5333251953125,
              "y1": 177.10000610351562,
              "y2": 279.5666809082031,
              "page": 21
            }
          ]
        },
        "50": {
          "que": 50,
          "type": "nat",
          "marks": {
            "cm": 4,
            "im": -1
          },
          "pdfData": [
            {
              "x1": 27.933349609375,
              "x2": 568.5333251953125,
              "y1": 331.683349609375,
              "y2": 413.8333435058594,
              "page": 21
            }
          ]
        }
      }
    },
    "Maths": {
      "M-MCQ": {
        "51": {
          "que": 51,
          "type": "mcq",
          "marks": {
            "cm": 4,
            "im": -1
          },
          "pdfData": [
            {
              "x1": 27.933349609375,
              "x2": 568.5333251953125,
              "y1": 461.5333557128906,
              "y2": 592.2666931152344,
              "page": 21
            }
          ],
          "answerOptions": "4"
        },
        "52": {
          "que": 52,
          "type": "mcq",
          "marks": {
            "cm": 4,
            "im": -1
          },
          "pdfData": [
            {
              "x1": 27.933349609375,
              "x2": 568.5333251953125,
              "y1": 640.8500061035156,
              "y2": 750.3833312988281,
              "page": 21
            },
            {
              "x1": 27.933349609375,
              "x2": 568.5333251953125,
              "y1": 62.26667785644531,
              "y2": 118.80000305175781,
              "page": 22
            }
          ],
          "answerOptions": "4"
        },
        "53": {
          "que": 53,
          "type": "mcq",
          "marks": {
            "cm": 4,
            "im": -1
          },
          "pdfData": [
            {
              "x1": 27.933349609375,
              "x2": 568.5333251953125,
              "y1": 167.3833465576172,
              "y2": 326.3833312988281,
              "page": 22
            }
          ],
          "answerOptions": "4"
        },
        "54": {
          "que": 54,
          "type": "mcq",
          "marks": {
            "cm": 4,
            "im": -1
          },
          "pdfData": [
            {
              "x1": 27.933349609375,
              "x2": 568.5333251953125,
              "y1": 367.01666259765625,
              "y2": 511.0000305175781,
              "page": 22
            }
          ],
          "answerOptions": "4"
        },
        "55": {
          "que": 55,
          "type": "mcq",
          "marks": {
            "cm": 4,
            "im": -1
          },
          "pdfData": [
            {
              "x1": 27.933349609375,
              "x2": 568.5333251953125,
              "y1": 555.1666564941406,
              "y2": 733.6000061035156,
              "page": 22
            }
          ],
          "answerOptions": "4"
        },
        "56": {
          "que": 56,
          "type": "mcq",
          "marks": {
            "cm": 4,
            "im": -1
          },
          "pdfData": [
            {
              "x1": 27.933349609375,
              "x2": 568.5333251953125,
              "y1": 64.91667175292969,
              "y2": 211.55001831054688,
              "page": 23
            }
          ],
          "answerOptions": "4"
        },
        "57": {
          "que": 57,
          "type": "mcq",
          "marks": {
            "cm": 4,
            "im": -1
          },
          "pdfData": [
            {
              "x1": 27.933349609375,
              "x2": 568.5333251953125,
              "y1": 254.83334350585938,
              "y2": 411.183349609375,
              "page": 23
            }
          ],
          "answerOptions": "4"
        },
        "58": {
          "que": 58,
          "type": "mcq",
          "marks": {
            "cm": 4,
            "im": -1
          },
          "pdfData": [
            {
              "x1": 27.933349609375,
              "x2": 568.5333251953125,
              "y1": 450.9333190917969,
              "y2": 594.9166564941406,
              "page": 23
            }
          ],
          "answerOptions": "4"
        },
        "59": {
          "que": 59,
          "type": "mcq",
          "marks": {
            "cm": 4,
            "im": -1
          },
          "pdfData": [
            {
              "x1": 27.933349609375,
              "x2": 568.5333251953125,
              "y1": 632.8999938964844,
              "y2": 784.8333435058594,
              "page": 23
            },
            {
              "x1": 27.933349609375,
              "x2": 568.5333251953125,
              "y1": 64.03334045410156,
              "y2": 78.16667175292969,
              "page": 24
            }
          ],
          "answerOptions": "4"
        },
        "60": {
          "que": 60,
          "type": "mcq",
          "marks": {
            "cm": 4,
            "im": -1
          },
          "pdfData": [
            {
              "x1": 27.933349609375,
              "x2": 568.5333251953125,
              "y1": 124.10000610351562,
              "y2": 308.7166748046875,
              "page": 24
            }
          ],
          "answerOptions": "4"
        },
        "61": {
          "que": 61,
          "type": "mcq",
          "marks": {
            "cm": 4,
            "im": -1
          },
          "pdfData": [
            {
              "x1": 27.933349609375,
              "x2": 568.5333251953125,
              "y1": 349.3500061035156,
              "y2": 500.3999938964844,
              "page": 24
            }
          ],
          "answerOptions": "4"
        },
        "62": {
          "que": 62,
          "type": "mcq",
          "marks": {
            "cm": 4,
            "im": -1
          },
          "pdfData": [
            {
              "x1": 27.933349609375,
              "x2": 568.5333251953125,
              "y1": 542.8000183105469,
              "y2": 717.6999816894531,
              "page": 24
            }
          ],
          "answerOptions": "4"
        },
        "63": {
          "que": 63,
          "type": "mcq",
          "marks": {
            "cm": 4,
            "im": -1
          },
          "pdfData": [
            {
              "x1": 27.933349609375,
              "x2": 568.5333251953125,
              "y1": 63.15000915527344,
              "y2": 212.433349609375,
              "page": 25
            }
          ],
          "answerOptions": "4"
        },
        "64": {
          "que": 64,
          "type": "mcq",
          "marks": {
            "cm": 4,
            "im": -1
          },
          "pdfData": [
            {
              "x1": 27.933349609375,
              "x2": 568.5333251953125,
              "y1": 255.7166748046875,
              "y2": 394.3999938964844,
              "page": 25
            }
          ],
          "answerOptions": "4"
        },
        "65": {
          "que": 65,
          "type": "mcq",
          "marks": {
            "cm": 4,
            "im": -1
          },
          "pdfData": [
            {
              "x1": 27.933349609375,
              "x2": 568.5333251953125,
              "y1": 437.6833190917969,
              "y2": 601.1000061035156,
              "page": 25
            }
          ],
          "answerOptions": "4"
        },
        "66": {
          "que": 66,
          "type": "mcq",
          "marks": {
            "cm": 4,
            "im": -1
          },
          "pdfData": [
            {
              "x1": 27.933349609375,
              "x2": 568.5333251953125,
              "y1": 640.8500061035156,
              "y2": 759.2166442871094,
              "page": 25
            },
            {
              "x1": 27.933349609375,
              "x2": 568.5333251953125,
              "y1": 66.68333435058594,
              "y2": 78.16667175292969,
              "page": 26
            }
          ],
          "answerOptions": "4"
        },
        "67": {
          "que": 67,
          "type": "mcq",
          "marks": {
            "cm": 4,
            "im": -1
          },
          "pdfData": [
            {
              "x1": 27.933349609375,
              "x2": 568.5333251953125,
              "y1": 128.5166778564453,
              "y2": 286.6333312988281,
              "page": 26
            }
          ],
          "answerOptions": "4"
        },
        "68": {
          "que": 68,
          "type": "mcq",
          "marks": {
            "cm": 4,
            "im": -1
          },
          "pdfData": [
            {
              "x1": 27.933349609375,
              "x2": 568.5333251953125,
              "y1": 323.73333740234375,
              "y2": 490.6833190917969,
              "page": 26
            }
          ],
          "answerOptions": "4"
        },
        "69": {
          "que": 69,
          "type": "mcq",
          "marks": {
            "cm": 4,
            "im": -1
          },
          "pdfData": [
            {
              "x1": 27.933349609375,
              "x2": 568.5333251953125,
              "y1": 533.9666442871094,
              "y2": 687.6666564941406,
              "page": 26
            }
          ],
          "answerOptions": "4"
        },
        "70": {
          "que": 70,
          "type": "mcq",
          "marks": {
            "cm": 4,
            "im": -1
          },
          "pdfData": [
            {
              "x1": 27.933349609375,
              "x2": 568.5333251953125,
              "y1": 725.6499938964844,
              "y2": 777.7666931152344,
              "page": 26
            },
            {
              "x1": 27.933349609375,
              "x2": 568.5333251953125,
              "y1": 64.91667175292969,
              "y2": 133.81666564941406,
              "page": 27
            }
          ],
          "answerOptions": "4"
        }
      },
      "M-NUM": {
        "71": {
          "que": 71,
          "type": "nat",
          "marks": {
            "cm": 4,
            "im": -1
          },
          "pdfData": [
            {
              "x1": 27.933349609375,
              "x2": 568.5333251953125,
              "y1": 182.39999389648438,
              "y2": 263.66668701171875,
              "page": 27
            }
          ]
        },
        "72": {
          "que": 72,
          "type": "nat",
          "marks": {
            "cm": 4,
            "im": -1
          },
          "pdfData": [
            {
              "x1": 27.933349609375,
              "x2": 568.5333251953125,
              "y1": 306.0666809082031,
              "y2": 354.6499938964844,
              "page": 27
            }
          ]
        },
        "73": {
          "que": 73,
          "type": "nat",
          "marks": {
            "cm": 4,
            "im": -1
          },
          "pdfData": [
            {
              "x1": 27.933349609375,
              "x2": 568.5333251953125,
              "y1": 396.16668701171875,
              "y2": 420.8999938964844,
              "page": 27
            }
          ]
        },
        "74": {
          "que": 74,
          "type": "nat",
          "marks": {
            "cm": 4,
            "im": -1
          },
          "pdfData": [
            {
              "x1": 27.933349609375,
              "x2": 568.5333251953125,
              "y1": 466.8333435058594,
              "y2": 526.8999938964844,
              "page": 27
            }
          ]
        },
        "75": {
          "que": 75,
          "type": "nat",
          "marks": {
            "cm": 4,
            "im": -1
          },
          "pdfData": [
            {
              "x1": 27.933349609375,
              "x2": 568.5333251953125,
              "y1": 571.9499816894531,
              "y2": 617.0000305175781,
              "page": 27
            }
          ]
        }
      }
    }
  },
  "testConfig": {
    "pdfFileHash": "89061db3181685e33a23b43e974ce41c7d2e790e79dd1f513426fa7defe53bda"
  },
  "appVersion": "1.19.0",
  "generatedBy": "answerKeyPage",
  "generatedBasedOn": "pdfCropperPage",
  "testAnswerKey": {
    "Physics": {
      "P-MCQ": {
        "1": [
          3
        ],
        "2": [
          4
        ],
        "3": [
          3
        ],
        "4": [
          4
        ],
        "5": [
          3
        ],
        "6": [
          3
        ],
        "7": [
          2,
          4
        ],
        "8": [
          2
        ],
        "9": [
          4
        ],
        "10": [
          3
        ],
        "11": [
          3
        ],
        "12": [
          3
        ],
        "13": [
          3
        ],
        "14": [
          1
        ],
        "15": [
          1
        ],
        "16": [
          3
        ],
        "17": [
          2
        ],
        "18": [
          1
        ],
        "19": [
          2
        ],
        "20": [
          3
        ]
      },
      "P-NUM": {
        "21": "2",
        "22": "6",
        "23": "20",
        "24": "3",
        "25": "2"
      }
    },
    "Chemistry": {
      "C-MCQ": {
        "26": [
          2
        ],
        "27": [
          4
        ],
        "28": [
          4
        ],
        "29": [
          2
        ],
        "30": [
          2
        ],
        "31": [
          3
        ],
        "32": [
          1
        ],
        "33": [
          3
        ],
        "34": [
          1
        ],
        "35": [
          3
        ],
        "36": [
          1
        ],
        "37": [
          3
        ],
        "38": [
          4
        ],
        "39": [
          1
        ],
        "40": [
          1
        ],
        "41": [
          1
        ],
        "42": [
          4
        ],
        "43": [
          1
        ],
        "44": [
          3
        ],
        "45": [
          3
        ]
      },
      "C-NUM": {
        "46": "6",
        "47": "10",
        "48": "35",
        "49": "4051",
        "50": "18"
      }
    },
    "Maths": {
      "M-MCQ": {
        "51": [
          3
        ],
        "52": [
          2
        ],
        "53": [
          4
        ],
        "54": [
          1
        ],
        "55": [
          2
        ],
        "56": [
          3
        ],
        "57": [
          4
        ],
        "58": [
          2
        ],
        "59": [
          3
        ],
        "60": [
          4
        ],
        "61": [
          1
        ],
        "62": [
          4
        ],
        "63": [
          3
        ],
        "64": [
          2
        ],
        "65": [
          2
        ],
        "66": [
          4
        ],
        "67": [
          3
        ],
        "68": [
          1
        ],
        "69": [
          3
        ],
        "70": [
          2
        ]
      },
      "M-NUM": {
        "71": "53",
        "72": "81",
        "73": "9",
        "74": "3",
        "75": "2"
      }
    }
  }
}