{
  "pdfCropperData": {
    "Physics": {
      "Physics": {
        "1": {
          "que": 1,
          "type": "mcq",
          "options": 4,
          "marks": {
            "cm": 3,
            "im": -1
          },
          "pdfData": [
            {
              "page": 2,
              "x1": 26,
              "y1": 73,
              "x2": 571,
              "y2": 418
            }
          ]
        },
        "2": {
          "que": 2,
          "type": "mcq",
          "options": 4,
          "marks": {
            "cm": 3,
            "im": -1
          },
          "pdfData": [
            {
              "page": 2,
              "x1": 26,
              "y1": 418,
              "x2": 571,
              "y2": 535
            }
          ]
        },
        "3": {
          "que": 3,
          "type": "mcq",
          "options": 4,
          "marks": {
            "cm": 3,
            "im": -1
          },
          "pdfData": [
            {
              "page": 2,
              "x1": 26,
              "y1": 535,
              "x2": 571,
              "y2": 742
            }
          ]
        },
        "4": {
          "que": 4,
          "type": "mcq",
          "options": 4,
          "marks": {
            "cm": 3,
            "im": -1
          },
          "pdfData": [
            {
              "page": 3,
              "x1": 26,
              "y1": 46,
              "x2": 571,
              "y2": 260
            }
          ]
        },
        "5": {
          "que": 5,
          "type": "mcq",
          "options": 4,
          "marks": {
            "cm": 3,
            "im": -1
          },
          "pdfData": [
            {
              "page": 3,
              "x1": 26,
              "y1": 260,
              "x2": 571,
              "y2": 438
            }
          ]
        },
        "6": {
          "que": 6,
          "type": "mcq",
          "options": 4,
          "marks": {
            "cm": 3,
            "im": -1
          },
          "pdfData": [
            {
              "page": 3,
              "x1": 26,
              "y1": 438,
              "x2": 571,
              "y2": 577
            }
          ]
        },
        "7": {
          "que": 7,
          "type": "mcq",
          "options": 4,
          "marks": {
            "cm": 3,
            "im": -1
          },
          "pdfData": [
            {
              "page": 3,
              "x1": 26,
              "y1": 577,
              "x2": 571,
              "y2": 745
            }
          ]
        },
        "8": {
          "que": 8,
          "type": "mcq",
          "options": 4,
          "marks": {
            "cm": 3,
            "im": -1
          },
          "pdfData": [
            {
              "page": 4,
              "x1": 26,
              "y1": 47,
              "x2": 571,
              "y2": 251
            }
          ]
        },
        "9": {
          "que": 9,
          "type": "mcq",
          "options": 4,
          "marks": {
            "cm": 3,
            "im": -1
          },
          "pdfData": [
            {
              "page": 4,
              "x1": 26,
              "y1": 251,
              "x2": 571,
              "y2": 355
            }
          ]
        },
        "10": {
          "que": 10,
          "type": "mcq",
          "options": 4,
          "marks": {
            "cm": 3,
            "im": -1
          },
          "pdfData": [
            {
              "page": 4,
              "x1": 26,
              "y1": 355,
              "x2": 571,
              "y2": 447
            }
          ]
        },
        "11": {
          "que": 11,
          "type": "mcq",
          "options": 4,
          "marks": {
            "cm": 3,
            "im": -1
          },
          "pdfData": [
            {
              "page": 4,
              "x1": 26,
              "y1": 447,
              "x2": 571,
              "y2": 510
            }
          ]
        },
        "12": {
          "que": 12,
          "type": "mcq",
          "options": 4,
          "marks": {
            "cm": 3,
            "im": -1
          },
          "pdfData": [
            {
              "page": 4,
              "x1": 26,
              "y1": 510,
              "x2": 571,
              "y2": 620
            }
          ]
        },
        "13": {
          "que": 13,
          "type": "mcq",
          "options": 4,
          "marks": {
            "cm": 3,
            "im": -1
          },
          "pdfData": [
            {
              "page": 4,
              "x1": 26,
              "y1": 620,
              "x2": 571,
              "y2": 740
            }
          ]
        },
        "14": {
          "que": 14,
          "type": "mcq",
          "options": 4,
          "marks": {
            "cm": 3,
            "im": -1
          },
          "pdfData": [
            {
              "page": 5,
              "x1": 26,
              "y1": 46,
              "x2": 571,
              "y2": 234
            }
          ]
        },
        "15": {
          "que": 15,
          "type": "mcq",
          "options": 4,
          "marks": {
            "cm": 3,
            "im": -1
          },
          "pdfData": [
            {
              "page": 5,
              "x1": 26,
              "y1": 234,
              "x2": 571,
              "y2": 367
            }
          ]
        },
        "16": {
          "que": 16,
          "type": "mcq",
          "options": 4,
          "marks": {
            "cm": 3,
            "im": -1
          },
          "pdfData": [
            {
              "page": 5,
              "x1": 26,
              "y1": 367,
              "x2": 571,
              "y2": 467
            }
          ]
        },
        "17": {
          "que": 17,
          "type": "mcq",
          "options": 4,
          "marks": {
            "cm": 3,
            "im": -1
          },
          "pdfData": [
            {
              "page": 5,
              "x1": 26,
              "y1": 467,
              "x2": 571,
              "y2": 551
            }
          ]
        },
        "18": {
          "que": 18,
          "type": "mcq",
          "options": 4,
          "marks": {
            "cm": 3,
            "im": -1
          },
          "pdfData": [
            {
              "page": 5,
              "x1": 26,
              "y1": 551,
              "x2": 571,
              "y2": 653
            }
          ]
        },
        "19": {
          "que": 19,
          "type": "mcq",
          "options": 4,
          "marks": {
            "cm": 3,
            "im": -1
          },
          "pdfData": [
            {
              "page": 5,
              "x1": 26,
              "y1": 653,
              "x2": 571,
              "y2": 743
            }
          ]
        },
        "20": {
          "que": 20,
          "type": "mcq",
          "options": 4,
          "marks": {
            "cm": 3,
            "im": -1
          },
          "pdfData": [
            {
              "page": 6,
              "x1": 26,
              "y1": 46,
              "x2": 571,
              "y2": 178
            }
          ]
        },
        "21": {
          "que": 21,
          "type": "mcq",
          "options": 4,
          "marks": {
            "cm": 3,
            "im": -1
          },
          "pdfData": [
            {
              "page": 6,
              "x1": 26,
              "y1": 178,
              "x2": 571,
              "y2": 342
            }
          ]
        },
        "22": {
          "que": 22,
          "type": "mcq",
          "options": 4,
          "marks": {
            "cm": 3,
            "im": -1
          },
          "pdfData": [
            {
              "page": 6,
              "x1": 26,
              "y1": 342,
              "x2": 571,
              "y2": 458
            }
          ]
        },
        "23": {
          "que": 23,
          "type": "mcq",
          "options": 4,
          "marks": {
            "cm": 3,
            "im": -1
          },
          "pdfData": [
            {
              "page": 6,
              "x1": 26,
              "y1": 458,
              "x2": 571,
              "y2": 549
            }
          ]
        },
        "24": {
          "que": 24,
          "type": "mcq",
          "options": 4,
          "marks": {
            "cm": 3,
            "im": -1
          },
          "pdfData": [
            {
              "page": 6,
              "x1": 26,
              "y1": 549,
              "x2": 571,
              "y2": 745
            }
          ]
        },
        "25": {
          "que": 25,
          "type": "mcq",
          "options": 4,
          "marks": {
            "cm": 3,
            "im": -1
          },
          "pdfData": [
            {
              "page": 7,
              "x1": 26,
              "y1": 49,
              "x2": 571,
              "y2": 202
            }
          ]
        },
        "26": {
          "que": 26,
          "type": "mcq",
          "options": 4,
          "marks": {
            "cm": 3,
            "im": -1
          },
          "pdfData": [
            {
              "page": 7,
              "x1": 26,
              "y1": 202,
              "x2": 571,
              "y2": 287
            }
          ]
        },
        "27": {
          "que": 27,
          "type": "mcq",
          "options": 4,
          "marks": {
            "cm": 3,
            "im": -1
          },
          "pdfData": [
            {
              "page": 7,
              "x1": 26,
              "y1": 287,
              "x2": 571,
              "y2": 559
            }
          ]
        },
        "28": {
          "que": 28,
          "type": "mcq",
          "options": 4,
          "marks": {
            "cm": 3,
            "im": -1
          },
          "pdfData": [
            {
              "page": 7,
              "x1": 26,
              "y1": 559,
              "x2": 571,
              "y2": 645
            }
          ]
        },
        "29": {
          "que": 29,
          "type": "mcq",
          "options": 4,
          "marks": {
            "cm": 3,
            "im": -1
          },
          "pdfData": [
            {
              "page": 7,
              "x1": 26,
              "y1": 645,
              "x2": 571,
              "y2": 756
            }
          ]
        },
        "30": {
          "que": 30,
          "type": "mcq",
          "options": 4,
          "marks": {
            "cm": 3,
            "im": -1
          },
          "pdfData": [
            {
              "page": 8,
              "x1": 26,
              "y1": 44,
              "x2": 571,
              "y2": 175
            }
          ]
        }
      }
    },
    "Chemistry": {
      "Chemistry": {
        "31": {
          "que": 31,
          "type": "mcq",
          "options": 4,
          "marks": {
            "cm": 3,
            "im": -1
          },
          "pdfData": [
            {
              "page": 9,
              "x1": 26,
              "y1": 161,
              "x2": 571,
              "y2": 410
            }
          ]
        },
        "32": {
          "que": 32,
          "type": "mcq",
          "options": 4,
          "marks": {
            "cm": 3,
            "im": -1
          },
          "pdfData": [
            {
              "page": 9,
              "x1": 26,
              "y1": 410,
              "x2": 571,
              "y2": 476
            }
          ]
        },
        "33": {
          "que": 33,
          "type": "mcq",
          "options": 4,
          "marks": {
            "cm": 3,
            "im": -1
          },
          "pdfData": [
            {
              "page": 9,
              "x1": 26,
              "y1": 476,
              "x2": 571,
              "y2": 541
            }
          ]
        },
        "34": {
          "que": 34,
          "type": "mcq",
          "options": 4,
          "marks": {
            "cm": 3,
            "im": -1
          },
          "pdfData": [
            {
              "page": 9,
              "x1": 26,
              "y1": 541,
              "x2": 571,
              "y2": 607
            }
          ]
        },
        "35": {
          "que": 35,
          "type": "mcq",
          "options": 4,
          "marks": {
            "cm": 3,
            "im": -1
          },
          "pdfData": [
            {
              "page": 9,
              "x1": 26,
              "y1": 607,
              "x2": 571,
              "y2": 748
            }
          ]
        },
        "36": {
          "que": 36,
          "type": "mcq",
          "options": 4,
          "marks": {
            "cm": 3,
            "im": -1
          },
          "pdfData": [
            {
              "page": 10,
              "x1": 26,
              "y1": 42,
              "x2": 571,
              "y2": 235
            }
          ]
        },
        "37": {
          "que": 37,
          "type": "mcq",
          "options": 4,
          "marks": {
            "cm": 3,
            "im": -1
          },
          "pdfData": [
            {
              "page": 10,
              "x1": 26,
              "y1": 235,
              "x2": 571,
              "y2": 395
            }
          ]
        },
        "38": {
          "que": 38,
          "type": "mcq",
          "options": 4,
          "marks": {
            "cm": 3,
            "im": -1
          },
          "pdfData": [
            {
              "page": 10,
              "x1": 26,
              "y1": 395,
              "x2": 571,
              "y2": 596
            }
          ]
        },
        "39": {
          "que": 39,
          "type": "mcq",
          "options": 4,
          "marks": {
            "cm": 3,
            "im": -1
          },
          "pdfData": [
            {
              "page": 10,
              "x1": 26,
              "y1": 596,
              "x2": 571,
              "y2": 759
            }
          ]
        },
        "40": {
          "que": 40,
          "type": "mcq",
          "options": 4,
          "marks": {
            "cm": 3,
            "im": -1
          },
          "pdfData": [
            {
              "page": 11,
              "x1": 26,
              "y1": 45,
              "x2": 571,
              "y2": 241
            }
          ]
        },
        "41": {
          "que": 41,
          "type": "mcq",
          "options": 4,
          "marks": {
            "cm": 3,
            "im": -1
          },
          "pdfData": [
            {
              "page": 11,
              "x1": 26,
              "y1": 241,
              "x2": 571,
              "y2": 325
            }
          ]
        },
        "42": {
          "que": 42,
          "type": "mcq",
          "options": 4,
          "marks": {
            "cm": 3,
            "im": -1
          },
          "pdfData": [
            {
              "page": 11,
              "x1": 26,
              "y1": 325,
              "x2": 571,
              "y2": 463
            }
          ]
        },
        "43": {
          "que": 43,
          "type": "mcq",
          "options": 4,
          "marks": {
            "cm": 3,
            "im": -1
          },
          "pdfData": [
            {
              "page": 11,
              "x1": 26,
              "y1": 463,
              "x2": 571,
              "y2": 561
            }
          ]
        },
        "44": {
          "que": 44,
          "type": "mcq",
          "options": 4,
          "marks": {
            "cm": 3,
            "im": -1
          },
          "pdfData": [
            {
              "page": 11,
              "x1": 26,
              "y1": 561,
              "x2": 571,
              "y2": 668
            }
          ]
        },
        "45": {
          "que": 45,
          "type": "mcq",
          "options": 4,
          "marks": {
            "cm": 3,
            "im": -1
          },
          "pdfData": [
            {
              "page": 11,
              "x1": 26,
              "y1": 668,
              "x2": 571,
              "y2": 742
            }
          ]
        },
        "46": {
          "que": 46,
          "type": "mcq",
          "options": 4,
          "marks": {
            "cm": 3,
            "im": -1
          },
          "pdfData": [
            {
              "page": 12,
              "x1": 26,
              "y1": 47,
              "x2": 571,
              "y2": 132
            }
          ]
        },
        "47": {
          "que": 47,
          "type": "mcq",
          "options": 4,
          "marks": {
            "cm": 3,
            "im": -1
          },
          "pdfData": [
            {
              "page": 12,
              "x1": 26,
              "y1": 132,
              "x2": 571,
              "y2": 229
            }
          ]
        },
        "48": {
          "que": 48,
          "type": "mcq",
          "options": 4,
          "marks": {
            "cm": 3,
            "im": -1
          },
          "pdfData": [
            {
              "page": 12,
              "x1": 26,
              "y1": 229,
              "x2": 571,
              "y2": 301
            }
          ]
        },
        "49": {
          "que": 49,
          "type": "mcq",
          "options": 4,
          "marks": {
            "cm": 3,
            "im": -1
          },
          "pdfData": [
            {
              "page": 12,
              "x1": 26,
              "y1": 301,
              "x2": 571,
              "y2": 404
            }
          ]
        },
        "50": {
          "que": 50,
          "type": "mcq",
          "options": 4,
          "marks": {
            "cm": 3,
            "im": -1
          },
          "pdfData": [
            {
              "page": 12,
              "x1": 26,
              "y1": 404,
              "x2": 571,
              "y2": 496
            }
          ]
        },
        "51": {
          "que": 51,
          "type": "mcq",
          "options": 4,
          "marks": {
            "cm": 3,
            "im": -1
          },
          "pdfData": [
            {
              "page": 12,
              "x1": 26,
              "y1": 496,
              "x2": 571,
              "y2": 562
            }
          ]
        },
        "52": {
          "que": 52,
          "type": "mcq",
          "options": 4,
          "marks": {
            "cm": 3,
            "im": -1
          },
          "pdfData": [
            {
              "page": 12,
              "x1": 26,
              "y1": 562,
              "x2": 571,
              "y2": 676
            }
          ]
        },
        "53": {
          "que": 53,
          "type": "mcq",
          "options": 4,
          "marks": {
            "cm": 3,
            "im": -1
          },
          "pdfData": [
            {
              "page": 12,
              "x1": 26,
              "y1": 676,
              "x2": 571,
              "y2": 743
            }
          ]
        },
        "54": {
          "que": 54,
          "type": "mcq",
          "options": 4,
          "marks": {
            "cm": 3,
            "im": -1
          },
          "pdfData": [
            {
              "page": 13,
              "x1": 26,
              "y1": 45,
              "x2": 571,
              "y2": 113
            }
          ]
        },
        "55": {
          "que": 55,
          "type": "mcq",
          "options": 4,
          "marks": {
            "cm": 3,
            "im": -1
          },
          "pdfData": [
            {
              "page": 13,
              "x1": 26,
              "y1": 113,
              "x2": 571,
              "y2": 217
            }
          ]
        },
        "56": {
          "que": 56,
          "type": "mcq",
          "options": 4,
          "marks": {
            "cm": 3,
            "im": -1
          },
          "pdfData": [
            {
              "page": 13,
              "x1": 26,
              "y1": 217,
              "x2": 571,
              "y2": 305
            }
          ]
        },
        "57": {
          "que": 57,
          "type": "mcq",
          "options": 4,
          "marks": {
            "cm": 3,
            "im": -1
          },
          "pdfData": [
            {
              "page": 13,
              "x1": 26,
              "y1": 305,
              "x2": 571,
              "y2": 373
            }
          ]
        },
        "58": {
          "que": 58,
          "type": "mcq",
          "options": 4,
          "marks": {
            "cm": 3,
            "im": -1
          },
          "pdfData": [
            {
              "page": 13,
              "x1": 26,
              "y1": 373,
              "x2": 571,
              "y2": 445
            }
          ]
        },
        "59": {
          "que": 59,
          "type": "mcq",
          "options": 4,
          "marks": {
            "cm": 3,
            "im": -1
          },
          "pdfData": [
            {
              "page": 13,
              "x1": 26,
              "y1": 445,
              "x2": 571,
              "y2": 508
            }
          ]
        },
        "60": {
          "que": 60,
          "type": "mcq",
          "options": 4,
          "marks": {
            "cm": 3,
            "im": -1
          },
          "pdfData": [
            {
              "page": 13,
              "x1": 26,
              "y1": 508,
              "x2": 571,
              "y2": 622
            }
          ]
        }
      }
    },
    "English": {
      "English": {
        "61": {
          "que": 61,
          "type": "mcq",
          "options": 4,
          "marks": {
            "cm": 3,
            "im": -1
          },
          "pdfData": [
            {
              "page": 14,
              "x1": 26,
              "y1": 177,
              "x2": 571,
              "y2": 603
            }
          ]
        },
        "62": {
          "que": 62,
          "type": "mcq",
          "options": 4,
          "marks": {
            "cm": 3,
            "im": -1
          },
          "pdfData": [
            {
              "page": 14,
              "x1": 26,
              "y1": 177,
              "x2": 571,
              "y2": 479
            },
            {
              "page": 14,
              "x1": 26,
              "y1": 606,
              "x2": 571,
              "y2": 672
            }
          ]
        },
        "63": {
          "que": 63,
          "type": "mcq",
          "options": 4,
          "marks": {
            "cm": 3,
            "im": -1
          },
          "pdfData": [
            {
              "page": 14,
              "x1": 26,
              "y1": 177,
              "x2": 571,
              "y2": 479
            },
            {
              "page": 14,
              "x1": 26,
              "y1": 672,
              "x2": 571,
              "y2": 742
            }
          ]
        },
        "64": {
          "que": 64,
          "type": "mcq",
          "options": 4,
          "marks": {
            "cm": 3,
            "im": -1
          },
          "pdfData": [
            {
              "page": 15,
              "x1": 26,
              "y1": 46,
              "x2": 571,
              "y2": 178
            }
          ]
        },
        "65": {
          "que": 65,
          "type": "mcq",
          "options": 4,
          "marks": {
            "cm": 3,
            "im": -1
          },
          "pdfData": [
            {
              "page": 15,
              "x1": 26,
              "y1": 178,
              "x2": 571,
              "y2": 263
            }
          ]
        },
        "66": {
          "que": 66,
          "type": "mcq",
          "options": 4,
          "marks": {
            "cm": 3,
            "im": -1
          },
          "pdfData": [
            {
              "page": 15,
              "x1": 26,
              "y1": 263,
              "x2": 571,
              "y2": 353
            }
          ]
        },
        "67": {
          "que": 67,
          "type": "mcq",
          "options": 4,
          "marks": {
            "cm": 3,
            "im": -1
          },
          "pdfData": [
            {
              "page": 15,
              "x1": 26,
              "y1": 353,
              "x2": 571,
              "y2": 436
            }
          ]
        },
        "68": {
          "que": 68,
          "type": "mcq",
          "options": 4,
          "marks": {
            "cm": 3,
            "im": -1
          },
          "pdfData": [
            {
              "page": 15,
              "x1": 26,
              "y1": 436,
              "x2": 571,
              "y2": 521
            }
          ]
        },
        "69": {
          "que": 69,
          "type": "mcq",
          "options": 4,
          "marks": {
            "cm": 3,
            "im": -1
          },
          "pdfData": [
            {
              "page": 15,
              "x1": 26,
              "y1": 521,
              "x2": 571,
              "y2": 605
            }
          ]
        },
        "70": {
          "que": 70,
          "type": "mcq",
          "options": 4,
          "marks": {
            "cm": 3,
            "im": -1
          },
          "pdfData": [
            {
              "page": 15,
              "x1": 26,
              "y1": 605,
              "x2": 571,
              "y2": 740
            }
          ]
        }
      }
    },
    "Logical Reasoning": {
      "Logical Reasoning": {
        "71": {
          "que": 71,
          "type": "mcq",
          "options": 4,
          "marks": {
            "cm": 3,
            "im": -1
          },
          "pdfData": [
            {
              "page": 16,
              "x1": 26,
              "y1": 46,
              "x2": 571,
              "y2": 128
            }
          ]
        },
        "72": {
          "que": 72,
          "type": "mcq",
          "options": 4,
          "marks": {
            "cm": 3,
            "im": -1
          },
          "pdfData": [
            {
              "page": 16,
              "x1": 26,
              "y1": 128,
              "x2": 571,
              "y2": 209
            }
          ]
        },
        "73": {
          "que": 73,
          "type": "mcq",
          "options": 4,
          "marks": {
            "cm": 3,
            "im": -1
          },
          "pdfData": [
            {
              "page": 16,
              "x1": 26,
              "y1": 209,
              "x2": 571,
              "y2": 423
            }
          ]
        },
        "74": {
          "que": 74,
          "type": "mcq",
          "options": 4,
          "marks": {
            "cm": 3,
            "im": -1
          },
          "pdfData": [
            {
              "page": 16,
              "x1": 26,
              "y1": 423,
              "x2": 571,
              "y2": 588
            }
          ]
        },
        "75": {
          "que": 75,
          "type": "mcq",
          "options": 4,
          "marks": {
            "cm": 3,
            "im": -1
          },
          "pdfData": [
            {
              "page": 16,
              "x1": 26,
              "y1": 588,
              "x2": 571,
              "y2": 759
            }
          ]
        },
        "76": {
          "que": 76,
          "type": "mcq",
          "options": 4,
          "marks": {
            "cm": 3,
            "im": -1
          },
          "pdfData": [
            {
              "page": 17,
              "x1": 26,
              "y1": 46,
              "x2": 571,
              "y2": 112
            }
          ]
        },
        "77": {
          "que": 77,
          "type": "mcq",
          "options": 4,
          "marks": {
            "cm": 3,
            "im": -1
          },
          "pdfData": [
            {
              "page": 17,
              "x1": 26,
              "y1": 112,
              "x2": 571,
              "y2": 184
            }
          ]
        },
        "78": {
          "que": 78,
          "type": "mcq",
          "options": 4,
          "marks": {
            "cm": 3,
            "im": -1
          },
          "pdfData": [
            {
              "page": 17,
              "x1": 26,
              "y1": 184,
              "x2": 571,
              "y2": 278
            }
          ]
        },
        "79": {
          "que": 79,
          "type": "mcq",
          "options": 4,
          "marks": {
            "cm": 3,
            "im": -1
          },
          "pdfData": [
            {
              "page": 17,
              "x1": 26,
              "y1": 278,
              "x2": 571,
              "y2": 420
            }
          ]
        },
        "80": {
          "que": 80,
          "type": "mcq",
          "options": 4,
          "marks": {
            "cm": 3,
            "im": -1
          },
          "pdfData": [
            {
              "page": 17,
              "x1": 26,
              "y1": 420,
              "x2": 571,
              "y2": 591
            }
          ]
        },
        "81": {
          "que": 81,
          "type": "mcq",
          "options": 4,
          "marks": {
            "cm": 3,
            "im": -1
          },
          "pdfData": [
            {
              "page": 17,
              "x1": 26,
              "y1": 591,
              "x2": 571,
              "y2": 749
            }
          ]
        },
        "82": {
          "que": 82,
          "type": "mcq",
          "options": 4,
          "marks": {
            "cm": 3,
            "im": -1
          },
          "pdfData": [
            {
              "page": 18,
              "x1": 26,
              "y1": 47,
              "x2": 571,
              "y2": 172
            }
          ]
        },
        "83": {
          "que": 83,
          "type": "mcq",
          "options": 4,
          "marks": {
            "cm": 3,
            "im": -1
          },
          "pdfData": [
            {
              "page": 18,
              "x1": 26,
              "y1": 172,
              "x2": 571,
              "y2": 255
            }
          ]
        },
        "84": {
          "que": 84,
          "type": "mcq",
          "options": 4,
          "marks": {
            "cm": 3,
            "im": -1
          },
          "pdfData": [
            {
              "page": 18,
              "x1": 26,
              "y1": 255,
              "x2": 571,
              "y2": 458
            }
          ]
        },
        "85": {
          "que": 85,
          "type": "mcq",
          "options": 4,
          "marks": {
            "cm": 3,
            "im": -1
          },
          "pdfData": [
            {
              "page": 18,
              "x1": 26,
              "y1": 458,
              "x2": 571,
              "y2": 740
            }
          ]
        },
        "86": {
          "que": 86,
          "type": "mcq",
          "options": 4,
          "marks": {
            "cm": 3,
            "im": -1
          },
          "pdfData": [
            {
              "page": 19,
              "x1": 26,
              "y1": 46,
              "x2": 571,
              "y2": 304
            }
          ]
        },
        "87": {
          "que": 87,
          "type": "mcq",
          "options": 4,
          "marks": {
            "cm": 3,
            "im": -1
          },
          "pdfData": [
            {
              "page": 19,
              "x1": 26,
              "y1": 304,
              "x2": 571,
              "y2": 505
            }
          ]
        },
        "88": {
          "que": 88,
          "type": "mcq",
          "options": 4,
          "marks": {
            "cm": 3,
            "im": -1
          },
          "pdfData": [
            {
              "page": 19,
              "x1": 26,
              "y1": 505,
              "x2": 571,
              "y2": 753
            }
          ]
        },
        "89": {
          "que": 89,
          "type": "mcq",
          "options": 4,
          "marks": {
            "cm": 3,
            "im": -1
          },
          "pdfData": [
            {
              "page": 20,
              "x1": 26,
              "y1": 47,
              "x2": 571,
              "y2": 428
            }
          ]
        },
        "90": {
          "que": 90,
          "type": "mcq",
          "options": 4,
          "marks": {
            "cm": 3,
            "im": -1
          },
          "pdfData": [
            {
              "page": 20,
              "x1": 26,
              "y1": 428,
              "x2": 571,
              "y2": 752
            }
          ]
        }
      }
    },
    "Maths": {
      "Maths": {
        "91": {
          "que": 91,
          "type": "mcq",
          "options": 4,
          "marks": {
            "cm": 3,
            "im": -1
          },
          "pdfData": [
            {
              "page": 21,
              "x1": 26,
              "y1": 164,
              "x2": 571,
              "y2": 274
            }
          ]
        },
        "92": {
          "que": 92,
          "type": "mcq",
          "options": 4,
          "marks": {
            "cm": 3,
            "im": -1
          },
          "pdfData": [
            {
              "page": 21,
              "x1": 26,
              "y1": 274,
              "x2": 571,
              "y2": 357
            }
          ]
        },
        "93": {
          "que": 93,
          "type": "mcq",
          "options": 4,
          "marks": {
            "cm": 3,
            "im": -1
          },
          "pdfData": [
            {
              "page": 21,
              "x1": 26,
              "y1": 357,
              "x2": 571,
              "y2": 471
            }
          ]
        },
        "94": {
          "que": 94,
          "type": "mcq",
          "options": 4,
          "marks": {
            "cm": 3,
            "im": -1
          },
          "pdfData": [
            {
              "page": 21,
              "x1": 26,
              "y1": 471,
              "x2": 571,
              "y2": 563
            }
          ]
        },
        "95": {
          "que": 95,
          "type": "mcq",
          "options": 4,
          "marks": {
            "cm": 3,
            "im": -1
          },
          "pdfData": [
            {
              "page": 21,
              "x1": 26,
              "y1": 563,
              "x2": 571,
              "y2": 632
            }
          ]
        },
        "96": {
          "que": 96,
          "type": "mcq",
          "options": 4,
          "marks": {
            "cm": 3,
            "im": -1
          },
          "pdfData": [
            {
              "page": 21,
              "x1": 26,
              "y1": 632,
              "x2": 571,
              "y2": 737
            }
          ]
        },
        "97": {
          "que": 97,
          "type": "mcq",
          "options": 4,
          "marks": {
            "cm": 3,
            "im": -1
          },
          "pdfData": [
            {
              "page": 22,
              "x1": 26,
              "y1": 47,
              "x2": 571,
              "y2": 136
            }
          ]
        },
        "98": {
          "que": 98,
          "type": "mcq",
          "options": 4,
          "marks": {
            "cm": 3,
            "im": -1
          },
          "pdfData": [
            {
              "page": 22,
              "x1": 26,
              "y1": 136,
              "x2": 571,
              "y2": 233
            }
          ]
        },
        "99": {
          "que": 99,
          "type": "mcq",
          "options": 4,
          "marks": {
            "cm": 3,
            "im": -1
          },
          "pdfData": [
            {
              "page": 22,
              "x1": 26,
              "y1": 233,
              "x2": 571,
              "y2": 294
            }
          ]
        },
        "100": {
          "que": 100,
          "type": "mcq",
          "options": 4,
          "marks": {
            "cm": 3,
            "im": -1
          },
          "pdfData": [
            {
              "page": 22,
              "x1": 26,
              "y1": 294,
              "x2": 571,
              "y2": 653
            }
          ]
        },
        "101": {
          "que": 101,
          "type": "mcq",
          "options": 4,
          "marks": {
            "cm": 3,
            "im": -1
          },
          "pdfData": [
            {
              "page": 22,
              "x1": 26,
              "y1": 653,
              "x2": 571,
              "y2": 740
            }
          ]
        },
        "102": {
          "que": 102,
          "type": "mcq",
          "options": 4,
          "marks": {
            "cm": 3,
            "im": -1
          },
          "pdfData": [
            {
              "page": 23,
              "x1": 26,
              "y1": 47,
              "x2": 571,
              "y2": 285
            }
          ]
        },
        "103": {
          "que": 103,
          "type": "mcq",
          "options": 4,
          "marks": {
            "cm": 3,
            "im": -1
          },
          "pdfData": [
            {
              "page": 23,
              "x1": 26,
              "y1": 285,
              "x2": 571,
              "y2": 386
            }
          ]
        },
        "104": {
          "que": 104,
          "type": "mcq",
          "options": 4,
          "marks": {
            "cm": 3,
            "im": -1
          },
          "pdfData": [
            {
              "page": 23,
              "x1": 26,
              "y1": 386,
              "x2": 571,
              "y2": 516
            }
          ]
        },
        "105": {
          "que": 105,
          "type": "mcq",
          "options": 4,
          "marks": {
            "cm": 3,
            "im": -1
          },
          "pdfData": [
            {
              "page": 23,
              "x1": 26,
              "y1": 516,
              "x2": 571,
              "y2": 612
            }
          ]
        },
        "106": {
          "que": 106,
          "type": "mcq",
          "options": 4,
          "marks": {
            "cm": 3,
            "im": -1
          },
          "pdfData": [
            {
              "page": 23,
              "x1": 26,
              "y1": 612,
              "x2": 571,
              "y2": 744
            }
          ]
        },
        "107": {
          "que": 107,
          "type": "mcq",
          "options": 4,
          "marks": {
            "cm": 3,
            "im": -1
          },
          "pdfData": [
            {
              "page": 24,
              "x1": 26,
              "y1": 48,
              "x2": 571,
              "y2": 168
            }
          ]
        },
        "108": {
          "que": 108,
          "type": "mcq",
          "options": 4,
          "marks": {
            "cm": 3,
            "im": -1
          },
          "pdfData": [
            {
              "page": 24,
              "x1": 26,
              "y1": 168,
              "x2": 571,
              "y2": 286
            }
          ]
        },
        "109": {
          "que": 109,
          "type": "mcq",
          "options": 4,
          "marks": {
            "cm": 3,
            "im": -1
          },
          "pdfData": [
            {
              "page": 24,
              "x1": 26,
              "y1": 286,
              "x2": 571,
              "y2": 397
            }
          ]
        },
        "110": {
          "que": 110,
          "type": "mcq",
          "options": 4,
          "marks": {
            "cm": 3,
            "im": -1
          },
          "pdfData": [
            {
              "page": 24,
              "x1": 26,
              "y1": 397,
              "x2": 571,
              "y2": 497
            }
          ]
        },
        "111": {
          "que": 111,
          "type": "mcq",
          "options": 4,
          "marks": {
            "cm": 3,
            "im": -1
          },
          "pdfData": [
            {
              "page": 24,
              "x1": 26,
              "y1": 497,
              "x2": 571,
              "y2": 585
            }
          ]
        },
        "112": {
          "que": 112,
          "type": "mcq",
          "options": 4,
          "marks": {
            "cm": 3,
            "im": -1
          },
          "pdfData": [
            {
              "page": 24,
              "x1": 26,
              "y1": 585,
              "x2": 571,
              "y2": 679
            }
          ]
        },
        "113": {
          "que": 113,
          "type": "mcq",
          "options": 4,
          "marks": {
            "cm": 3,
            "im": -1
          },
          "pdfData": [
            {
              "page": 24,
              "x1": 26,
              "y1": 679,
              "x2": 571,
              "y2": 754
            }
          ]
        },
        "114": {
          "que": 114,
          "type": "mcq",
          "options": 4,
          "marks": {
            "cm": 3,
            "im": -1
          },
          "pdfData": [
            {
              "page": 25,
              "x1": 26,
              "y1": 46,
              "x2": 571,
              "y2": 118
            }
          ]
        },
        "115": {
          "que": 115,
          "type": "mcq",
          "options": 4,
          "marks": {
            "cm": 3,
            "im": -1
          },
          "pdfData": [
            {
              "page": 25,
              "x1": 26,
              "y1": 118,
              "x2": 571,
              "y2": 273
            }
          ]
        },
        "116": {
          "que": 116,
          "type": "mcq",
          "options": 4,
          "marks": {
            "cm": 3,
            "im": -1
          },
          "pdfData": [
            {
              "page": 25,
              "x1": 26,
              "y1": 273,
              "x2": 571,
              "y2": 404
            }
          ]
        },
        "117": {
          "que": 117,
          "type": "mcq",
          "options": 4,
          "marks": {
            "cm": 3,
            "im": -1
          },
          "pdfData": [
            {
              "page": 25,
              "x1": 26,
              "y1": 404,
              "x2": 571,
              "y2": 491
            }
          ]
        },
        "118": {
          "que": 118,
          "type": "mcq",
          "options": 4,
          "marks": {
            "cm": 3,
            "im": -1
          },
          "pdfData": [
            {
              "page": 25,
              "x1": 26,
              "y1": 491,
              "x2": 571,
              "y2": 575
            }
          ]
        },
        "119": {
          "que": 119,
          "type": "mcq",
          "options": 4,
          "marks": {
            "cm": 3,
            "im": -1
          },
          "pdfData": [
            {
              "page": 25,
              "x1": 26,
              "y1": 575,
              "x2": 571,
              "y2": 661
            }
          ]
        },
        "120": {
          "que": 120,
          "type": "mcq",
          "options": 4,
          "marks": {
            "cm": 3,
            "im": -1
          },
          "pdfData": [
            {
              "page": 25,
              "x1": 26,
              "y1": 661,
              "x2": 571,
              "y2": 743
            }
          ]
        },
        "121": {
          "que": 121,
          "type": "mcq",
          "options": 4,
          "marks": {
            "cm": 3,
            "im": -1
          },
          "pdfData": [
            {
              "page": 26,
              "x1": 26,
              "y1": 48,
              "x2": 571,
              "y2": 132
            }
          ]
        },
        "122": {
          "que": 122,
          "type": "mcq",
          "options": 4,
          "marks": {
            "cm": 3,
            "im": -1
          },
          "pdfData": [
            {
              "page": 26,
              "x1": 26,
              "y1": 132,
              "x2": 571,
              "y2": 252
            }
          ]
        },
        "123": {
          "que": 123,
          "type": "mcq",
          "options": 4,
          "marks": {
            "cm": 3,
            "im": -1
          },
          "pdfData": [
            {
              "page": 26,
              "x1": 26,
              "y1": 252,
              "x2": 571,
              "y2": 345
            }
          ]
        },
        "124": {
          "que": 124,
          "type": "mcq",
          "options": 4,
          "marks": {
            "cm": 3,
            "im": -1
          },
          "pdfData": [
            {
              "page": 26,
              "x1": 26,
              "y1": 345,
              "x2": 571,
              "y2": 434
            }
          ]
        },
        "125": {
          "que": 125,
          "type": "mcq",
          "options": 4,
          "marks": {
            "cm": 3,
            "im": -1
          },
          "pdfData": [
            {
              "page": 26,
              "x1": 26,
              "y1": 434,
              "x2": 571,
              "y2": 532
            }
          ]
        },
        "126": {
          "que": 126,
          "type": "mcq",
          "options": 4,
          "marks": {
            "cm": 3,
            "im": -1
          },
          "pdfData": [
            {
              "page": 26,
              "x1": 26,
              "y1": 532,
              "x2": 571,
              "y2": 625
            }
          ]
        },
        "127": {
          "que": 127,
          "type": "mcq",
          "options": 4,
          "marks": {
            "cm": 3,
            "im": -1
          },
          "pdfData": [
            {
              "page": 26,
              "x1": 26,
              "y1": 625,
              "x2": 571,
              "y2": 731
            }
          ]
        },
        "128": {
          "que": 128,
          "type": "mcq",
          "options": 4,
          "marks": {
            "cm": 3,
            "im": -1
          },
          "pdfData": [
            {
              "page": 27,
              "x1": 26,
              "y1": 48,
              "x2": 571,
              "y2": 166
            }
          ]
        },
        "129": {
          "que": 129,
          "type": "mcq",
          "options": 4,
          "marks": {
            "cm": 3,
            "im": -1
          },
          "pdfData": [
            {
              "page": 27,
              "x1": 26,
              "y1": 166,
              "x2": 571,
              "y2": 283
            }
          ]
        },
        "130": {
          "que": 130,
          "type": "mcq",
          "options": 4,
          "marks": {
            "cm": 3,
            "im": -1
          },
          "pdfData": [
            {
              "page": 27,
              "x1": 26,
              "y1": 283,
              "x2": 571,
              "y2": 399
            }
          ]
        }
      }
    }
  },
  "pdfFileHash": "5df35eae9083dc65a3a17dd26498efd5dc66d083467bef19237974c5d35ff391",
  "testAnswerKey": {
    "Physics": {
      "Physics": {
        "1": 3,
        "2": 3,
        "3": 4,
        "4": 4,
        "5": 3,
        "6": 2,
        "7": 2,
        "8": 2,
        "9": 2,
        "10": 2,
        "11": 1,
        "12": 3,
        "13": 3,
        "14": 1,
        "15": 3,
        "16": 1,
        "17": 2,
        "18": 3,
        "19": 3,
        "20": 4,
        "21": 3,
        "22": 3,
        "23": 3,
        "24": 2,
        "25": 2,
        "26": 3,
        "27": 1,
        "28": 4,
        "29": 1,
        "30": 2
      }
    },
    "Chemistry": {
      "Chemistry": {
        "31": 1,
        "32": 2,
        "33": 2,
        "34": 2,
        "35": 3,
        "36": 3,
        "37": 2,
        "38": 3,
        "39": 3,
        "40": 2,
        "41": 3,
        "42": 2,
        "43": 4,
        "44": 2,
        "45": 2,
        "46": 2,
        "47": 2,
        "48": 2,
        "49": 3,
        "50": 4,
        "51": 3,
        "52": 4,
        "53": 2,
        "54": 4,
        "55": 1,
        "56": 4,
        "57": 4,
        "58": 3,
        "59": 2,
        "60": 4
      }
    },
    "English": {
      "English": {
        "61": 4,
        "62": 4,
        "63": 3,
        "64": 1,
        "65": 1,
        "66": 3,
        "67": 2,
        "68": 4,
        "69": 4,
        "70": 1
      }
    },
    "Logical Reasoning": {
      "Logical Reasoning": {
        "71": 2,
        "72": 3,
        "73": 2,
        "74": 2,
        "75": 4,
        "76": 2,
        "77": 4,
        "78": 1,
        "79": 1,
        "80": 3,
        "81": 4,
        "82": 1,
        "83": 1,
        "84": 3,
        "85": 3,
        "86": 4,
        "87": 2,
        "88": 2,
        "89": 2,
        "90": 1
      }
    },
    "Maths": {
      "Maths": {
        "91": 1,
        "92": 1,
        "93": 1,
        "94": 3,
        "95": 1,
        "96": 2,
        "97": 2,
        "98": 1,
        "99": 1,
        "100": 2,
        "101": 2,
        "102": 2,
        "103": 1,
        "104": 3,
        "105": 4,
        "106": 1,
        "107": 1,
        "108": 1,
        "109": 3,
        "110": 1,
        "111": 4,
        "112": 3,
        "113": 3,
        "114": 4,
        "115": 3,
        "116": 1,
        "117": 1,
        "118": 1,
        "119": 1,
        "120": 2,
        "121": 3,
        "122": 1,
        "123": 4,
        "124": 4,
        "125": 1,
        "126": 3,
        "127": 1,
        "128": 3,
        "129": 1,
        "130": 2
      }
    }
  }
}