{
  "pdfCropperData": {
    "Mathematics": {
      "M-MCQ": {
        "1": {
          "que": 1,
          "type": "mcq",
          "pdfData": [
            {
              "x1": 80,
              "x2": 534,
              "y1": 218,
              "y2": 347,
              "page": 1
            }
          ],
          "options": 4,
          "marks": {
            "cm": 3,
            "im": -1
          }
        },
        "2": {
          "que": 2,
          "type": "mcq",
          "pdfData": [
            {
              "x1": 80,
              "x2": 534,
              "y1": 365,
              "y2": 479,
              "page": 1
            }
          ],
          "options": 4,
          "marks": {
            "cm": 3,
            "im": -1
          }
        },
        "3": {
          "que": 3,
          "type": "mcq",
          "pdfData": [
            {
              "x1": 80,
              "x2": 534,
              "y1": 518,
              "y2": 613,
              "page": 1
            }
          ],
          "options": 4,
          "marks": {
            "cm": 3,
            "im": -1
          }
        },
        "4": {
          "que": 4,
          "type": "mcq",
          "pdfData": [
            {
              "x1": 80,
              "x2": 534,
              "y1": 60,
              "y2": 236,
              "page": 2
            }
          ],
          "options": 4,
          "marks": {
            "cm": 3,
            "im": -1
          }
        }
      },
      "M-MSQ": {
        "5": {
          "que": 5,
          "type": "msq",
          "pdfData": [
            {
              "x1": 80,
              "x2": 534,
              "y1": 446,
              "y2": 643,
              "page": 3
            }
          ],
          "options": 4,
          "marks": {
            "cm": 4,
            "pm": 1,
            "im": -2
          }
        },
        "6": {
          "que": 6,
          "type": "msq",
          "pdfData": [
            {
              "x1": 80,
              "x2": 534,
              "y1": 59,
              "y2": 258,
              "page": 4
            }
          ],
          "options": 4,
          "marks": {
            "cm": 4,
            "pm": 1,
            "im": -2
          }
        },
        "7": {
          "que": 7,
          "type": "msq",
          "pdfData": [
            {
              "x1": 80,
              "x2": 534,
              "y1": 296,
              "y2": 453,
              "page": 4
            }
          ],
          "options": 4,
          "marks": {
            "cm": 4,
            "pm": 1,
            "im": -2
          }
        }
      },
      "M-INTNUM": {
        "8": {
          "que": 8,
          "type": "nat",
          "pdfData": [
            {
              "x1": 80,
              "x2": 534,
              "y1": 262,
              "y2": 329,
              "page": 5
            }
          ],
          "marks": {
            "cm": 4,
            "im": 0
          }
        },
        "9": {
          "que": 9,
          "type": "nat",
          "pdfData": [
            {
              "x1": 80,
              "x2": 534,
              "y1": 353,
              "y2": 419,
              "page": 5
            }
          ],
          "marks": {
            "cm": 4,
            "im": 0
          }
        },
        "10": {
          "que": 10,
          "type": "nat",
          "pdfData": [
            {
              "x1": 80,
              "x2": 534,
              "y1": 444,
              "y2": 506,
              "page": 5
            }
          ],
          "marks": {
            "cm": 4,
            "im": 0
          }
        },
        "11": {
          "que": 11,
          "type": "nat",
          "pdfData": [
            {
              "x1": 80,
              "x2": 534,
              "y1": 532,
              "y2": 588,
              "page": 5
            }
          ],
          "marks": {
            "cm": 4,
            "im": 0
          }
        },
        "12": {
          "que": 12,
          "type": "nat",
          "pdfData": [
            {
              "x1": 80,
              "x2": 534,
              "y1": 623,
              "y2": 699,
              "page": 5
            }
          ],
          "marks": {
            "cm": 4,
            "im": 0
          }
        },
        "13": {
          "que": 13,
          "type": "nat",
          "pdfData": [
            {
              "x1": 80,
              "x2": 534,
              "y1": 62,
              "y2": 151,
              "page": 6
            }
          ],
          "marks": {
            "cm": 4,
            "im": 0
          }
        }
      },
      "M-DECPARA": {
        "14": {
          "que": 14,
          "type": "nat",
          "pdfData": [
            {
              "x1": 73,
              "x2": 530,
              "y1": 288,
              "y2": 444,
              "page": 7
            }
          ],
          "marks": {
            "cm": 3,
            "im": 0
          }
        },
        "15": {
          "que": 15,
          "type": "nat",
          "pdfData": [
            {
              "x1": 73,
              "x2": 530,
              "y1": 488,
              "y2": 635,
              "page": 7
            }
          ],
          "marks": {
            "cm": 3,
            "im": 0
          }
        },
        "16": {
          "que": 16,
          "type": "nat",
          "pdfData": [
            {
              "x1": 73,
              "x2": 530,
              "y1": 58,
              "y2": 339,
              "page": 8
            }
          ],
          "marks": {
            "cm": 3,
            "im": 0
          }
        },
        "17": {
          "que": 17,
          "type": "nat",
          "pdfData": [
            {
              "x1": 73,
              "x2": 530,
              "y1": 361,
              "y2": 626,
              "page": 8
            }
          ],
          "marks": {
            "cm": 3,
            "im": 0
          }
        }
      }
    },
    "Physics": {
      "P-MCQ": {
        "18": {
          "que": 18,
          "type": "mcq",
          "pdfData": [
            {
              "x1": 55,
              "x2": 539,
              "y1": 234,
              "y2": 537,
              "page": 10
            }
          ],
          "options": 4,
          "marks": {
            "cm": 3,
            "im": -1
          }
        },
        "19": {
          "que": 19,
          "type": "mcq",
          "pdfData": [
            {
              "x1": 55,
              "x2": 539,
              "y1": 552,
              "y2": 650,
              "page": 10
            }
          ],
          "options": 4,
          "marks": {
            "cm": 3,
            "im": -1
          }
        },
        "20": {
          "que": 20,
          "type": "mcq",
          "pdfData": [
            {
              "x1": 55,
              "x2": 539,
              "y1": 668,
              "y2": 756,
              "page": 10
            }
          ],
          "options": 4,
          "marks": {
            "cm": 3,
            "im": -1
          }
        },
        "21": {
          "que": 21,
          "type": "mcq",
          "pdfData": [
            {
              "x1": 55,
              "x2": 539,
              "y1": 53,
              "y2": 156,
              "page": 11
            }
          ],
          "options": 4,
          "marks": {
            "cm": 3,
            "im": -1
          }
        }
      },
      "P-MSQ": {
        "22": {
          "que": 22,
          "type": "msq",
          "pdfData": [
            {
              "x1": 55,
              "x2": 539,
              "y1": 52,
              "y2": 336,
              "page": 13
            }
          ],
          "options": 4,
          "marks": {
            "cm": 4,
            "pm": 1,
            "im": -2
          }
        },
        "23": {
          "que": 23,
          "type": "msq",
          "pdfData": [
            {
              "x1": 55,
              "x2": 539,
              "y1": 360,
              "y2": 619,
              "page": 13
            }
          ],
          "options": 4,
          "marks": {
            "cm": 4,
            "pm": 1,
            "im": -2
          }
        },
        "24": {
          "que": 24,
          "type": "msq",
          "pdfData": [
            {
              "x1": 55,
              "x2": 539,
              "y1": 53,
              "y2": 236,
              "page": 14
            }
          ],
          "options": 4,
          "marks": {
            "cm": 4,
            "pm": 1,
            "im": -2
          }
        }
      },
      "P-INTNUM": {
        "25": {
          "que": 25,
          "type": "nat",
          "pdfData": [
            {
              "x1": 55,
              "x2": 539,
              "y1": 244,
              "y2": 465,
              "page": 15
            }
          ],
          "marks": {
            "cm": 4,
            "im": 0
          }
        },
        "26": {
          "que": 26,
          "type": "nat",
          "pdfData": [
            {
              "x1": 55,
              "x2": 539,
              "y1": 492,
              "y2": 749,
              "page": 15
            }
          ],
          "marks": {
            "cm": 4,
            "im": 0
          }
        },
        "27": {
          "que": 27,
          "type": "nat",
          "pdfData": [
            {
              "x1": 55,
              "x2": 539,
              "y1": 63,
              "y2": 115,
              "page": 16
            }
          ],
          "marks": {
            "cm": 4,
            "im": 0
          }
        },
        "28": {
          "que": 28,
          "type": "nat",
          "pdfData": [
            {
              "x1": 55,
              "x2": 540,
              "y1": 136,
              "y2": 420,
              "page": 16
            }
          ],
          "marks": {
            "cm": 4,
            "im": 0
          }
        },
        "29": {
          "que": 29,
          "type": "nat",
          "pdfData": [
            {
              "x1": 55,
              "x2": 540,
              "y1": 456,
              "y2": 521,
              "page": 16
            }
          ],
          "marks": {
            "cm": 4,
            "im": 0
          }
        },
        "30": {
          "que": 30,
          "type": "nat",
          "pdfData": [
            {
              "x1": 55,
              "x2": 540,
              "y1": 52,
              "y2": 265,
              "page": 17
            }
          ],
          "marks": {
            "cm": 4,
            "im": 0
          }
        }
      },
      "P-DECPARA": {
        "31": {
          "que": 31,
          "type": "nat",
          "pdfData": [
            {
              "x1": 50,
              "x2": 523,
              "y1": 293,
              "y2": 597,
              "page": 18
            }
          ],
          "marks": {
            "cm": 3,
            "im": 0
          }
        },
        "32": {
          "que": 32,
          "type": "nat",
          "pdfData": [
            {
              "x1": 50,
              "x2": 523,
              "y1": 76,
              "y2": 380,
              "page": 19
            }
          ],
          "marks": {
            "cm": 3,
            "im": 0
          }
        },
        "33": {
          "que": 33,
          "type": "nat",
          "pdfData": [
            {
              "x1": 50,
              "x2": 523,
              "y1": 77,
              "y2": 493,
              "page": 20
            }
          ],
          "marks": {
            "cm": 3,
            "im": 0
          }
        },
        "34": {
          "que": 34,
          "type": "nat",
          "pdfData": [
            {
              "x1": 50,
              "x2": 523,
              "y1": 78,
              "y2": 516,
              "page": 21
            }
          ],
          "marks": {
            "cm": 3,
            "im": 0
          }
        }
      }
    },
    "Chemistry": {
      "C-MCQ": {
        "35": {
          "que": 35,
          "type": "mcq",
          "pdfData": [
            {
              "x1": 50,
              "x2": 523,
              "y1": 254,
              "y2": 572,
              "page": 22
            }
          ],
          "options": 4,
          "marks": {
            "cm": 3,
            "im": -1
          }
        },
        "36": {
          "que": 36,
          "type": "mcq",
          "pdfData": [
            {
              "x1": 62,
              "x2": 543,
              "y1": 82,
              "y2": 321,
              "page": 23
            }
          ],
          "options": 4,
          "marks": {
            "cm": 3,
            "im": -1
          }
        },
        "37": {
          "que": 37,
          "type": "mcq",
          "pdfData": [
            {
              "x1": 62,
              "x2": 543,
              "y1": 349,
              "y2": 716,
              "page": 23
            }
          ],
          "options": 4,
          "marks": {
            "cm": 3,
            "im": -1
          }
        },
        "38": {
          "que": 38,
          "type": "mcq",
          "pdfData": [
            {
              "x1": 62,
              "x2": 543,
              "y1": 64,
              "y2": 431,
              "page": 24
            }
          ],
          "options": 4,
          "marks": {
            "cm": 3,
            "im": -1
          }
        }
      },
      "C-MSQ": {
        "39": {
          "que": 39,
          "type": "msq",
          "pdfData": [
            {
              "x1": 62,
              "x2": 543,
              "y1": 473,
              "y2": 548,
              "page": 25
            }
          ],
          "options": 4,
          "marks": {
            "cm": 4,
            "pm": 1,
            "im": -2
          }
        },
        "40": {
          "que": 40,
          "type": "msq",
          "pdfData": [
            {
              "x1": 62,
              "x2": 543,
              "y1": 53,
              "y2": 276,
              "page": 26
            }
          ],
          "options": 4,
          "marks": {
            "cm": 4,
            "pm": 1,
            "im": -2
          }
        },
        "41": {
          "que": 41,
          "type": "msq",
          "pdfData": [
            {
              "x1": 62,
              "x2": 543,
              "y1": 313,
              "y2": 708,
              "page": 26
            }
          ],
          "options": 4,
          "marks": {
            "cm": 4,
            "pm": 1,
            "im": -2
          }
        }
      },
      "C-INTNUM": {
        "42": {
          "que": 42,
          "type": "nat",
          "pdfData": [
            {
              "x1": 62,
              "x2": 543,
              "y1": 269,
              "y2": 321,
              "page": 27
            }
          ],
          "marks": {
            "cm": 4,
            "im": 0
          }
        },
        "43": {
          "que": 43,
          "type": "nat",
          "pdfData": [
            {
              "x1": 62,
              "x2": 543,
              "y1": 366,
              "y2": 402,
              "page": 27
            }
          ],
          "marks": {
            "cm": 4,
            "im": 0
          }
        },
        "44": {
          "que": 44,
          "type": "nat",
          "pdfData": [
            {
              "x1": 62,
              "x2": 543,
              "y1": 431,
              "y2": 484,
              "page": 27
            }
          ],
          "marks": {
            "cm": 4,
            "im": 0
          }
        },
        "45": {
          "que": 45,
          "type": "nat",
          "pdfData": [
            {
              "x1": 62,
              "x2": 543,
              "y1": 515,
              "y2": 636,
              "page": 27
            }
          ],
          "marks": {
            "cm": 4,
            "im": 0
          }
        },
        "46": {
          "que": 46,
          "type": "nat",
          "pdfData": [
            {
              "x1": 62,
              "x2": 543,
              "y1": 52,
              "y2": 148,
              "page": 28
            }
          ],
          "marks": {
            "cm": 4,
            "im": 0
          }
        },
        "47": {
          "que": 47,
          "type": "nat",
          "pdfData": [
            {
              "x1": 62,
              "x2": 543,
              "y1": 193,
              "y2": 313,
              "page": 28
            }
          ],
          "marks": {
            "cm": 4,
            "im": 0
          }
        }
      },
      "C-DECPARA": {
        "48": {
          "que": 48,
          "type": "nat",
          "pdfData": [
            {
              "x1": 55,
              "x2": 526,
              "y1": 349,
              "y2": 689,
              "page": 29
            }
          ],
          "marks": {
            "cm": 3,
            "im": 0
          }
        },
        "49": {
          "que": 49,
          "type": "nat",
          "pdfData": [
            {
              "x1": 55,
              "x2": 526,
              "y1": 80,
              "y2": 380,
              "page": 30
            }
          ],
          "marks": {
            "cm": 3,
            "im": 0
          }
        },
        "50": {
          "que": 50,
          "type": "nat",
          "pdfData": [
            {
              "x1": 55,
              "x2": 526,
              "y1": 452,
              "y2": 665,
              "page": 30
            }
          ],
          "marks": {
            "cm": 3,
            "im": 0
          }
        },
        "51": {
          "que": 51,
          "type": "nat",
          "pdfData": [
            {
              "x1": 55,
              "x2": 526,
              "y1": 80,
              "y2": 291,
              "page": 31
            }
          ],
          "marks": {
            "cm": 3,
            "im": 0
          }
        }
      }
    }
  },
  "pdfFileHash": "cef4c09da7aeebaaba90735ddf683b55d8dc76b146356bdba6b4b291aa20b210",
  "testAnswerKey": {
    "Mathematics": {
      "M-MCQ": {
        "1": [
          3
        ],
        "2": [
          2
        ],
        "3": [
          3
        ],
        "4": [
          2
        ]
      },
      "M-MSQ": {
        "5": [
          2,
          3
        ],
        "6": [
          1,
          2
        ],
        "7": [
          1,
          2,
          3
        ]
      },
      "M-INTNUM": {
        "8": "0",
        "9": "16",
        "10": "31",
        "11": "512",
        "12": "3780",
        "13": "2"
      },
      "M-DECPARA": {
        "14": "1007.99TO1008.01",
        "15": "0.24TO0.26",
        "16": "23.99TO24.01",
        "17": "0.49TO0.51"
      }
    },
    "Physics": {
      "P-MCQ": {
        "18": [
          2
        ],
        "19": [
          1
        ],
        "20": [
          1
        ],
        "21": [
          3
        ]
      },
      "P-MSQ": {
        "22": [
          2,
          4
        ],
        "23": [
          1,
          2,
          3,
          4
        ],
        "24": [
          1,
          4
        ]
      },
      "P-INTNUM": {
        "25": "30",
        "26": "4",
        "27": "5",
        "28": "25",
        "29": "16",
        "30": "2"
      },
      "P-DECPARA": {
        "31": "648",
        "32": "8TO8.4",
        "33": "DROPPED",
        "34": "DROPPED"
      }
    },
    "Chemistry": {
      "C-MCQ": {
        "35": [
          3
        ],
        "36": [
          1
        ],
        "37": [
          2
        ],
        "38": [
          1
        ]
      },
      "C-MSQ": {
        "39": [
          3,
          4
        ],
        "40": [
          1,
          2,
          4
        ],
        "41": [
          3,
          4
        ]
      },
      "C-INTNUM": {
        "42": "18",
        "43": "5",
        "44": "6",
        "45": "30",
        "46": "682",
        "47": "1791"
      },
      "C-DECPARA": {
        "48": "0.3TO0.32",
        "49": "300",
        "50": "9",
        "51": "51"
      }
    }
  }
}