{
  "pdfCropperData": {
    "Maths": {
      "Part-A": {
        "1": {
          "que": 1,
          "type": "msq",
          "options": 4,
          "marks": {
            "cm": 4,
            "pm": 1,
            "im": 0
          },
          "pdfData": [
            {
              "page": 2,
              "x1": 67,
              "y1": 105,
              "x2": 545,
              "y2": 282
            }
          ]
        },
        "2": {
          "que": 2,
          "type": "msq",
          "options": 4,
          "marks": {
            "cm": 4,
            "pm": 1,
            "im": 0
          },
          "pdfData": [
            {
              "page": 2,
              "x1": 67,
              "y1": 282,
              "x2": 545,
              "y2": 473
            }
          ]
        },
        "3": {
          "que": 3,
          "type": "msq",
          "options": 4,
          "marks": {
            "cm": 4,
            "pm": 1,
            "im": 0
          },
          "pdfData": [
            {
              "page": 2,
              "x1": 67,
              "y1": 473,
              "x2": 545,
              "y2": 684
            }
          ]
        },
        "4": {
          "que": 4,
          "type": "msq",
          "options": 4,
          "marks": {
            "cm": 4,
            "pm": 1,
            "im": 0
          },
          "pdfData": [
            {
              "page": 3,
              "x1": 67,
              "y1": 45,
              "x2": 545,
              "y2": 175
            }
          ]
        },
        "5": {
          "que": 5,
          "type": "msq",
          "options": 4,
          "marks": {
            "cm": 4,
            "pm": 1,
            "im": 0
          },
          "pdfData": [
            {
              "page": 3,
              "x1": 67,
              "y1": 175,
              "x2": 545,
              "y2": 311
            }
          ]
        },
        "6": {
          "que": 6,
          "type": "msq",
          "options": 4,
          "marks": {
            "cm": 4,
            "pm": 1,
            "im": 0
          },
          "pdfData": [
            {
              "page": 3,
              "x1": 67,
              "y1": 311,
              "x2": 545,
              "y2": 500
            }
          ]
        },
        "7": {
          "que": 7,
          "type": "msq",
          "options": 4,
          "marks": {
            "cm": 4,
            "pm": 1,
            "im": 0
          },
          "pdfData": [
            {
              "page": 3,
              "x1": 67,
              "y1": 500,
              "x2": 545,
              "y2": 679
            }
          ]
        },
        "8": {
          "que": 8,
          "type": "msq",
          "options": 4,
          "marks": {
            "cm": 4,
            "pm": 1,
            "im": 0
          },
          "pdfData": [
            {
              "page": 4,
              "x1": 67,
              "y1": 42,
              "x2": 545,
              "y2": 255
            }
          ]
        },
        "9": {
          "que": 9,
          "type": "msq",
          "options": 4,
          "marks": {
            "cm": 4,
            "pm": 1,
            "im": 0
          },
          "pdfData": [
            {
              "page": 4,
              "x1": 67,
              "y1": 255,
              "x2": 545,
              "y2": 447
            }
          ]
        },
        "10": {
          "que": 10,
          "type": "msq",
          "options": 4,
          "marks": {
            "cm": 4,
            "pm": 1,
            "im": 0
          },
          "pdfData": [
            {
              "page": 4,
              "x1": 67,
              "y1": 447,
              "x2": 545,
              "y2": 682
            }
          ]
        }
      }
    }
  },
  "pdfFileHash": "916c01829690bc926c2cb2a5595ee068d753472c7a140c29740f8044bb6b6e58",
  "testAnswerKey": {
    "Maths": {
      "Part-A": {
        "1": [
          1,
          2,
          3
        ],
        "2": [
          1,
          3,
          4
        ],
        "3": [
          1
        ],
        "4": [
          1,
          2
        ],
        "5": [
          2,
          4
        ],
        "6": [
          4
        ],
        "7": [
          1,
          3
        ],
        "8": [
          1,
          4
        ],
        "9": [
          1,
          3,
          4
        ],
        "10": [
          4
        ]
      }
    }
  }
}