{
  "testConfig": {
    "pdfFileHash": "f230dc1dc1eb006fffca0de8a9d026c2c65360e514b2562398a3a94c13ad1962"
  },
  "pdfCropperData": {
    "Physics": {
      "P-MSQ": {
        "1": {
          "que": 1,
          "type": "msq",
          "marks": {
            "cm": 4,
            "pm": 1,
            "im": -2
          },
          "pdfData": [
            {
              "x1": 62,
              "x2": 535,
              "y1": 428,
              "y2": 586,
              "page": 1
            }
          ],
          "answerOptions": "4"
        },
        "2": {
          "que": 2,
          "type": "msq",
          "marks": {
            "cm": 4,
            "pm": 1,
            "im": -2
          },
          "pdfData": [
            {
              "x1": 62,
              "x2": 535,
              "y1": 93,
              "y2": 407,
              "page": 2
            }
          ],
          "answerOptions": "4"
        },
        "3": {
          "que": 3,
          "type": "msq",
          "marks": {
            "cm": 4,
            "pm": 1,
            "im": -2
          },
          "pdfData": [
            {
              "x1": 62,
              "x2": 535,
              "y1": 92,
              "y2": 467,
              "page": 3
            }
          ],
          "answerOptions": "4"
        },
        "4": {
          "que": 4,
          "type": "msq",
          "marks": {
            "cm": 4,
            "pm": 1,
            "im": -2
          },
          "pdfData": [
            {
              "x1": 62,
              "x2": 535,
              "y1": 92,
              "y2": 320,
              "page": 4
            }
          ],
          "answerOptions": "4"
        },
        "5": {
          "que": 5,
          "type": "msq",
          "marks": {
            "cm": 4,
            "pm": 1,
            "im": -2
          },
          "pdfData": [
            {
              "x1": 62,
              "x2": 535,
              "y1": 91,
              "y2": 572,
              "page": 5
            }
          ],
          "answerOptions": "4"
        },
        "6": {
          "que": 6,
          "type": "msq",
          "marks": {
            "cm": 4,
            "pm": 1,
            "im": -2
          },
          "pdfData": [
            {
              "x1": 62,
              "x2": 535,
              "y1": 89,
              "y2": 316,
              "page": 6
            }
          ],
          "answerOptions": "4"
        },
        "7": {
          "que": 7,
          "type": "msq",
          "marks": {
            "cm": 4,
            "pm": 1,
            "im": -2
          },
          "pdfData": [
            {
              "x1": 62,
              "x2": 535,
              "y1": 339,
              "y2": 584,
              "page": 6
            }
          ],
          "answerOptions": "4"
        }
      },
      "P-INTNUM [0,9]": {
        "8": {
          "que": 8,
          "type": "nat",
          "marks": {
            "cm": 3,
            "im": 0
          },
          "pdfData": [
            {
              "x1": 62,
              "x2": 535,
              "y1": 278,
              "y2": 332,
              "page": 7
            }
          ]
        },
        "9": {
          "que": 9,
          "type": "nat",
          "marks": {
            "cm": 3,
            "im": 0
          },
          "pdfData": [
            {
              "x1": 62,
              "x2": 535,
              "y1": 351,
              "y2": 412,
              "page": 7
            }
          ]
        },
        "10": {
          "que": 10,
          "type": "nat",
          "marks": {
            "cm": 3,
            "im": 0
          },
          "pdfData": [
            {
              "x1": 62,
              "x2": 535,
              "y1": 92,
              "y2": 344,
              "page": 8
            }
          ]
        },
        "11": {
          "que": 11,
          "type": "nat",
          "marks": {
            "cm": 3,
            "im": 0
          },
          "pdfData": [
            {
              "x1": 62,
              "x2": 535,
              "y1": 92,
              "y2": 164,
              "page": 9
            }
          ]
        },
        "12": {
          "que": 12,
          "type": "nat",
          "marks": {
            "cm": 3,
            "im": 0
          },
          "pdfData": [
            {
              "x1": 62,
              "x2": 535,
              "y1": 190,
              "y2": 293,
              "page": 9
            }
          ]
        }
      },
      "P-MCQMATRIX": {
        "13": {
          "que": 13,
          "type": "mcq",
          "marks": {
            "cm": 3,
            "im": -1
          },
          "pdfData": [
            {
              "x1": 62,
              "x2": 535,
              "y1": 136,
              "y2": 346,
              "page": 11
            },
            {
              "x1": 62,
              "x2": 535,
              "y1": 361,
              "y2": 407,
              "page": 11
            }
          ],
          "answerOptions": "4"
        },
        "14": {
          "que": 14,
          "type": "mcq",
          "marks": {
            "cm": 3,
            "im": -1
          },
          "pdfData": [
            {
              "x1": 62,
              "x2": 535,
              "y1": 136,
              "y2": 346,
              "page": 11
            },
            {
              "x1": 62,
              "x2": 535,
              "y1": 428,
              "y2": 489,
              "page": 11
            }
          ],
          "answerOptions": "4"
        },
        "15": {
          "que": 15,
          "type": "mcq",
          "marks": {
            "cm": 3,
            "im": -1
          },
          "pdfData": [
            {
              "x1": 62,
              "x2": 535,
              "y1": 136,
              "y2": 346,
              "page": 11
            },
            {
              "x1": 62,
              "x2": 535,
              "y1": 511,
              "y2": 575,
              "page": 11
            }
          ],
          "answerOptions": "4"
        },
        "16": {
          "que": 16,
          "type": "mcq",
          "marks": {
            "cm": 3,
            "im": -1
          },
          "pdfData": [
            {
              "x1": 62,
              "x2": 535,
              "y1": 137,
              "y2": 561,
              "page": 12
            },
            {
              "x1": 62,
              "x2": 535,
              "y1": 93,
              "y2": 153,
              "page": 13
            }
          ],
          "answerOptions": "4"
        },
        "17": {
          "que": 17,
          "type": "mcq",
          "marks": {
            "cm": 3,
            "im": -1
          },
          "pdfData": [
            {
              "x1": 62,
              "x2": 535,
              "y1": 137,
              "y2": 561,
              "page": 12
            },
            {
              "x1": 62,
              "x2": 535,
              "y1": 174,
              "y2": 223,
              "page": 13
            }
          ],
          "answerOptions": "4"
        },
        "18": {
          "que": 18,
          "type": "mcq",
          "marks": {
            "cm": 3,
            "im": -1
          },
          "pdfData": [
            {
              "x1": 62,
              "x2": 535,
              "y1": 137,
              "y2": 561,
              "page": 12
            },
            {
              "x1": 62,
              "x2": 535,
              "y1": 246,
              "y2": 306,
              "page": 13
            }
          ],
          "answerOptions": "4"
        }
      }
    },
    "Chemistry": {
      "C-MSQ": {
        "19": {
          "que": 19,
          "type": "msq",
          "marks": {
            "cm": 4,
            "pm": 1,
            "im": -2
          },
          "pdfData": [
            {
              "x1": 62,
              "x2": 535,
              "y1": 426,
              "y2": 655,
              "page": 14
            }
          ],
          "answerOptions": "4"
        },
        "20": {
          "que": 20,
          "type": "msq",
          "marks": {
            "cm": 4,
            "pm": 1,
            "im": -2
          },
          "pdfData": [
            {
              "x1": 62,
              "x2": 535,
              "y1": 93,
              "y2": 514,
              "page": 15
            }
          ],
          "answerOptions": "4"
        },
        "21": {
          "que": 21,
          "type": "msq",
          "marks": {
            "cm": 4,
            "pm": 1,
            "im": -2
          },
          "pdfData": [
            {
              "x1": 62,
              "x2": 535,
              "y1": 90,
              "y2": 202,
              "page": 16
            }
          ],
          "answerOptions": "4"
        },
        "22": {
          "que": 22,
          "type": "msq",
          "marks": {
            "cm": 4,
            "pm": 1,
            "im": -2
          },
          "pdfData": [
            {
              "x1": 62,
              "x2": 535,
              "y1": 214,
              "y2": 362,
              "page": 16
            }
          ],
          "answerOptions": "4"
        },
        "23": {
          "que": 23,
          "type": "msq",
          "marks": {
            "cm": 4,
            "pm": 1,
            "im": -2
          },
          "pdfData": [
            {
              "x1": 62,
              "x2": 535,
              "y1": 93,
              "y2": 272,
              "page": 17
            }
          ],
          "answerOptions": "4"
        },
        "24": {
          "que": 24,
          "type": "msq",
          "marks": {
            "cm": 4,
            "pm": 1,
            "im": -2
          },
          "pdfData": [
            {
              "x1": 62,
              "x2": 535,
              "y1": 285,
              "y2": 420,
              "page": 17
            }
          ],
          "answerOptions": "4"
        },
        "25": {
          "que": 25,
          "type": "msq",
          "marks": {
            "cm": 4,
            "pm": 1,
            "im": -2
          },
          "pdfData": [
            {
              "x1": 62,
              "x2": 535,
              "y1": 90,
              "y2": 324,
              "page": 18
            }
          ],
          "answerOptions": "4"
        }
      },
      "C-INTNUM [0,9]": {
        "26": {
          "que": 26,
          "type": "nat",
          "marks": {
            "cm": 3,
            "im": 0
          },
          "pdfData": [
            {
              "x1": 62,
              "x2": 535,
              "y1": 277,
              "y2": 326,
              "page": 19
            }
          ]
        },
        "27": {
          "que": 27,
          "type": "nat",
          "marks": {
            "cm": 3,
            "im": 0
          },
          "pdfData": [
            {
              "x1": 62,
              "x2": 535,
              "y1": 348,
              "y2": 449,
              "page": 19
            }
          ]
        },
        "28": {
          "que": 28,
          "type": "nat",
          "marks": {
            "cm": 3,
            "im": 0
          },
          "pdfData": [
            {
              "x1": 62,
              "x2": 535,
              "y1": 92,
              "y2": 152,
              "page": 20
            }
          ]
        },
        "29": {
          "que": 29,
          "type": "nat",
          "marks": {
            "cm": 3,
            "im": 0
          },
          "pdfData": [
            {
              "x1": 62,
              "x2": 535,
              "y1": 175,
              "y2": 207,
              "page": 20
            }
          ]
        },
        "30": {
          "que": 30,
          "type": "nat",
          "marks": {
            "cm": 3,
            "im": 0
          },
          "pdfData": [
            {
              "x1": 62,
              "x2": 535,
              "y1": 230,
              "y2": 380,
              "page": 20
            }
          ]
        }
      },
      "C-MCQMATRIX": {
        "31": {
          "que": 31,
          "type": "mcq",
          "marks": {
            "cm": 3,
            "im": -1
          },
          "pdfData": [
            {
              "x1": 62,
              "x2": 535,
              "y1": 135,
              "y2": 539,
              "page": 22
            },
            {
              "x1": 62,
              "x2": 535,
              "y1": 549,
              "y2": 597,
              "page": 22
            }
          ],
          "answerOptions": "4"
        },
        "32": {
          "que": 32,
          "type": "mcq",
          "marks": {
            "cm": 3,
            "im": -1
          },
          "pdfData": [
            {
              "x1": 62,
              "x2": 535,
              "y1": 135,
              "y2": 539,
              "page": 22
            },
            {
              "x1": 62,
              "x2": 535,
              "y1": 607,
              "y2": 639,
              "page": 22
            }
          ],
          "answerOptions": "4"
        },
        "33": {
          "que": 33,
          "type": "mcq",
          "marks": {
            "cm": 3,
            "im": -1
          },
          "pdfData": [
            {
              "x1": 62,
              "x2": 535,
              "y1": 135,
              "y2": 539,
              "page": 22
            },
            {
              "x1": 62,
              "x2": 535,
              "y1": 647,
              "y2": 681,
              "page": 22
            }
          ],
          "answerOptions": "4"
        },
        "34": {
          "que": 34,
          "type": "mcq",
          "marks": {
            "cm": 3,
            "im": -1
          },
          "pdfData": [
            {
              "x1": 62,
              "x2": 535,
              "y1": 135,
              "y2": 276,
              "page": 23
            },
            {
              "x1": 62,
              "x2": 535,
              "y1": 289,
              "y2": 336,
              "page": 23
            }
          ],
          "answerOptions": "4"
        },
        "35": {
          "que": 35,
          "type": "mcq",
          "marks": {
            "cm": 3,
            "im": -1
          },
          "pdfData": [
            {
              "x1": 62,
              "x2": 535,
              "y1": 135,
              "y2": 276,
              "page": 23
            },
            {
              "x1": 62,
              "x2": 535,
              "y1": 358,
              "y2": 404,
              "page": 23
            }
          ],
          "answerOptions": "4"
        },
        "36": {
          "que": 36,
          "type": "mcq",
          "marks": {
            "cm": 3,
            "im": -1
          },
          "pdfData": [
            {
              "x1": 62,
              "x2": 535,
              "y1": 135,
              "y2": 276,
              "page": 23
            },
            {
              "x1": 62,
              "x2": 535,
              "y1": 425,
              "y2": 487,
              "page": 23
            }
          ],
          "answerOptions": "4"
        }
      }
    },
    "Maths": {
      "M-MSQ": {
        "37": {
          "que": 37,
          "type": "msq",
          "marks": {
            "cm": 4,
            "pm": 1,
            "im": -2
          },
          "pdfData": [
            {
              "x1": 62,
              "x2": 535,
              "y1": 428,
              "y2": 496,
              "page": 24
            }
          ],
          "answerOptions": "4"
        },
        "38": {
          "que": 38,
          "type": "msq",
          "marks": {
            "cm": 4,
            "pm": 1,
            "im": -2
          },
          "pdfData": [
            {
              "x1": 62,
              "x2": 535,
              "y1": 519,
              "y2": 609,
              "page": 24
            }
          ],
          "answerOptions": "4"
        },
        "39": {
          "que": 39,
          "type": "msq",
          "marks": {
            "cm": 4,
            "pm": 1,
            "im": -2
          },
          "pdfData": [
            {
              "x1": 62,
              "x2": 535,
              "y1": 93,
              "y2": 155,
              "page": 25
            }
          ],
          "answerOptions": "4"
        },
        "40": {
          "que": 40,
          "type": "msq",
          "marks": {
            "cm": 4,
            "pm": 1,
            "im": -2
          },
          "pdfData": [
            {
              "x1": 62,
              "x2": 535,
              "y1": 177,
              "y2": 282,
              "page": 25
            }
          ],
          "answerOptions": "4"
        },
        "41": {
          "que": 41,
          "type": "msq",
          "marks": {
            "cm": 4,
            "pm": 1,
            "im": -2
          },
          "pdfData": [
            {
              "x1": 62,
              "x2": 535,
              "y1": 303,
              "y2": 427,
              "page": 25
            }
          ],
          "answerOptions": "4"
        },
        "42": {
          "que": 42,
          "type": "msq",
          "marks": {
            "cm": 4,
            "pm": 1,
            "im": -2
          },
          "pdfData": [
            {
              "x1": 62,
              "x2": 535,
              "y1": 92,
              "y2": 210,
              "page": 26
            }
          ],
          "answerOptions": "4"
        },
        "43": {
          "que": 43,
          "type": "msq",
          "marks": {
            "cm": 4,
            "pm": 1,
            "im": -2
          },
          "pdfData": [
            {
              "x1": 62,
              "x2": 535,
              "y1": 230,
              "y2": 327,
              "page": 26
            }
          ],
          "answerOptions": "4"
        }
      },
      "M-INTNUM [0,9]": {
        "44": {
          "que": 44,
          "type": "nat",
          "marks": {
            "cm": 3,
            "im": 0
          },
          "pdfData": [
            {
              "x1": 62,
              "x2": 535,
              "y1": 278,
              "y2": 312,
              "page": 27
            }
          ]
        },
        "45": {
          "que": 45,
          "type": "nat",
          "marks": {
            "cm": 3,
            "im": 0
          },
          "pdfData": [
            {
              "x1": 62,
              "x2": 535,
              "y1": 332,
              "y2": 431,
              "page": 27
            }
          ]
        },
        "46": {
          "que": 46,
          "type": "nat",
          "marks": {
            "cm": 3,
            "im": 0
          },
          "pdfData": [
            {
              "x1": 62,
              "x2": 535,
              "y1": 93,
              "y2": 164,
              "page": 28
            }
          ]
        },
        "47": {
          "que": 47,
          "type": "nat",
          "marks": {
            "cm": 3,
            "im": 0
          },
          "pdfData": [
            {
              "x1": 62,
              "x2": 535,
              "y1": 188,
              "y2": 242,
              "page": 28
            }
          ]
        },
        "48": {
          "que": 48,
          "type": "nat",
          "marks": {
            "cm": 3,
            "im": 0
          },
          "pdfData": [
            {
              "x1": 62,
              "x2": 535,
              "y1": 261,
              "y2": 295,
              "page": 28
            }
          ]
        }
      },
      "M-MCQMATRIX": {
        "49": {
          "que": 49,
          "type": "mcq",
          "marks": {
            "cm": 3,
            "im": -1
          },
          "pdfData": [
            {
              "x1": 62,
              "x2": 535,
              "y1": 136,
              "y2": 332,
              "page": 30
            },
            {
              "x1": 62,
              "x2": 535,
              "y1": 343,
              "y2": 420,
              "page": 30
            }
          ],
          "answerOptions": "4"
        },
        "50": {
          "que": 50,
          "type": "mcq",
          "marks": {
            "cm": 3,
            "im": -1
          },
          "pdfData": [
            {
              "x1": 62,
              "x2": 535,
              "y1": 136,
              "y2": 332,
              "page": 30
            },
            {
              "x1": 62,
              "x2": 535,
              "y1": 441,
              "y2": 503,
              "page": 30
            }
          ],
          "answerOptions": "4"
        },
        "51": {
          "que": 51,
          "type": "mcq",
          "marks": {
            "cm": 3,
            "im": -1
          },
          "pdfData": [
            {
              "x1": 62,
              "x2": 535,
              "y1": 136,
              "y2": 332,
              "page": 30
            },
            {
              "x1": 62,
              "x2": 535,
              "y1": 530,
              "y2": 592,
              "page": 30
            }
          ],
          "answerOptions": "4"
        },
        "52": {
          "que": 52,
          "type": "mcq",
          "marks": {
            "cm": 3,
            "im": -1
          },
          "pdfData": [
            {
              "x1": 62,
              "x2": 535,
              "y1": 135,
              "y2": 332,
              "page": 31
            },
            {
              "x1": 62,
              "x2": 535,
              "y1": 343,
              "y2": 393,
              "page": 31
            }
          ],
          "answerOptions": "4"
        },
        "53": {
          "que": 53,
          "type": "mcq",
          "marks": {
            "cm": 3,
            "im": -1
          },
          "pdfData": [
            {
              "x1": 62,
              "x2": 535,
              "y1": 135,
              "y2": 332,
              "page": 31
            },
            {
              "x1": 62,
              "x2": 535,
              "y1": 412,
              "y2": 463,
              "page": 31
            }
          ],
          "answerOptions": "4"
        },
        "54": {
          "que": 54,
          "type": "mcq",
          "marks": {
            "cm": 3,
            "im": -1
          },
          "pdfData": [
            {
              "x1": 62,
              "x2": 535,
              "y1": 135,
              "y2": 332,
              "page": 31
            },
            {
              "x1": 62,
              "x2": 535,
              "y1": 481,
              "y2": 529,
              "page": 31
            }
          ],
          "answerOptions": "4"
        }
      }
    }
  },
  "appVersion": "1.22.1",
  "generatedBy": "answerKeyPage",
  "generatedBasedOn": "pdfCropperPage",
  "testAnswerKey": {
    "Physics": {
      "P-MSQ": {
        "1": [
          1,
          2,
          4
        ],
        "2": [
          2,
          3
        ],
        "3": [
          1,
          4
        ],
        "4": [
          3
        ],
        "5": [
          2,
          4
        ],
        "6": [
          2,
          3
        ],
        "7": [
          1,
          3,
          4
        ]
      },
      "P-INTNUM [0,9]": {
        "8": "6",
        "9": "5",
        "10": "8",
        "11": "6",
        "12": "5"
      },
      "P-MCQMATRIX": {
        "13": [
          4
        ],
        "14": [
          1
        ],
        "15": [
          2
        ],
        "16": [
          4
        ],
        "17": [
          2
        ],
        "18": [
          4
        ]
      }
    },
    "Chemistry": {
      "C-MSQ": {
        "19": [
          1,
          2,
          3
        ],
        "20": [
          2,
          4
        ],
        "21": [
          1,
          2,
          4
        ],
        "22": [
          3,
          4
        ],
        "23": [
          2,
          3,
          4
        ],
        "24": [
          1,
          2
        ],
        "25": [
          2,
          4
        ]
      },
      "C-INTNUM [0,9]": {
        "26": "2",
        "27": "6",
        "28": "6",
        "29": "DROPPED",
        "30": "5"
      },
      "C-MCQMATRIX": {
        "31": [
          3
        ],
        "32": [
          1
        ],
        "33": [
          3
        ],
        "34": [
          1
        ],
        "35": [
          3
        ],
        "36": [
          4
        ]
      }
    },
    "Maths": {
      "M-MSQ": {
        "37": [
          1,
          2,
          3
        ],
        "38": [
          3
        ],
        "39": "DROPPED",
        "40": [
          1,
          2
        ],
        "41": [
          2,
          4
        ],
        "42": [
          1,
          2
        ],
        "43": [
          1,
          2
        ]
      },
      "M-INTNUM [0,9]": {
        "44": "2",
        "45": "2",
        "46": "1",
        "47": "5",
        "48": "6"
      },
      "M-MCQMATRIX": {
        "49": [
          2
        ],
        "50": [
          3
        ],
        "51": [
          4
        ],
        "52": [
          2
        ],
        "53": [
          2
        ],
        "54": [
          3
        ]
      }
    }
  }
}