{
  "pdfCropperData": {
    "Maths": {
      "M-MCQ": {
        "1": {
          "que": 1,
          "type": "mcq",
          "marks": {
            "cm": 3,
            "im": -1
          },
          "pdfData": [
            {
              "x1": 90.6500244140625,
              "x2": 522.6500244140625,
              "y1": 200,
              "y2": 270.3999938964844,
              "page": 1
            }
          ],
          "answerOptions": "4"
        },
        "2": {
          "que": 2,
          "type": "mcq",
          "marks": {
            "cm": 3,
            "im": -1
          },
          "pdfData": [
            {
              "x1": 90.6500244140625,
              "x2": 522.6500244140625,
              "y1": 292.8000183105469,
              "y2": 410.3999938964844,
              "page": 1
            }
          ],
          "answerOptions": "4"
        },
        "3": {
          "que": 3,
          "type": "mcq",
          "marks": {
            "cm": 3,
            "im": -1
          },
          "pdfData": [
            {
              "x1": 90.6500244140625,
              "x2": 522.6500244140625,
              "y1": 432,
              "y2": 492.8000183105469,
              "page": 1
            }
          ],
          "answerOptions": "4"
        },
        "4": {
          "que": 4,
          "type": "mcq",
          "marks": {
            "cm": 3,
            "im": -1
          },
          "pdfData": [
            {
              "x1": 90.6500244140625,
              "x2": 522.6500244140625,
              "y1": 520.8000183105469,
              "y2": 677.6000061035156,
              "page": 1
            }
          ],
          "answerOptions": "4"
        }
      },
      "M-MSQ": {
        "5": {
          "que": 5,
          "type": "msq",
          "marks": {
            "cm": 4,
            "pm": 1,
            "im": -2
          },
          "pdfData": [
            {
              "x1": 90.6500244140625,
              "x2": 522.6500244140625,
              "y1": 372.8000183105469,
              "y2": 554.3999938964844,
              "page": 2
            }
          ],
          "answerOptions": "4"
        },
        "6": {
          "que": 6,
          "type": "msq",
          "marks": {
            "cm": 4,
            "pm": 1,
            "im": -2
          },
          "pdfData": [
            {
              "x1": 90.6500244140625,
              "x2": 522.6500244140625,
              "y1": 577.6000061035156,
              "y2": 712.0000305175781,
              "page": 2
            }
          ],
          "answerOptions": "4"
        },
        "7": {
          "que": 7,
          "type": "msq",
          "marks": {
            "cm": 4,
            "pm": 1,
            "im": -2
          },
          "pdfData": [
            {
              "x1": 90.6500244140625,
              "x2": 522.6500244140625,
              "y1": 68.80000305175781,
              "y2": 224,
              "page": 3
            }
          ],
          "answerOptions": "4"
        },
        "8": {
          "que": 8,
          "type": "msq",
          "marks": {
            "cm": 4,
            "pm": 1,
            "im": -2
          },
          "pdfData": [
            {
              "x1": 90.6500244140625,
              "x2": 522.6500244140625,
              "y1": 253.60000610351562,
              "y2": 462.3999938964844,
              "page": 3
            }
          ],
          "answerOptions": "4"
        },
        "9": {
          "que": 9,
          "type": "msq",
          "marks": {
            "cm": 4,
            "pm": 1,
            "im": -2
          },
          "pdfData": [
            {
              "x1": 90.6500244140625,
              "x2": 522.6500244140625,
              "y1": 484.0000305175781,
              "y2": 557.6000061035156,
              "page": 3
            }
          ],
          "answerOptions": "4"
        },
        "10": {
          "que": 10,
          "type": "msq",
          "marks": {
            "cm": 4,
            "pm": 1,
            "im": -2
          },
          "pdfData": [
            {
              "x1": 90.6500244140625,
              "x2": 522.6500244140625,
              "y1": 580.0000305175781,
              "y2": 728.0000305175781,
              "page": 3
            },
            {
              "x1": 90.6500244140625,
              "x2": 522.6500244140625,
              "y1": 65.60000610351562,
              "y2": 119.20001220703125,
              "page": 4
            }
          ],
          "answerOptions": "4"
        },
        "11": {
          "que": 11,
          "type": "msq",
          "marks": {
            "cm": 4,
            "pm": 1,
            "im": -2
          },
          "pdfData": [
            {
              "x1": 90.6500244140625,
              "x2": 522.6500244140625,
              "y1": 143.20001220703125,
              "y2": 301.6000061035156,
              "page": 4
            }
          ],
          "answerOptions": "4"
        },
        "12": {
          "que": 12,
          "type": "msq",
          "marks": {
            "cm": 4,
            "pm": 1,
            "im": -2
          },
          "pdfData": [
            {
              "x1": 90.6500244140625,
              "x2": 522.6500244140625,
              "y1": 326.3999938964844,
              "y2": 452.0000305175781,
              "page": 4
            }
          ],
          "answerOptions": "4"
        }
      },
      "M-DECNUM": {
        "13": {
          "que": 13,
          "type": "nat",
          "marks": {
            "cm": 3,
            "im": 0
          },
          "pdfData": [
            {
              "x1": 90.6500244140625,
              "x2": 522.6500244140625,
              "y1": 612.8000183105469,
              "y2": 668.0000305175781,
              "page": 4
            }
          ]
        },
        "14": {
          "que": 14,
          "type": "nat",
          "marks": {
            "cm": 3,
            "im": 0
          },
          "pdfData": [
            {
              "x1": 90.6500244140625,
              "x2": 522.6500244140625,
              "y1": 86.40000915527344,
              "y2": 199.20001220703125,
              "page": 5
            }
          ]
        },
        "15": {
          "que": 15,
          "type": "nat",
          "marks": {
            "cm": 3,
            "im": 0
          },
          "pdfData": [
            {
              "x1": 90.6500244140625,
              "x2": 522.6500244140625,
              "y1": 222.39999389648438,
              "y2": 332.8000183105469,
              "page": 5
            }
          ]
        },
        "16": {
          "que": 16,
          "type": "nat",
          "marks": {
            "cm": 3,
            "im": 0
          },
          "pdfData": [
            {
              "x1": 90.6500244140625,
              "x2": 522.6500244140625,
              "y1": 353.6000061035156,
              "y2": 394.3999938964844,
              "page": 5
            }
          ]
        },
        "17": {
          "que": 17,
          "type": "nat",
          "marks": {
            "cm": 3,
            "im": 0
          },
          "pdfData": [
            {
              "x1": 90.6500244140625,
              "x2": 522.6500244140625,
              "y1": 419.20001220703125,
              "y2": 481.6000061035156,
              "page": 5
            }
          ]
        },
        "18": {
          "que": 18,
          "type": "nat",
          "marks": {
            "cm": 3,
            "im": 0
          },
          "pdfData": [
            {
              "x1": 90.6500244140625,
              "x2": 522.6500244140625,
              "y1": 505.6000061035156,
              "y2": 564.8000183105469,
              "page": 5
            }
          ]
        }
      }
    }
  },
  "testConfig": {
    "pdfFileHash": "0db72acb123b22c1b3de4467fdf6b5e685e451348537e5eca0faf6ab8c8eafef"
  },
  "appVersion": "1.19.1",
  "generatedBy": "answerKeyPage",
  "generatedBasedOn": "pdfCropperPage",
  "testAnswerKey": {
    "Maths": {
      "M-MCQ": {
        "1": [
          3
        ],
        "2": [
          2
        ],
        "3": [
          4
        ],
        "4": [
          4
        ]
      },
      "M-MSQ": {
        "5": [
          1,
          3,
          4
        ],
        "6": [
          1,
          3
        ],
        "7": [
          1,
          3,
          4
        ],
        "8": [
          1,
          2
        ],
        "9": [
          1,
          4
        ],
        "10": [
          1,
          3,
          4
        ],
        "11": [
          1,
          2,
          3,
          4
        ],
        "12": [
          1,
          4
        ]
      },
      "M-DECNUM": {
        "13": "1",
        "14": "2",
        "15": "3355",
        "16": "9",
        "17": "68",
        "18": "4"
      }
    }
  }
}