{
  "pdfCropperData": {
    "Physics": {
      "P-MCQ": {
        "1": {
          "que": 1,
          "type": "mcq",
          "marks": {
            "cm": 3,
            "im": -1
          },
          "pdfData": [
            {
              "x1": 60.76666259765625,
              "x2": 544.7667236328125,
              "y1": 156.8000030517578,
              "y2": 356,
              "page": 1
            }
          ],
          "answerOptions": "4"
        },
        "2": {
          "que": 2,
          "type": "mcq",
          "marks": {
            "cm": 3,
            "im": -1
          },
          "pdfData": [
            {
              "x1": 60.76666259765625,
              "x2": 544.7667236328125,
              "y1": 372.8000183105469,
              "y2": 658.3999938964844,
              "page": 1
            }
          ],
          "answerOptions": "4"
        },
        "3": {
          "que": 3,
          "type": "mcq",
          "marks": {
            "cm": 3,
            "im": -1
          },
          "pdfData": [
            {
              "x1": 60.76666259765625,
              "x2": 544.7667236328125,
              "y1": 51.20000457763672,
              "y2": 478.3999938964844,
              "page": 2
            }
          ],
          "answerOptions": "4"
        },
        "4": {
          "que": 4,
          "type": "mcq",
          "marks": {
            "cm": 3,
            "im": -1
          },
          "pdfData": [
            {
              "x1": 60.76666259765625,
              "x2": 544.7667236328125,
              "y1": 52.80000305175781,
              "y2": 464.0000305175781,
              "page": 3
            }
          ],
          "answerOptions": "4"
        },
        "5": {
          "que": 5,
          "type": "mcq",
          "marks": {
            "cm": 3,
            "im": -1
          },
          "pdfData": [
            {
              "x1": 60.76666259765625,
              "x2": 544.7667236328125,
              "y1": 51.20000457763672,
              "y2": 316.8000183105469,
              "page": 4
            }
          ],
          "answerOptions": "4"
        },
        "6": {
          "que": 6,
          "type": "mcq",
          "marks": {
            "cm": 3,
            "im": -1
          },
          "pdfData": [
            {
              "x1": 60.76666259765625,
              "x2": 561.566650390625,
              "y1": 398.3999938964844,
              "y2": 631.1999816894531,
              "page": 4
            }
          ],
          "answerOptions": "4"
        }
      },
      "P-MSQ": {
        "7": {
          "que": 7,
          "type": "msq",
          "marks": {
            "cm": 4,
            "pm": 1,
            "im": -2
          },
          "pdfData": [
            {
              "x1": 60.76666259765625,
              "x2": 561.566650390625,
              "y1": 225.60000610351562,
              "y2": 356,
              "page": 5
            }
          ],
          "answerOptions": "4"
        },
        "8": {
          "que": 8,
          "type": "msq",
          "marks": {
            "cm": 4,
            "pm": 1,
            "im": -2
          },
          "pdfData": [
            {
              "x1": 60.76666259765625,
              "x2": 561.566650390625,
              "y1": 467.1999816894531,
              "y2": 680.8000183105469,
              "page": 5
            }
          ],
          "answerOptions": "4"
        },
        "9": {
          "que": 9,
          "type": "msq",
          "marks": {
            "cm": 4,
            "pm": 1,
            "im": -2
          },
          "pdfData": [
            {
              "x1": 60.76666259765625,
              "x2": 561.566650390625,
              "y1": 53.600006103515625,
              "y2": 164.8000030517578,
              "page": 6
            }
          ],
          "answerOptions": "4"
        },
        "10": {
          "que": 10,
          "type": "msq",
          "marks": {
            "cm": 4,
            "pm": 1,
            "im": -2
          },
          "pdfData": [
            {
              "x1": 60.76666259765625,
              "x2": 561.566650390625,
              "y1": 211.20001220703125,
              "y2": 591.1999816894531,
              "page": 6
            }
          ],
          "answerOptions": "4"
        },
        "11": {
          "que": 11,
          "type": "msq",
          "marks": {
            "cm": 4,
            "pm": 1,
            "im": -2
          },
          "pdfData": [
            {
              "x1": 60.76666259765625,
              "x2": 561.566650390625,
              "y1": 51.20000457763672,
              "y2": 400,
              "page": 7
            }
          ],
          "answerOptions": "4"
        },
        "12": {
          "que": 12,
          "type": "msq",
          "marks": {
            "cm": 4,
            "pm": 1,
            "im": -2
          },
          "pdfData": [
            {
              "x1": 60.76666259765625,
              "x2": 561.566650390625,
              "y1": 50.40000915527344,
              "y2": 416,
              "page": 8
            }
          ],
          "answerOptions": "4"
        }
      },
      "P-DECNUM": {
        "13": {
          "que": 13,
          "type": "nat",
          "marks": {
            "cm": 4,
            "im": 0
          },
          "pdfData": [
            {
              "x1": 60.76666259765625,
              "x2": 561.566650390625,
              "y1": 157.60000610351562,
              "y2": 267.20001220703125,
              "page": 9
            }
          ]
        },
        "14": {
          "que": 14,
          "type": "nat",
          "marks": {
            "cm": 4,
            "im": 0
          },
          "pdfData": [
            {
              "x1": 60.76666259765625,
              "x2": 561.566650390625,
              "y1": 340.8000183105469,
              "y2": 572.0000305175781,
              "page": 9
            }
          ]
        },
        "15": {
          "que": 15,
          "type": "nat",
          "marks": {
            "cm": 4,
            "im": 0
          },
          "pdfData": [
            {
              "x1": 60.76666259765625,
              "x2": 561.566650390625,
              "y1": 52.80000305175781,
              "y2": 324.8000183105469,
              "page": 10
            }
          ]
        },
        "16": {
          "que": 16,
          "type": "nat",
          "marks": {
            "cm": 4,
            "im": 0
          },
          "pdfData": [
            {
              "x1": 60.76666259765625,
              "x2": 561.566650390625,
              "y1": 416,
              "y2": 484.0000305175781,
              "page": 10
            }
          ]
        },
        "17": {
          "que": 17,
          "type": "nat",
          "marks": {
            "cm": 4,
            "im": 0
          },
          "pdfData": [
            {
              "x1": 60.76666259765625,
              "x2": 561.566650390625,
              "y1": 543.1999816894531,
              "y2": 615.1999816894531,
              "page": 10
            }
          ]
        },
        "18": {
          "que": 18,
          "type": "nat",
          "marks": {
            "cm": 4,
            "im": 0
          },
          "pdfData": [
            {
              "x1": 60.76666259765625,
              "x2": 561.566650390625,
              "y1": 52.00000762939453,
              "y2": 125.60000610351562,
              "page": 11
            }
          ]
        }
      }
    },
    "Chemistry": {
      "C-MCQ": {
        "19": {
          "que": 19,
          "type": "mcq",
          "marks": {
            "cm": 3,
            "im": -1
          },
          "pdfData": [
            {
              "x1": 60.76666259765625,
              "x2": 561.566650390625,
              "y1": 157.60000610351562,
              "y2": 369.6000061035156,
              "page": 12
            }
          ],
          "answerOptions": "4"
        },
        "20": {
          "que": 20,
          "type": "mcq",
          "marks": {
            "cm": 3,
            "im": -1
          },
          "pdfData": [
            {
              "x1": 60.76666259765625,
              "x2": 561.566650390625,
              "y1": 385.6000061035156,
              "y2": 429.6000061035156,
              "page": 12
            }
          ],
          "answerOptions": "4"
        },
        "21": {
          "que": 21,
          "type": "mcq",
          "marks": {
            "cm": 3,
            "im": -1
          },
          "pdfData": [
            {
              "x1": 60.76666259765625,
              "x2": 561.566650390625,
              "y1": 446.3999938964844,
              "y2": 552.0000305175781,
              "page": 12
            }
          ],
          "answerOptions": "4"
        },
        "22": {
          "que": 22,
          "type": "mcq",
          "marks": {
            "cm": 3,
            "im": -1
          },
          "pdfData": [
            {
              "x1": 60.76666259765625,
              "x2": 561.566650390625,
              "y1": 52.00000762939453,
              "y2": 341.6000061035156,
              "page": 13
            }
          ],
          "answerOptions": "4"
        },
        "23": {
          "que": 23,
          "type": "mcq",
          "marks": {
            "cm": 3,
            "im": -1
          },
          "pdfData": [
            {
              "x1": 60.76666259765625,
              "x2": 561.566650390625,
              "y1": 358.3999938964844,
              "y2": 543.6000061035156,
              "page": 13
            }
          ],
          "answerOptions": "4"
        },
        "24": {
          "que": 24,
          "type": "mcq",
          "marks": {
            "cm": 3,
            "im": -1
          },
          "pdfData": [
            {
              "x1": 60.76666259765625,
              "x2": 561.566650390625,
              "y1": 52.00000762939453,
              "y2": 490.3999938964844,
              "page": 14
            }
          ],
          "answerOptions": "4"
        }
      },
      "C-MSQ": {
        "25": {
          "que": 25,
          "type": "msq",
          "marks": {
            "cm": 4,
            "pm": 1,
            "im": -2
          },
          "pdfData": [
            {
              "x1": 60.76666259765625,
              "x2": 561.566650390625,
              "y1": 197.60000610351562,
              "y2": 349.6000061035156,
              "page": 15
            }
          ],
          "answerOptions": "4"
        },
        "26": {
          "que": 26,
          "type": "msq",
          "marks": {
            "cm": 4,
            "pm": 1,
            "im": -2
          },
          "pdfData": [
            {
              "x1": 60.76666259765625,
              "x2": 561.566650390625,
              "y1": 382.3999938964844,
              "y2": 558.3999938964844,
              "page": 15
            }
          ],
          "answerOptions": "4"
        },
        "27": {
          "que": 27,
          "type": "msq",
          "marks": {
            "cm": 4,
            "pm": 1,
            "im": -2
          },
          "pdfData": [
            {
              "x1": 60.76666259765625,
              "x2": 561.566650390625,
              "y1": 55.20001220703125,
              "y2": 382.3999938964844,
              "page": 16
            }
          ],
          "answerOptions": "4"
        },
        "28": {
          "que": 28,
          "type": "msq",
          "marks": {
            "cm": 4,
            "pm": 1,
            "im": -2
          },
          "pdfData": [
            {
              "x1": 60.76666259765625,
              "x2": 561.566650390625,
              "y1": 52.80000305175781,
              "y2": 158.40000915527344,
              "page": 17
            }
          ],
          "answerOptions": "4"
        },
        "29": {
          "que": 29,
          "type": "msq",
          "marks": {
            "cm": 4,
            "pm": 1,
            "im": -2
          },
          "pdfData": [
            {
              "x1": 60.76666259765625,
              "x2": 561.566650390625,
              "y1": 184,
              "y2": 288,
              "page": 17
            }
          ],
          "answerOptions": "4"
        },
        "30": {
          "que": 30,
          "type": "msq",
          "marks": {
            "cm": 4,
            "pm": 1,
            "im": -2
          },
          "pdfData": [
            {
              "x1": 60.76666259765625,
              "x2": 561.566650390625,
              "y1": 326.3999938964844,
              "y2": 582.3999938964844,
              "page": 17
            }
          ],
          "answerOptions": "4"
        }
      },
      "C-DECNUM": {
        "31": {
          "que": 31,
          "type": "nat",
          "marks": {
            "cm": 4,
            "im": 0
          },
          "pdfData": [
            {
              "x1": 60.76666259765625,
              "x2": 561.566650390625,
              "y1": 146.40000915527344,
              "y2": 347.20001220703125,
              "page": 18
            }
          ]
        },
        "32": {
          "que": 32,
          "type": "nat",
          "marks": {
            "cm": 4,
            "im": 0
          },
          "pdfData": [
            {
              "x1": 60.76666259765625,
              "x2": 561.566650390625,
              "y1": 377.6000061035156,
              "y2": 632.8000183105469,
              "page": 18
            }
          ]
        },
        "33": {
          "que": 33,
          "type": "nat",
          "marks": {
            "cm": 4,
            "im": 0
          },
          "pdfData": [
            {
              "x1": 60.76666259765625,
              "x2": 561.566650390625,
              "y1": 53.600006103515625,
              "y2": 271.20001220703125,
              "page": 19
            }
          ]
        },
        "34": {
          "que": 34,
          "type": "nat",
          "marks": {
            "cm": 4,
            "im": 0
          },
          "pdfData": [
            {
              "x1": 60.76666259765625,
              "x2": 561.566650390625,
              "y1": 297.6000061035156,
              "y2": 354.3999938964844,
              "page": 19
            }
          ]
        },
        "35": {
          "que": 35,
          "type": "nat",
          "marks": {
            "cm": 4,
            "im": 0
          },
          "pdfData": [
            {
              "x1": 60.76666259765625,
              "x2": 561.566650390625,
              "y1": 376.8000183105469,
              "y2": 447.1999816894531,
              "page": 19
            }
          ]
        },
        "36": {
          "que": 36,
          "type": "nat",
          "marks": {
            "cm": 4,
            "im": 0
          },
          "pdfData": [
            {
              "x1": 60.76666259765625,
              "x2": 561.566650390625,
              "y1": 474.3999938964844,
              "y2": 619.1999816894531,
              "page": 19
            }
          ]
        }
      }
    },
    "Maths": {
      "M-MCQ": {
        "37": {
          "que": 37,
          "type": "mcq",
          "marks": {
            "cm": 3,
            "im": -1
          },
          "pdfData": [
            {
              "x1": 55.9666748046875,
              "x2": 541.566650390625,
              "y1": 152.8000030517578,
              "y2": 282.3999938964844,
              "page": 20
            }
          ],
          "answerOptions": "4"
        },
        "38": {
          "que": 38,
          "type": "mcq",
          "marks": {
            "cm": 3,
            "im": -1
          },
          "pdfData": [
            {
              "x1": 55.9666748046875,
              "x2": 541.566650390625,
              "y1": 312.8000183105469,
              "y2": 456.0000305175781,
              "page": 20
            }
          ],
          "answerOptions": "4"
        },
        "39": {
          "que": 39,
          "type": "mcq",
          "marks": {
            "cm": 3,
            "im": -1
          },
          "pdfData": [
            {
              "x1": 55.9666748046875,
              "x2": 541.566650390625,
              "y1": 500.8000183105469,
              "y2": 665.6000061035156,
              "page": 20
            }
          ],
          "answerOptions": "4"
        },
        "40": {
          "que": 40,
          "type": "mcq",
          "marks": {
            "cm": 3,
            "im": -1
          },
          "pdfData": [
            {
              "x1": 55.9666748046875,
              "x2": 541.566650390625,
              "y1": 52.80000305175781,
              "y2": 161.60000610351562,
              "page": 21
            }
          ],
          "answerOptions": "4"
        },
        "41": {
          "que": 41,
          "type": "mcq",
          "marks": {
            "cm": 3,
            "im": -1
          },
          "pdfData": [
            {
              "x1": 55.9666748046875,
              "x2": 541.566650390625,
              "y1": 200.80001831054688,
              "y2": 329.6000061035156,
              "page": 21
            }
          ],
          "answerOptions": "4"
        },
        "42": {
          "que": 42,
          "type": "mcq",
          "marks": {
            "cm": 3,
            "im": -1
          },
          "pdfData": [
            {
              "x1": 55.9666748046875,
              "x2": 541.566650390625,
              "y1": 377.6000061035156,
              "y2": 522.3999938964844,
              "page": 21
            }
          ],
          "answerOptions": "4"
        }
      },
      "M-MSQ": {
        "43": {
          "que": 43,
          "type": "msq",
          "marks": {
            "cm": 4,
            "pm": 1,
            "im": -2
          },
          "pdfData": [
            {
              "x1": 55.9666748046875,
              "x2": 541.566650390625,
              "y1": 53.600006103515625,
              "y2": 207.20001220703125,
              "page": 22
            }
          ],
          "answerOptions": "4"
        },
        "44": {
          "que": 44,
          "type": "msq",
          "marks": {
            "cm": 4,
            "pm": 1,
            "im": -2
          },
          "pdfData": [
            {
              "x1": 55.9666748046875,
              "x2": 541.566650390625,
              "y1": 235.20001220703125,
              "y2": 304.8000183105469,
              "page": 22
            }
          ],
          "answerOptions": "4"
        },
        "45": {
          "que": 45,
          "type": "msq",
          "marks": {
            "cm": 4,
            "pm": 1,
            "im": -2
          },
          "pdfData": [
            {
              "x1": 55.9666748046875,
              "x2": 541.566650390625,
              "y1": 323.20001220703125,
              "y2": 479.1999816894531,
              "page": 22
            }
          ],
          "answerOptions": "4"
        },
        "46": {
          "que": 46,
          "type": "msq",
          "marks": {
            "cm": 4,
            "pm": 1,
            "im": -2
          },
          "pdfData": [
            {
              "x1": 55.9666748046875,
              "x2": 541.566650390625,
              "y1": 507.1999816894531,
              "y2": 674.3999938964844,
              "page": 22
            }
          ],
          "answerOptions": "4"
        },
        "47": {
          "que": 47,
          "type": "msq",
          "marks": {
            "cm": 4,
            "pm": 1,
            "im": -2
          },
          "pdfData": [
            {
              "x1": 55.9666748046875,
              "x2": 541.566650390625,
              "y1": 52.00000762939453,
              "y2": 254.39999389648438,
              "page": 23
            }
          ],
          "answerOptions": "4"
        },
        "48": {
          "que": 48,
          "type": "msq",
          "marks": {
            "cm": 4,
            "pm": 1,
            "im": -2
          },
          "pdfData": [
            {
              "x1": 55.9666748046875,
              "x2": 541.566650390625,
              "y1": 286.3999938964844,
              "y2": 380,
              "page": 23
            }
          ],
          "answerOptions": "4"
        }
      },
      "M-DECNUM": {
        "49": {
          "que": 49,
          "type": "nat",
          "marks": {
            "cm": 4,
            "im": 0
          },
          "pdfData": [
            {
              "x1": 55.9666748046875,
              "x2": 541.566650390625,
              "y1": 500.0000305175781,
              "y2": 555.1999816894531,
              "page": 23
            }
          ]
        },
        "50": {
          "que": 50,
          "type": "nat",
          "marks": {
            "cm": 4,
            "im": 0
          },
          "pdfData": [
            {
              "x1": 55.9666748046875,
              "x2": 541.566650390625,
              "y1": 53.600006103515625,
              "y2": 151.20001220703125,
              "page": 24
            }
          ]
        },
        "51": {
          "que": 51,
          "type": "nat",
          "marks": {
            "cm": 4,
            "im": 0
          },
          "pdfData": [
            {
              "x1": 55.9666748046875,
              "x2": 541.566650390625,
              "y1": 171.20001220703125,
              "y2": 256,
              "page": 24
            }
          ]
        },
        "52": {
          "que": 52,
          "type": "nat",
          "marks": {
            "cm": 4,
            "im": 0
          },
          "pdfData": [
            {
              "x1": 55.9666748046875,
              "x2": 541.566650390625,
              "y1": 302.3999938964844,
              "y2": 394.3999938964844,
              "page": 24
            }
          ]
        },
        "53": {
          "que": 53,
          "type": "nat",
          "marks": {
            "cm": 4,
            "im": 0
          },
          "pdfData": [
            {
              "x1": 55.9666748046875,
              "x2": 541.566650390625,
              "y1": 428,
              "y2": 532.0000305175781,
              "page": 24
            }
          ]
        },
        "54": {
          "que": 54,
          "type": "nat",
          "marks": {
            "cm": 4,
            "im": 0
          },
          "pdfData": [
            {
              "x1": 55.9666748046875,
              "x2": 541.566650390625,
              "y1": 556.0000305175781,
              "y2": 656.8000183105469,
              "page": 24
            }
          ]
        }
      }
    }
  },
  "testConfig": {
    "pdfFileHash": "2307b19c142793f32442342977e6f17a8b71cb725067e97d86bb1feddbe14407"
  },
  "appVersion": "1.19.1",
  "generatedBy": "answerKeyPage",
  "generatedBasedOn": "pdfCropperPage",
  "testAnswerKey": {
    "Physics": {
      "P-MCQ": {
        "1": [
          1
        ],
        "2": [
          2
        ],
        "3": [
          2
        ],
        "4": [
          2
        ],
        "5": [
          1
        ],
        "6": [
          2
        ]
      },
      "P-MSQ": {
        "7": [
          2,
          3
        ],
        "8": [
          2,
          3,
          4
        ],
        "9": [
          1,
          2
        ],
        "10": [
          2,
          3
        ],
        "11": [
          1,
          3,
          4
        ],
        "12": [
          1,
          2,
          3
        ]
      },
      "P-DECNUM": {
        "13": "25.6",
        "14": "3.65TO3.85",
        "15": "0.5,3.13TO3.15",
        "16": "1.77TO1.79",
        "17": "0.62TO0.64",
        "18": "6.4"
      }
    },
    "Chemistry": {
      "C-MCQ": {
        "19": [
          2
        ],
        "20": [
          2
        ],
        "21": [
          1
        ],
        "22": [
          3
        ],
        "23": [
          4
        ],
        "24": [
          3
        ]
      },
      "C-MSQ": {
        "25": [
          1,
          2,
          3
        ],
        "26": [
          1,
          2,
          3
        ],
        "27": [
          2,
          4
        ],
        "28": [
          1,
          3
        ],
        "29": [
          1,
          2,
          4
        ],
        "30": [
          1,
          3
        ]
      },
      "C-DECNUM": {
        "31": "0.11",
        "32": "0.25",
        "33": "13TO13.6",
        "34": "6TO6.2",
        "35": "1.19TO1.21",
        "36": "18"
      }
    },
    "Maths": {
      "M-MCQ": {
        "37": [
          4
        ],
        "38": [
          3
        ],
        "39": [
          1
        ],
        "40": [
          1
        ],
        "41": [
          2
        ],
        "42": [
          3
        ]
      },
      "M-MSQ": {
        "43": [
          1,
          3
        ],
        "44": [
          2,
          3,
          4
        ],
        "45": [
          2,
          3
        ],
        "46": [
          2,
          3
        ],
        "47": [
          1,
          2
        ],
        "48": [
          1,
          2,
          4
        ]
      },
      "M-DECNUM": {
        "49": "8",
        "50": "1",
        "51": "1",
        "52": "108",
        "53": "5",
        "54": "1"
      }
    }
  }
}