{
  "pdfCropperData": {
    "Mathematics": {
      "M-INTNUM": {
        "1": {
          "que": 1,
          "type": "nat",
          "pdfData": [
            {
              "x1": 51,
              "x2": 538,
              "y1": 202,
              "y2": 318,
              "page": 1
            }
          ],
          "marks": {
            "cm": 3,
            "im": -1
          }
        },
        "2": {
          "que": 2,
          "type": "nat",
          "pdfData": [
            {
              "x1": 51,
              "x2": 538,
              "y1": 381,
              "y2": 455,
              "page": 1
            }
          ],
          "marks": {
            "cm": 3,
            "im": -1
          }
        },
        "3": {
          "que": 3,
          "type": "nat",
          "pdfData": [
            {
              "x1": 51,
              "x2": 538,
              "y1": 508,
              "y2": 605,
              "page": 1
            }
          ],
          "marks": {
            "cm": 3,
            "im": -1
          }
        },
        "4": {
          "que": 4,
          "type": "nat",
          "pdfData": [
            {
              "x1": 51,
              "x2": 538,
              "y1": 658,
              "y2": 764,
              "page": 1
            }
          ],
          "marks": {
            "cm": 3,
            "im": -1
          }
        },
        "5": {
          "que": 5,
          "type": "nat",
          "pdfData": [
            {
              "x1": 51,
              "x2": 538,
              "y1": 64,
              "y2": 156,
              "page": 2
            }
          ],
          "marks": {
            "cm": 3,
            "im": -1
          }
        },
        "6": {
          "que": 6,
          "type": "nat",
          "pdfData": [
            {
              "x1": 51,
              "x2": 538,
              "y1": 204,
              "y2": 301,
              "page": 2
            }
          ],
          "marks": {
            "cm": 3,
            "im": -1
          }
        },
        "7": {
          "que": 7,
          "type": "nat",
          "pdfData": [
            {
              "x1": 51,
              "x2": 538,
              "y1": 355,
              "y2": 500,
              "page": 2
            }
          ],
          "marks": {
            "cm": 3,
            "im": -1
          }
        },
        "8": {
          "que": 8,
          "type": "nat",
          "pdfData": [
            {
              "x1": 51,
              "x2": 538,
              "y1": 538,
              "y2": 746,
              "page": 2
            }
          ],
          "marks": {
            "cm": 3,
            "im": -1
          }
        }
      },
      "M-MSQ": {
        "9": {
          "que": 9,
          "type": "msq",
          "pdfData": [
            {
              "x1": 51,
              "x2": 538,
              "y1": 452,
              "y2": 593,
              "page": 3
            }
          ],
          "options": 4,
          "marks": {
            "cm": 4,
            "pm": 1,
            "im": -2
          }
        },
        "10": {
          "que": 10,
          "type": "msq",
          "pdfData": [
            {
              "x1": 51,
              "x2": 538,
              "y1": 54,
              "y2": 335,
              "page": 4
            }
          ],
          "options": 4,
          "marks": {
            "cm": 4,
            "pm": 1,
            "im": -2
          }
        },
        "11": {
          "que": 11,
          "type": "msq",
          "pdfData": [
            {
              "x1": 51,
              "x2": 538,
              "y1": 377,
              "y2": 601,
              "page": 4
            }
          ],
          "options": 4,
          "marks": {
            "cm": 4,
            "pm": 1,
            "im": -2
          }
        },
        "12": {
          "que": 12,
          "type": "msq",
          "pdfData": [
            {
              "x1": 51,
              "x2": 538,
              "y1": 52,
              "y2": 224,
              "page": 5
            }
          ],
          "options": 4,
          "marks": {
            "cm": 4,
            "pm": 1,
            "im": -2
          }
        },
        "13": {
          "que": 13,
          "type": "msq",
          "pdfData": [
            {
              "x1": 51,
              "x2": 538,
              "y1": 308,
              "y2": 629,
              "page": 5
            }
          ],
          "options": 4,
          "marks": {
            "cm": 4,
            "pm": 1,
            "im": -2
          }
        },
        "14": {
          "que": 14,
          "type": "msq",
          "pdfData": [
            {
              "x1": 51,
              "x2": 538,
              "y1": 52,
              "y2": 266,
              "page": 6
            }
          ],
          "options": 4,
          "marks": {
            "cm": 4,
            "pm": 1,
            "im": -2
          }
        }
      },
      "M-MCQ": {
        "15": {
          "que": 15,
          "type": "mcq",
          "pdfData": [
            {
              "x1": 51,
              "x2": 538,
              "y1": 212,
              "y2": 289,
              "page": 7
            }
          ],
          "options": 4,
          "marks": {
            "cm": 3,
            "im": -1
          }
        },
        "16": {
          "que": 16,
          "type": "mcq",
          "pdfData": [
            {
              "x1": 51,
              "x2": 538,
              "y1": 385,
              "y2": 598,
              "page": 7
            }
          ],
          "options": 4,
          "marks": {
            "cm": 3,
            "im": -1
          }
        },
        "17": {
          "que": 17,
          "type": "mcq",
          "pdfData": [
            {
              "x1": 51,
              "x2": 538,
              "y1": 53,
              "y2": 311,
              "page": 8
            }
          ],
          "options": 4,
          "marks": {
            "cm": 3,
            "im": -1
          }
        },
        "18": {
          "que": 18,
          "type": "mcq",
          "pdfData": [
            {
              "x1": 51,
              "x2": 538,
              "y1": 372,
              "y2": 564,
              "page": 8
            }
          ],
          "options": 4,
          "marks": {
            "cm": 3,
            "im": -1
          }
        }
      }
    },
    "Physics": {
      "P-INTNUM": {
        "19": {
          "que": 19,
          "type": "nat",
          "pdfData": [
            {
              "x1": 76,
              "x2": 535,
              "y1": 240,
              "y2": 320,
              "page": 9
            }
          ],
          "marks": {
            "cm": 3,
            "im": -1
          }
        },
        "20": {
          "que": 20,
          "type": "nat",
          "pdfData": [
            {
              "x1": 76,
              "x2": 535,
              "y1": 365,
              "y2": 399,
              "page": 9
            }
          ],
          "marks": {
            "cm": 3,
            "im": -1
          }
        },
        "21": {
          "que": 21,
          "type": "nat",
          "pdfData": [
            {
              "x1": 76,
              "x2": 535,
              "y1": 428,
              "y2": 691,
              "page": 9
            }
          ],
          "marks": {
            "cm": 3,
            "im": -1
          }
        },
        "22": {
          "que": 22,
          "type": "nat",
          "pdfData": [
            {
              "x1": 76,
              "x2": 535,
              "y1": 60,
              "y2": 123,
              "page": 10
            }
          ],
          "marks": {
            "cm": 3,
            "im": -1
          }
        },
        "23": {
          "que": 23,
          "type": "nat",
          "pdfData": [
            {
              "x1": 76,
              "x2": 535,
              "y1": 149,
              "y2": 442,
              "page": 10
            }
          ],
          "marks": {
            "cm": 3,
            "im": -1
          }
        },
        "24": {
          "que": 24,
          "type": "nat",
          "pdfData": [
            {
              "x1": 76,
              "x2": 535,
              "y1": 481,
              "y2": 721,
              "page": 10
            }
          ],
          "marks": {
            "cm": 3,
            "im": -1
          }
        },
        "25": {
          "que": 25,
          "type": "nat",
          "pdfData": [
            {
              "x1": 76,
              "x2": 535,
              "y1": 83,
              "y2": 150,
              "page": 11
            }
          ],
          "marks": {
            "cm": 3,
            "im": -1
          }
        },
        "26": {
          "que": 26,
          "type": "nat",
          "pdfData": [
            {
              "x1": 76,
              "x2": 535,
              "y1": 177,
              "y2": 423,
              "page": 11
            }
          ],
          "marks": {
            "cm": 3,
            "im": -1
          }
        }
      },
      "P-MSQ": {
        "27": {
          "que": 27,
          "type": "msq",
          "pdfData": [
            {
              "x1": 76,
              "x2": 535,
              "y1": 412,
              "y2": 717,
              "page": 12
            }
          ],
          "options": 4,
          "marks": {
            "cm": 4,
            "pm": 1,
            "im": -2
          }
        },
        "28": {
          "que": 28,
          "type": "msq",
          "pdfData": [
            {
              "x1": 76,
              "x2": 535,
              "y1": 62,
              "y2": 410,
              "page": 13
            }
          ],
          "options": 4,
          "marks": {
            "cm": 4,
            "pm": 1,
            "im": -2
          }
        },
        "29": {
          "que": 29,
          "type": "msq",
          "pdfData": [
            {
              "x1": 76,
              "x2": 535,
              "y1": 439,
              "y2": 692,
              "page": 13
            }
          ],
          "options": 4,
          "marks": {
            "cm": 4,
            "pm": 1,
            "im": -2
          }
        },
        "30": {
          "que": 30,
          "type": "msq",
          "pdfData": [
            {
              "x1": 76,
              "x2": 535,
              "y1": 48,
              "y2": 236,
              "page": 14
            }
          ],
          "options": 4,
          "marks": {
            "cm": 4,
            "pm": 1,
            "im": -2
          }
        },
        "31": {
          "que": 31,
          "type": "msq",
          "pdfData": [
            {
              "x1": 76,
              "x2": 535,
              "y1": 265,
              "y2": 670,
              "page": 14
            }
          ],
          "options": 4,
          "marks": {
            "cm": 4,
            "pm": 1,
            "im": -2
          }
        },
        "32": {
          "que": 32,
          "type": "msq",
          "pdfData": [
            {
              "x1": 76,
              "x2": 535,
              "y1": 121,
              "y2": 459,
              "page": 15
            }
          ],
          "options": 4,
          "marks": {
            "cm": 4,
            "pm": 1,
            "im": -2
          }
        }
      },
      "P-MCQ": {
        "33": {
          "que": 33,
          "type": "mcq",
          "pdfData": [
            {
              "x1": 76,
              "x2": 535,
              "y1": 50,
              "y2": 339,
              "page": 17
            }
          ],
          "options": 4,
          "marks": {
            "cm": 3,
            "im": -1
          }
        },
        "34": {
          "que": 34,
          "type": "mcq",
          "pdfData": [
            {
              "x1": 76,
              "x2": 535,
              "y1": 412,
              "y2": 556,
              "page": 17
            }
          ],
          "options": 4,
          "marks": {
            "cm": 3,
            "im": -1
          }
        },
        "35": {
          "que": 35,
          "type": "mcq",
          "pdfData": [
            {
              "x1": 76,
              "x2": 535,
              "y1": 48,
              "y2": 263,
              "page": 18
            }
          ],
          "options": 4,
          "marks": {
            "cm": 3,
            "im": -1
          }
        },
        "36": {
          "que": 36,
          "type": "mcq",
          "pdfData": [
            {
              "x1": 76,
              "x2": 535,
              "y1": 280,
              "y2": 503,
              "page": 18
            }
          ],
          "options": 4,
          "marks": {
            "cm": 3,
            "im": -1
          }
        }
      }
    },
    "Chemistry": {
      "C-INTNUM": {
        "37": {
          "que": 37,
          "type": "nat",
          "pdfData": [
            {
              "x1": 50,
              "x2": 539,
              "y1": 264,
              "y2": 361,
              "page": 19
            }
          ],
          "marks": {
            "cm": 3,
            "im": -1
          }
        },
        "38": {
          "que": 38,
          "type": "nat",
          "pdfData": [
            {
              "x1": 50,
              "x2": 539,
              "y1": 457,
              "y2": 522,
              "page": 19
            }
          ],
          "marks": {
            "cm": 3,
            "im": -1
          }
        },
        "39": {
          "que": 39,
          "type": "nat",
          "pdfData": [
            {
              "x1": 50,
              "x2": 539,
              "y1": 78,
              "y2": 407,
              "page": 20
            }
          ],
          "marks": {
            "cm": 3,
            "im": -1
          }
        },
        "40": {
          "que": 40,
          "type": "nat",
          "pdfData": [
            {
              "x1": 50,
              "x2": 539,
              "y1": 468,
              "y2": 508,
              "page": 20
            }
          ],
          "marks": {
            "cm": 3,
            "im": -1
          }
        },
        "41": {
          "que": 41,
          "type": "nat",
          "pdfData": [
            {
              "x1": 50,
              "x2": 539,
              "y1": 599,
              "y2": 650,
              "page": 20
            }
          ],
          "marks": {
            "cm": 3,
            "im": -1
          }
        },
        "42": {
          "que": 42,
          "type": "nat",
          "pdfData": [
            {
              "x1": 50,
              "x2": 539,
              "y1": 77,
              "y2": 172,
              "page": 21
            }
          ],
          "marks": {
            "cm": 3,
            "im": -1
          }
        },
        "43": {
          "que": 43,
          "type": "nat",
          "pdfData": [
            {
              "x1": 50,
              "x2": 539,
              "y1": 263,
              "y2": 377,
              "page": 21
            }
          ],
          "marks": {
            "cm": 3,
            "im": -1
          }
        },
        "44": {
          "que": 44,
          "type": "nat",
          "pdfData": [
            {
              "x1": 50,
              "x2": 539,
              "y1": 456,
              "y2": 562,
              "page": 21
            }
          ],
          "marks": {
            "cm": 3,
            "im": -1
          }
        }
      },
      "C-MSQ": {
        "45": {
          "que": 45,
          "type": "msq",
          "pdfData": [
            {
              "x1": 50,
              "x2": 539,
              "y1": 465,
              "y2": 738,
              "page": 22
            }
          ],
          "options": 4,
          "marks": {
            "cm": 4,
            "pm": 1,
            "im": -2
          }
        },
        "46": {
          "que": 46,
          "type": "msq",
          "pdfData": [
            {
              "x1": 50,
              "x2": 539,
              "y1": 78,
              "y2": 266,
              "page": 23
            }
          ],
          "options": 4,
          "marks": {
            "cm": 4,
            "pm": 1,
            "im": -2
          }
        },
        "47": {
          "que": 47,
          "type": "msq",
          "pdfData": [
            {
              "x1": 50,
              "x2": 539,
              "y1": 363,
              "y2": 420,
              "page": 23
            }
          ],
          "options": 4,
          "marks": {
            "cm": 4,
            "pm": 1,
            "im": -2
          }
        },
        "48": {
          "que": 48,
          "type": "msq",
          "pdfData": [
            {
              "x1": 50,
              "x2": 539,
              "y1": 515,
              "y2": 631,
              "page": 23
            }
          ],
          "options": 4,
          "marks": {
            "cm": 4,
            "pm": 1,
            "im": -2
          }
        },
        "49": {
          "que": 49,
          "type": "msq",
          "pdfData": [
            {
              "x1": 50,
              "x2": 539,
              "y1": 88,
              "y2": 331,
              "page": 24
            }
          ],
          "options": 4,
          "marks": {
            "cm": 4,
            "pm": 1,
            "im": -2
          }
        },
        "50": {
          "que": 50,
          "type": "msq",
          "pdfData": [
            {
              "x1": 50,
              "x2": 539,
              "y1": 401,
              "y2": 532,
              "page": 24
            }
          ],
          "options": 4,
          "marks": {
            "cm": 4,
            "pm": 1,
            "im": -2
          }
        }
      },
      "C-MCQ": {
        "51": {
          "que": 51,
          "type": "mcq",
          "pdfData": [
            {
              "x1": 50,
              "x2": 539,
              "y1": 255,
              "y2": 327,
              "page": 25
            }
          ],
          "options": 4,
          "marks": {
            "cm": 3,
            "im": -1
          }
        },
        "52": {
          "que": 52,
          "type": "mcq",
          "pdfData": [
            {
              "x1": 50,
              "x2": 539,
              "y1": 414,
              "y2": 473,
              "page": 25
            }
          ],
          "options": 4,
          "marks": {
            "cm": 3,
            "im": -1
          }
        },
        "53": {
          "que": 53,
          "type": "mcq",
          "pdfData": [
            {
              "x1": 50,
              "x2": 539,
              "y1": 554,
              "y2": 628,
              "page": 25
            }
          ],
          "options": 4,
          "marks": {
            "cm": 3,
            "im": -1
          }
        },
        "54": {
          "que": 54,
          "type": "mcq",
          "pdfData": [
            {
              "x1": 50,
              "x2": 539,
              "y1": 90,
              "y2": 563,
              "page": 26
            }
          ],
          "options": 4,
          "marks": {
            "cm": 3,
            "im": -1
          }
        }
      }
    }
  },
  "pdfFileHash": "19fb87de938f6e45c1d6dfb5d482b83d02bec1130ae2ab0b7a834c301d969fe2",
  "testAnswerKey": {
    "Mathematics": {
      "M-INTNUM": {
        "1": "1",
        "2": "8",
        "3": "5",
        "4": "1",
        "5": "5",
        "6": "3",
        "7": "7",
        "8": "6"
      },
      "M-MSQ": {
        "9": [
          1,
          2
        ],
        "10": [
          1,
          2,
          3
        ],
        "11": [
          1
        ],
        "12": [
          3,
          4
        ],
        "13": [
          2,
          3,
          4
        ],
        "14": [
          3
        ]
      },
      "M-MCQ": {
        "15": [
          1
        ],
        "16": [
          1
        ],
        "17": [
          3
        ],
        "18": [
          2
        ]
      }
    },
    "Physics": {
      "P-INTNUM": {
        "19": "3",
        "20": "2",
        "21": "5",
        "22": "4",
        "23": "4",
        "24": "3",
        "25": "6",
        "26": "3"
      },
      "P-MSQ": {
        "27": [
          2
        ],
        "28": [
          1,
          2,
          3
        ],
        "29": [
          3,
          4
        ],
        "30": [
          1,
          3,
          4
        ],
        "31": [
          1,
          2
        ],
        "32": [
	  2,
	  3,
	  4
	]
      },
      "P-MCQ": {
        "33": [
          2
        ],
        "34": [
          1
        ],
        "35": [
	  3
	],
        "36": [
          3
        ]
      }
    },
    "Chemistry": {
      "C-INTNUM": {
        "37": "6",
        "38": "5",
        "39": "7",
        "40": "2,4,6",
        "41": "6",
        "42": "2",
        "43": "0",
        "44": "2"
      },
      "C-MSQ": {
        "45": [
          2,
          3
        ],
        "46": [
          2,
          3,
          4
        ],
        "47": [
          1,
          2,
          3
        ],
        "48": [
          1,
          2,
          3
        ],
        "49": [
          1,
          3
        ],
        "50": [
          2,
          3
        ]
      },
      "C-MCQ": {
        "51": [
          2
        ],
        "52": [
          3
        ],
        "53": [
          3
        ],
        "54": [
          3
        ]
      }
    }
  }
}