{
  "testConfig": {
    "pdfFileHash": "18ba400526a46d56e12e347effb701c89514f8336c2c28ebe0f6e8f3d9ab11ef"
  },
  "pdfCropperData": {
    "Physics": {
      "P-MSQ": {
        "1": {
          "que": 1,
          "type": "msq",
          "marks": {
            "cm": 4,
            "pm": 1,
            "im": -2
          },
          "pdfData": [
            {
              "x1": 81,
              "x2": 538,
              "y1": 388,
              "y2": 536,
              "page": 1
            }
          ],
          "answerOptions": "4"
        },
        "2": {
          "que": 2,
          "type": "msq",
          "marks": {
            "cm": 4,
            "pm": 1,
            "im": -2
          },
          "pdfData": [
            {
              "x1": 81,
              "x2": 538,
              "y1": 50,
              "y2": 227,
              "page": 2
            }
          ],
          "answerOptions": "4"
        },
        "3": {
          "que": 3,
          "type": "msq",
          "marks": {
            "cm": 4,
            "pm": 1,
            "im": -2
          },
          "pdfData": [
            {
              "x1": 81,
              "x2": 538,
              "y1": 250,
              "y2": 724,
              "page": 2
            }
          ],
          "answerOptions": "4"
        },
        "4": {
          "que": 4,
          "type": "msq",
          "marks": {
            "cm": 4,
            "pm": 1,
            "im": -2
          },
          "pdfData": [
            {
              "x1": 81,
              "x2": 538,
              "y1": 63,
              "y2": 602,
              "page": 3
            }
          ],
          "answerOptions": "4"
        },
        "5": {
          "que": 5,
          "type": "msq",
          "marks": {
            "cm": 4,
            "pm": 1,
            "im": -2
          },
          "pdfData": [
            {
              "x1": 81,
              "x2": 538,
              "y1": 65,
              "y2": 169,
              "page": 4
            }
          ],
          "answerOptions": "4"
        },
        "6": {
          "que": 6,
          "type": "msq",
          "marks": {
            "cm": 4,
            "pm": 1,
            "im": -2
          },
          "pdfData": [
            {
              "x1": 81,
              "x2": 538,
              "y1": 223,
              "y2": 370,
              "page": 4
            }
          ],
          "answerOptions": "4"
        }
      },
      "P-DECNUM": {
        "7": {
          "que": 7,
          "type": "nat",
          "marks": {
            "cm": 3,
            "im": 0
          },
          "pdfData": [
            {
              "x1": 81,
              "x2": 538,
              "y1": 195,
              "y2": 273,
              "page": 5
            }
          ]
        },
        "8": {
          "que": 8,
          "type": "nat",
          "marks": {
            "cm": 3,
            "im": 0
          },
          "pdfData": [
            {
              "x1": 81,
              "x2": 538,
              "y1": 305,
              "y2": 388,
              "page": 5
            }
          ]
        },
        "9": {
          "que": 9,
          "type": "nat",
          "marks": {
            "cm": 3,
            "im": 0
          },
          "pdfData": [
            {
              "x1": 81,
              "x2": 538,
              "y1": 448,
              "y2": 520,
              "page": 5
            }
          ]
        },
        "10": {
          "que": 10,
          "type": "nat",
          "marks": {
            "cm": 3,
            "im": 0
          },
          "pdfData": [
            {
              "x1": 81,
              "x2": 538,
              "y1": 577,
              "y2": 705,
              "page": 5
            }
          ]
        },
        "11": {
          "que": 11,
          "type": "nat",
          "marks": {
            "cm": 3,
            "im": 0
          },
          "pdfData": [
            {
              "x1": 81,
              "x2": 538,
              "y1": 79,
              "y2": 193,
              "page": 6
            }
          ]
        },
        "12": {
          "que": 12,
          "type": "nat",
          "marks": {
            "cm": 3,
            "im": 0
          },
          "pdfData": [
            {
              "x1": 81,
              "x2": 538,
              "y1": 238,
              "y2": 300,
              "page": 6
            }
          ]
        },
        "13": {
          "que": 13,
          "type": "nat",
          "marks": {
            "cm": 3,
            "im": 0
          },
          "pdfData": [
            {
              "x1": 81,
              "x2": 538,
              "y1": 347,
              "y2": 474,
              "page": 6
            }
          ]
        },
        "14": {
          "que": 14,
          "type": "nat",
          "marks": {
            "cm": 3,
            "im": 0
          },
          "pdfData": [
            {
              "x1": 81,
              "x2": 538,
              "y1": 535,
              "y2": 602,
              "page": 6
            }
          ]
        }
      },
      "P-LIST": {
        "15": {
          "que": 15,
          "type": "mcq",
          "marks": {
            "cm": 3,
            "im": -1
          },
          "pdfData": [
            {
              "x1": 81,
              "x2": 538,
              "y1": 231,
              "y2": 698,
              "page": 7
            }
          ],
          "answerOptions": "4"
        },
        "16": {
          "que": 16,
          "type": "mcq",
          "marks": {
            "cm": 3,
            "im": -1
          },
          "pdfData": [
            {
              "x1": 81,
              "x2": 538,
              "y1": 81,
              "y2": 455,
              "page": 8
            }
          ],
          "answerOptions": "4"
        },
        "17": {
          "que": 17,
          "type": "mcq",
          "marks": {
            "cm": 3,
            "im": -1
          },
          "pdfData": [
            {
              "x1": 81,
              "x2": 538,
              "y1": 51,
              "y2": 492,
              "page": 9
            }
          ],
          "answerOptions": "4"
        },
        "18": {
          "que": 18,
          "type": "mcq",
          "marks": {
            "cm": 3,
            "im": -1
          },
          "pdfData": [
            {
              "x1": 81,
              "x2": 538,
              "y1": 51,
              "y2": 442,
              "page": 10
            }
          ],
          "answerOptions": "4"
        }
      }
    },
    "Chemistry": {
      "C-MSQ": {
        "19": {
          "que": 19,
          "type": "msq",
          "marks": {
            "cm": 4,
            "pm": 1,
            "im": -2
          },
          "pdfData": [
            {
              "x1": 81,
              "x2": 538,
              "y1": 418,
              "y2": 545,
              "page": 11
            }
          ],
          "answerOptions": "4"
        },
        "20": {
          "que": 20,
          "type": "msq",
          "marks": {
            "cm": 4,
            "pm": 1,
            "im": -2
          },
          "pdfData": [
            {
              "x1": 81,
              "x2": 538,
              "y1": 588,
              "y2": 718,
              "page": 11
            }
          ],
          "answerOptions": "4"
        },
        "21": {
          "que": 21,
          "type": "msq",
          "marks": {
            "cm": 4,
            "pm": 1,
            "im": -2
          },
          "pdfData": [
            {
              "x1": 81,
              "x2": 538,
              "y1": 85,
              "y2": 409,
              "page": 12
            }
          ],
          "answerOptions": "4"
        },
        "22": {
          "que": 22,
          "type": "msq",
          "marks": {
            "cm": 4,
            "pm": 1,
            "im": -2
          },
          "pdfData": [
            {
              "x1": 81,
              "x2": 538,
              "y1": 50,
              "y2": 473,
              "page": 13
            }
          ],
          "answerOptions": "4"
        },
        "23": {
          "que": 23,
          "type": "msq",
          "marks": {
            "cm": 4,
            "pm": 1,
            "im": -2
          },
          "pdfData": [
            {
              "x1": 81,
              "x2": 538,
              "y1": 73,
              "y2": 575,
              "page": 14
            }
          ],
          "answerOptions": "4"
        },
        "24": {
          "que": 24,
          "type": "msq",
          "marks": {
            "cm": 4,
            "pm": 1,
            "im": -2
          },
          "pdfData": [
            {
              "x1": 81,
              "x2": 538,
              "y1": 72,
              "y2": 431,
              "page": 15
            }
          ],
          "answerOptions": "4"
        }
      },
      "C-DECNUM": {
        "25": {
          "que": 25,
          "type": "nat",
          "marks": {
            "cm": 3,
            "im": 0
          },
          "pdfData": [
            {
              "x1": 81,
              "x2": 538,
              "y1": 210,
              "y2": 271,
              "page": 16
            }
          ]
        },
        "26": {
          "que": 26,
          "type": "nat",
          "marks": {
            "cm": 3,
            "im": 0
          },
          "pdfData": [
            {
              "x1": 81,
              "x2": 538,
              "y1": 345,
              "y2": 451,
              "page": 16
            }
          ]
        },
        "27": {
          "que": 27,
          "type": "nat",
          "marks": {
            "cm": 3,
            "im": 0
          },
          "pdfData": [
            {
              "x1": 81,
              "x2": 538,
              "y1": 501,
              "y2": 638,
              "page": 16
            }
          ]
        },
        "28": {
          "que": 28,
          "type": "nat",
          "marks": {
            "cm": 3,
            "im": 0
          },
          "pdfData": [
            {
              "x1": 81,
              "x2": 538,
              "y1": 49,
              "y2": 175,
              "page": 17
            }
          ]
        },
        "29": {
          "que": 29,
          "type": "nat",
          "marks": {
            "cm": 3,
            "im": 0
          },
          "pdfData": [
            {
              "x1": 81,
              "x2": 538,
              "y1": 240,
              "y2": 385,
              "page": 17
            }
          ]
        },
        "30": {
          "que": 30,
          "type": "nat",
          "marks": {
            "cm": 3,
            "im": 0
          },
          "pdfData": [
            {
              "x1": 81,
              "x2": 538,
              "y1": 49,
              "y2": 272,
              "page": 18
            }
          ]
        },
        "31": {
          "que": 31,
          "type": "nat",
          "marks": {
            "cm": 3,
            "im": 0
          },
          "pdfData": [
            {
              "x1": 81,
              "x2": 538,
              "y1": 370,
              "y2": 491,
              "page": 18
            }
          ]
        },
        "32": {
          "que": 32,
          "type": "nat",
          "marks": {
            "cm": 3,
            "im": 0
          },
          "pdfData": [
            {
              "x1": 81,
              "x2": 538,
              "y1": 531,
              "y2": 632,
              "page": 18
            }
          ]
        }
      },
      "C-LIST": {
        "33": {
          "que": 33,
          "type": "mcq",
          "marks": {
            "cm": 3,
            "im": -1
          },
          "pdfData": [
            {
              "x1": 81,
              "x2": 538,
              "y1": 235,
              "y2": 508,
              "page": 19
            }
          ],
          "answerOptions": "4"
        },
        "34": {
          "que": 34,
          "type": "mcq",
          "marks": {
            "cm": 3,
            "im": -1
          },
          "pdfData": [
            {
              "x1": 81,
              "x2": 538,
              "y1": 50,
              "y2": 561,
              "page": 20
            }
          ],
          "answerOptions": "4"
        },
        "35": {
          "que": 35,
          "type": "mcq",
          "marks": {
            "cm": 3,
            "im": -1
          },
          "pdfData": [
            {
              "x1": 81,
              "x2": 538,
              "y1": 74,
              "y2": 474,
              "page": 21
            }
          ],
          "answerOptions": "4"
        },
        "36": {
          "que": 36,
          "type": "mcq",
          "marks": {
            "cm": 3,
            "im": -1
          },
          "pdfData": [
            {
              "x1": 81,
              "x2": 538,
              "y1": 96,
              "y2": 546,
              "page": 22
            }
          ],
          "answerOptions": "4"
        }
      }
    },
    "Maths": {
      "M-MSQ": {
        "37": {
          "que": 37,
          "type": "msq",
          "marks": {
            "cm": 4,
            "pm": 1,
            "im": -2
          },
          "pdfData": [
            {
              "x1": 81,
              "x2": 538,
              "y1": 404,
              "y2": 612,
              "page": 23
            }
          ],
          "answerOptions": "4"
        },
        "38": {
          "que": 38,
          "type": "msq",
          "marks": {
            "cm": 4,
            "pm": 1,
            "im": -2
          },
          "pdfData": [
            {
              "x1": 81,
              "x2": 538,
              "y1": 51,
              "y2": 251,
              "page": 24
            }
          ],
          "answerOptions": "4"
        },
        "39": {
          "que": 39,
          "type": "msq",
          "marks": {
            "cm": 4,
            "pm": 1,
            "im": -2
          },
          "pdfData": [
            {
              "x1": 81,
              "x2": 538,
              "y1": 279,
              "y2": 546,
              "page": 24
            }
          ],
          "answerOptions": "4"
        },
        "40": {
          "que": 40,
          "type": "msq",
          "marks": {
            "cm": 4,
            "pm": 1,
            "im": -2
          },
          "pdfData": [
            {
              "x1": 81,
              "x2": 538,
              "y1": 50,
              "y2": 300,
              "page": 25
            }
          ],
          "answerOptions": "4"
        },
        "41": {
          "que": 41,
          "type": "msq",
          "marks": {
            "cm": 4,
            "pm": 1,
            "im": -2
          },
          "pdfData": [
            {
              "x1": 81,
              "x2": 538,
              "y1": 332,
              "y2": 481,
              "page": 25
            }
          ],
          "answerOptions": "4"
        },
        "42": {
          "que": 42,
          "type": "msq",
          "marks": {
            "cm": 4,
            "pm": 1,
            "im": -2
          },
          "pdfData": [
            {
              "x1": 81,
              "x2": 538,
              "y1": 48,
              "y2": 238,
              "page": 26
            }
          ],
          "answerOptions": "4"
        }
      },
      "M-DECNUM": {
        "43": {
          "que": 43,
          "type": "nat",
          "marks": {
            "cm": 3,
            "im": 0
          },
          "pdfData": [
            {
              "x1": 81,
              "x2": 538,
              "y1": 49,
              "y2": 135,
              "page": 28
            }
          ]
        },
        "44": {
          "que": 44,
          "type": "nat",
          "marks": {
            "cm": 3,
            "im": 0
          },
          "pdfData": [
            {
              "x1": 81,
              "x2": 552,
              "y1": 159,
              "y2": 202,
              "page": 28
            }
          ]
        },
        "45": {
          "que": 45,
          "type": "nat",
          "marks": {
            "cm": 3,
            "im": 0
          },
          "pdfData": [
            {
              "x1": 81,
              "x2": 552,
              "y1": 224,
              "y2": 291,
              "page": 28
            }
          ]
        },
        "46": {
          "que": 46,
          "type": "nat",
          "marks": {
            "cm": 3,
            "im": 0
          },
          "pdfData": [
            {
              "x1": 81,
              "x2": 552,
              "y1": 316,
              "y2": 411,
              "page": 28
            }
          ]
        },
        "47": {
          "que": 47,
          "type": "nat",
          "marks": {
            "cm": 3,
            "im": 0
          },
          "pdfData": [
            {
              "x1": 81,
              "x2": 552,
              "y1": 437,
              "y2": 499,
              "page": 28
            }
          ]
        },
        "48": {
          "que": 48,
          "type": "nat",
          "marks": {
            "cm": 3,
            "im": 0
          },
          "pdfData": [
            {
              "x1": 81,
              "x2": 552,
              "y1": 526,
              "y2": 605,
              "page": 28
            }
          ]
        },
        "49": {
          "que": 49,
          "type": "nat",
          "marks": {
            "cm": 3,
            "im": 0
          },
          "pdfData": [
            {
              "x1": 81,
              "x2": 552,
              "y1": 50,
              "y2": 162,
              "page": 29
            }
          ]
        },
        "50": {
          "que": 50,
          "type": "nat",
          "marks": {
            "cm": 3,
            "im": 0
          },
          "pdfData": [
            {
              "x1": 81,
              "x2": 552,
              "y1": 186,
              "y2": 275,
              "page": 29
            }
          ]
        }
      },
      "M-LIST": {
        "51": {
          "que": 51,
          "type": "mcq",
          "marks": {
            "cm": 3,
            "im": -1
          },
          "pdfData": [
            {
              "x1": 81,
              "x2": 552,
              "y1": 221,
              "y2": 634,
              "page": 30
            }
          ],
          "answerOptions": "4"
        },
        "52": {
          "que": 52,
          "type": "mcq",
          "marks": {
            "cm": 3,
            "im": -1
          },
          "pdfData": [
            {
              "x1": 81,
              "x2": 552,
              "y1": 50,
              "y2": 521,
              "page": 31
            }
          ],
          "answerOptions": "4"
        },
        "53": {
          "que": 53,
          "type": "mcq",
          "marks": {
            "cm": 3,
            "im": -1
          },
          "pdfData": [
            {
              "x1": 81,
              "x2": 552,
              "y1": 50,
              "y2": 338,
              "page": 32
            }
          ],
          "answerOptions": "4"
        },
        "54": {
          "que": 54,
          "type": "mcq",
          "marks": {
            "cm": 3,
            "im": -1
          },
          "pdfData": [
            {
              "x1": 81,
              "x2": 552,
              "y1": 51,
              "y2": 558,
              "page": 33
            }
          ],
          "answerOptions": "4"
        }
      }
    }
  },
  "appVersion": "1.22.1",
  "generatedBy": "answerKeyPage",
  "generatedBasedOn": "pdfCropperPage",
  "testAnswerKey": {
    "Physics": {
      "P-MSQ": {
        "1": [
          1,
          2,
          4
        ],
        "2": [
          1,
          3,
          4
        ],
        "3": [
          1,
          2
        ],
        "4": [
          4
        ],
        "5": [
          1,
          3
        ],
        "6": [
          1,
          2,
          3
        ]
      },
      "P-DECNUM": {
        "7": "6.29TO6.31",
        "8": "29.6TO30.4",
        "9": "2",
        "10": "5.5TO5.6",
        "11": "3",
        "12": "900",
        "13": "23.6TO24.4",
        "14": "3"
      },
      "P-LIST": {
        "15": [
          2
        ],
        "16": [
          2
        ],
        "17": [
          3
        ],
        "18": [
          1
        ]
      }
    },
    "Chemistry": {
      "C-MSQ": {
        "19": [
          1,
          2,
          4
        ],
        "20": [
          2,
          4
        ],
        "21": [
          4
        ],
        "22": [
          4
        ],
        "23": [
          1,
          4
        ],
        "24": [
          1,
          3
        ]
      },
      "C-DECNUM": {
        "25": "5,6",
        "26": "6.4TO6.5",
        "27": "120TO130",
        "28": "7",
        "29": "490TO500",
        "30": "-14.7TO-14.5",
        "31": "8500",
        "32": "-11.82TO-11.42"
      },
      "C-LIST": {
        "33": [
          3
        ],
        "34": [
          4
        ],
        "35": [
          2
        ],
        "36": [
          4
        ]
      }
    },
    "Maths": {
      "M-MSQ": {
        "37": [
          4
        ],
        "38": [
          2,
          4
        ],
        "39": [
          1,
          4
        ],
        "40": [
          1,
          3
        ],
        "41": [
          1,
          3,
          4
        ],
        "42": [
          2,
          3,
          4
        ]
      },
      "M-DECNUM": {
        "43": "2",
        "44": "4",
        "45": "119",
        "46": "0.4",
        "47": "2",
        "48": "8",
        "49": "0.5",
        "50": "646"
      },
      "M-LIST": {
        "51": [
          1
        ],
        "52": [
          3
        ],
        "53": [
          2
        ],
        "54": [
          4
        ]
      }
    }
  }
}