{
  "pdfCropperData": {
    "Mathematics": {
      "M-DECNUM": {
        "1": {
          "que": 1,
          "type": "nat",
          "pdfData": [
            {
              "x1": 56,
              "x2": 525,
              "y1": 222,
              "y2": 322,
              "page": 1
            }
          ],
          "marks": {
            "cm": 3,
            "im": 0
          }
        },
        "2": {
          "que": 2,
          "type": "nat",
          "pdfData": [
            {
              "x1": 56,
              "x2": 525,
              "y1": 402,
              "y2": 501,
              "page": 1
            }
          ],
          "marks": {
            "cm": 3,
            "im": 0
          }
        },
        "3": {
          "que": 3,
          "type": "nat",
          "pdfData": [
            {
              "x1": 56,
              "x2": 525,
              "y1": 555,
              "y2": 713,
              "page": 1
            }
          ],
          "marks": {
            "cm": 3,
            "im": 0
          }
        },
        "4": {
          "que": 4,
          "type": "nat",
          "pdfData": [
            {
              "x1": 56,
              "x2": 525,
              "y1": 52,
              "y2": 136,
              "page": 2
            }
          ],
          "marks": {
            "cm": 3,
            "im": 0
          }
        },
        "5": {
          "que": 5,
          "type": "nat",
          "pdfData": [
            {
              "x1": 57,
              "x2": 539,
              "y1": 205,
              "y2": 293,
              "page": 2
            }
          ],
          "marks": {
            "cm": 3,
            "im": 0
          }
        },
        "6": {
          "que": 6,
          "type": "nat",
          "pdfData": [
            {
              "x1": 57,
              "x2": 539,
              "y1": 381,
              "y2": 451,
              "page": 2
            }
          ],
          "marks": {
            "cm": 3,
            "im": 0
          }
        },
        "7": {
          "que": 7,
          "type": "nat",
          "pdfData": [
            {
              "x1": 57,
              "x2": 539,
              "y1": 533,
              "y2": 570,
              "page": 2
            }
          ],
          "marks": {
            "cm": 3,
            "im": 0
          }
        },
        "8": {
          "que": 8,
          "type": "nat",
          "pdfData": [
            {
              "x1": 57,
              "x2": 539,
              "y1": 636,
              "y2": 690,
              "page": 2
            }
          ],
          "marks": {
            "cm": 3,
            "im": 0
          }
        }
      },
      "M-MSQ": {
        "9": {
          "que": 9,
          "type": "msq",
          "pdfData": [
            {
              "x1": 57,
              "x2": 539,
              "y1": 426,
              "y2": 651,
              "page": 3
            }
          ],
          "options": 4,
          "marks": {
            "cm": 4,
            "pm": 1,
            "im": -2
          }
        },
        "10": {
          "que": 10,
          "type": "msq",
          "pdfData": [
            {
              "x1": 57,
              "x2": 544,
              "y1": 52,
              "y2": 175,
              "page": 4
            }
          ],
          "options": 4,
          "marks": {
            "cm": 4,
            "pm": 1,
            "im": -2
          }
        },
        "11": {
          "que": 11,
          "type": "msq",
          "pdfData": [
            {
              "x1": 57,
              "x2": 544,
              "y1": 206,
              "y2": 473,
              "page": 4
            }
          ],
          "options": 4,
          "marks": {
            "cm": 4,
            "pm": 1,
            "im": -2
          }
        },
        "12": {
          "que": 12,
          "type": "msq",
          "pdfData": [
            {
              "x1": 57,
              "x2": 544,
              "y1": 519,
              "y2": 735,
              "page": 4
            }
          ],
          "options": 4,
          "marks": {
            "cm": 4,
            "pm": 1,
            "im": -2
          }
        },
        "13": {
          "que": 13,
          "type": "msq",
          "pdfData": [
            {
              "x1": 57,
              "x2": 544,
              "y1": 52,
              "y2": 242,
              "page": 5
            }
          ],
          "options": 4,
          "marks": {
            "cm": 4,
            "pm": 1,
            "im": -2
          }
        },
        "14": {
          "que": 14,
          "type": "msq",
          "pdfData": [
            {
              "x1": 57,
              "x2": 544,
              "y1": 286,
              "y2": 664,
              "page": 5
            }
          ],
          "options": 4,
          "marks": {
            "cm": 4,
            "pm": 1,
            "im": -2
          }
        }
      },
      "M-LIST": {
        "15": {
          "que": 15,
          "type": "mcq",
          "pdfData": [
            {
              "x1": 57,
              "x2": 544,
              "y1": 227,
              "y2": 556,
              "page": 6
            }
          ],
          "options": 4,
          "marks": {
            "cm": 3,
            "im": -1
          }
        },
        "16": {
          "que": 16,
          "type": "mcq",
          "pdfData": [
            {
              "x1": 57,
              "x2": 544,
              "y1": 54,
              "y2": 441,
              "page": 7
            }
          ],
          "options": 4,
          "marks": {
            "cm": 3,
            "im": -1
          }
        },
        "17": {
          "que": 17,
          "type": "mcq",
          "pdfData": [
            {
              "x1": 57,
              "x2": 544,
              "y1": 52,
              "y2": 556,
              "page": 8
            }
          ],
          "options": 4,
          "marks": {
            "cm": 3,
            "im": -1
          }
        },
        "18": {
          "que": 18,
          "type": "mcq",
          "pdfData": [
            {
              "x1": 57,
              "x2": 544,
              "y1": 50,
              "y2": 548,
              "page": 9
            }
          ],
          "options": 4,
          "marks": {
            "cm": 3,
            "im": -1
          }
        }
      }
    },
    "Physics": {
      "P-DECNUM": {
        "19": {
          "que": 19,
          "type": "nat",
          "pdfData": [
            {
              "x1": 57,
              "x2": 544,
              "y1": 197,
              "y2": 293,
              "page": 10
            }
          ],
          "marks": {
            "cm": 3,
            "im": 0
          }
        },
        "20": {
          "que": 20,
          "type": "nat",
          "pdfData": [
            {
              "x1": 57,
              "x2": 544,
              "y1": 309,
              "y2": 368,
              "page": 10
            }
          ],
          "marks": {
            "cm": 3,
            "im": 0
          }
        },
        "21": {
          "que": 21,
          "type": "nat",
          "pdfData": [
            {
              "x1": 57,
              "x2": 544,
              "y1": 380,
              "y2": 478,
              "page": 10
            }
          ],
          "marks": {
            "cm": 3,
            "im": 0
          }
        },
        "22": {
          "que": 22,
          "type": "nat",
          "pdfData": [
            {
              "x1": 57,
              "x2": 544,
              "y1": 490,
              "y2": 682,
              "page": 10
            }
          ],
          "marks": {
            "cm": 3,
            "im": 0
          }
        },
        "23": {
          "que": 23,
          "type": "nat",
          "pdfData": [
            {
              "x1": 57,
              "x2": 544,
              "y1": 49,
              "y2": 127,
              "page": 11
            }
          ],
          "marks": {
            "cm": 3,
            "im": 0
          }
        },
        "24": {
          "que": 24,
          "type": "nat",
          "pdfData": [
            {
              "x1": 57,
              "x2": 544,
              "y1": 143,
              "y2": 355,
              "page": 11
            }
          ],
          "marks": {
            "cm": 3,
            "im": 0
          }
        },
        "25": {
          "que": 25,
          "type": "nat",
          "pdfData": [
            {
              "x1": 57,
              "x2": 544,
              "y1": 393,
              "y2": 464,
              "page": 11
            }
          ],
          "marks": {
            "cm": 3,
            "im": 0
          }
        },
        "26": {
          "que": 26,
          "type": "nat",
          "pdfData": [
            {
              "x1": 57,
              "x2": 544,
              "y1": 480,
              "y2": 541,
              "page": 11
            }
          ],
          "marks": {
            "cm": 3,
            "im": 0
          }
        }
      },
      "P-MSQ": {
        "27": {
          "que": 27,
          "type": "msq",
          "pdfData": [
            {
              "x1": 57,
              "x2": 544,
              "y1": 50,
              "y2": 384,
              "page": 13
            }
          ],
          "options": 4,
          "marks": {
            "cm": 4,
            "pm": 1,
            "im": -2
          }
        },
        "28": {
          "que": 28,
          "type": "msq",
          "pdfData": [
            {
              "x1": 57,
              "x2": 544,
              "y1": 50,
              "y2": 421,
              "page": 14
            }
          ],
          "options": 4,
          "marks": {
            "cm": 4,
            "pm": 1,
            "im": -2
          }
        },
        "29": {
          "que": 29,
          "type": "msq",
          "pdfData": [
            {
              "x1": 57,
              "x2": 544,
              "y1": 50,
              "y2": 404,
              "page": 15
            }
          ],
          "options": 4,
          "marks": {
            "cm": 4,
            "pm": 1,
            "im": -2
          }
        },
        "30": {
          "que": 30,
          "type": "msq",
          "pdfData": [
            {
              "x1": 57,
              "x2": 544,
              "y1": 436,
              "y2": 741,
              "page": 15
            }
          ],
          "options": 4,
          "marks": {
            "cm": 4,
            "pm": 1,
            "im": -2
          }
        },
        "31": {
          "que": 31,
          "type": "msq",
          "pdfData": [
            {
              "x1": 57,
              "x2": 544,
              "y1": 62,
              "y2": 435,
              "page": 16
            }
          ],
          "options": 4,
          "marks": {
            "cm": 4,
            "pm": 1,
            "im": -2
          }
        },
        "32": {
          "que": 32,
          "type": "msq",
          "pdfData": [
            {
              "x1": 57,
              "x2": 544,
              "y1": 464,
              "y2": 615,
              "page": 16
            }
          ],
          "options": 4,
          "marks": {
            "cm": 4,
            "pm": 1,
            "im": -2
          }
        }
      },
      "P-LIST": {
        "33": {
          "que": 33,
          "type": "mcq",
          "pdfData": [
            {
              "x1": 57,
              "x2": 544,
              "y1": 212,
              "y2": 683,
              "page": 17
            }
          ],
          "options": 4,
          "marks": {
            "cm": 3,
            "im": -1
          }
        },
        "34": {
          "que": 34,
          "type": "mcq",
          "pdfData": [
            {
              "x1": 57,
              "x2": 544,
              "y1": 50,
              "y2": 745,
              "page": 18
            }
          ],
          "options": 4,
          "marks": {
            "cm": 3,
            "im": -1
          }
        },
        "35": {
          "que": 35,
          "type": "mcq",
          "pdfData": [
            {
              "x1": 57,
              "x2": 544,
              "y1": 87,
              "y2": 475,
              "page": 19
            }
          ],
          "options": 4,
          "marks": {
            "cm": 3,
            "im": -1
          }
        },
        "36": {
          "que": 36,
          "type": "mcq",
          "pdfData": [
            {
              "x1": 57,
              "x2": 544,
              "y1": 50,
              "y2": 680,
              "page": 20
            }
          ],
          "options": 4,
          "marks": {
            "cm": 3,
            "im": -1
          }
        }
      }
    },
    "Chemistry": {
      "C-DECNUM": {
        "37": {
          "que": 37,
          "type": "nat",
          "pdfData": [
            {
              "x1": 50,
              "x2": 543,
              "y1": 247,
              "y2": 359,
              "page": 22
            }
          ],
          "marks": {
            "cm": 3,
            "im": 0
          }
        },
        "38": {
          "que": 38,
          "type": "nat",
          "pdfData": [
            {
              "x1": 50,
              "x2": 543,
              "y1": 530,
              "y2": 585,
              "page": 22
            }
          ],
          "marks": {
            "cm": 3,
            "im": 0
          }
        },
        "39": {
          "que": 39,
          "type": "nat",
          "pdfData": [
            {
              "x1": 50,
              "x2": 543,
              "y1": 76,
              "y2": 146,
              "page": 23
            }
          ],
          "marks": {
            "cm": 3,
            "im": 0
          }
        },
        "40": {
          "que": 40,
          "type": "nat",
          "pdfData": [
            {
              "x1": 50,
              "x2": 543,
              "y1": 295,
              "y2": 377,
              "page": 23
            }
          ],
          "marks": {
            "cm": 3,
            "im": 0
          }
        },
        "41": {
          "que": 41,
          "type": "nat",
          "pdfData": [
            {
              "x1": 50,
              "x2": 543,
              "y1": 520,
              "y2": 583,
              "page": 23
            }
          ],
          "marks": {
            "cm": 3,
            "im": 0
          }
        },
        "42": {
          "que": 42,
          "type": "nat",
          "pdfData": [
            {
              "x1": 50,
              "x2": 543,
              "y1": 78,
              "y2": 262,
              "page": 24
            }
          ],
          "marks": {
            "cm": 3,
            "im": 0
          }
        },
        "43": {
          "que": 43,
          "type": "nat",
          "pdfData": [
            {
              "x1": 50,
              "x2": 543,
              "y1": 328,
              "y2": 468,
              "page": 24
            }
          ],
          "marks": {
            "cm": 3,
            "im": 0
          }
        },
        "44": {
          "que": 44,
          "type": "nat",
          "pdfData": [
            {
              "x1": 50,
              "x2": 543,
              "y1": 585,
              "y2": 733,
              "page": 24
            }
          ],
          "marks": {
            "cm": 3,
            "im": 0
          }
        }
      },
      "C-MSQ": {
        "45": {
          "que": 45,
          "type": "msq",
          "pdfData": [
            {
              "x1": 50,
              "x2": 543,
              "y1": 452,
              "y2": 586,
              "page": 25
            }
          ],
          "options": 4,
          "marks": {
            "cm": 4,
            "pm": 1,
            "im": -2
          }
        },
        "46": {
          "que": 46,
          "type": "msq",
          "pdfData": [
            {
              "x1": 50,
              "x2": 543,
              "y1": 640,
              "y2": 730,
              "page": 25
            }
          ],
          "options": 4,
          "marks": {
            "cm": 4,
            "pm": 1,
            "im": -2
          }
        },
        "47": {
          "que": 47,
          "type": "msq",
          "pdfData": [
            {
              "x1": 50,
              "x2": 543,
              "y1": 89,
              "y2": 210,
              "page": 26
            }
          ],
          "options": 4,
          "marks": {
            "cm": 4,
            "pm": 1,
            "im": -2
          }
        },
        "48": {
          "que": 48,
          "type": "msq",
          "pdfData": [
            {
              "x1": 50,
              "x2": 543,
              "y1": 291,
              "y2": 368,
              "page": 26
            }
          ],
          "options": 4,
          "marks": {
            "cm": 4,
            "pm": 1,
            "im": -2
          }
        },
        "49": {
          "que": 49,
          "type": "msq",
          "pdfData": [
            {
              "x1": 50,
              "x2": 543,
              "y1": 437,
              "y2": 630,
              "page": 26
            }
          ],
          "options": 4,
          "marks": {
            "cm": 4,
            "pm": 1,
            "im": -2
          }
        },
        "50": {
          "que": 50,
          "type": "msq",
          "pdfData": [
            {
              "x1": 50,
              "x2": 543,
              "y1": 76,
              "y2": 528,
              "page": 27
            }
          ],
          "options": 4,
          "marks": {
            "cm": 4,
            "pm": 1,
            "im": -2
          }
        }
      },
      "C-LIST": {
        "51": {
          "que": 51,
          "type": "mcq",
          "pdfData": [
            {
              "x1": 50,
              "x2": 543,
              "y1": 52,
              "y2": 745,
              "page": 29
            }
          ],
          "options": 4,
          "marks": {
            "cm": 3,
            "im": -1
          }
        },
        "52": {
          "que": 52,
          "type": "mcq",
          "pdfData": [
            {
              "x1": 50,
              "x2": 543,
              "y1": 65,
              "y2": 308,
              "page": 30
            }
          ],
          "options": 4,
          "marks": {
            "cm": 3,
            "im": -1
          }
        },
        "53": {
          "que": 53,
          "type": "mcq",
          "pdfData": [
            {
              "x1": 50,
              "x2": 543,
              "y1": 386,
              "y2": 651,
              "page": 30
            }
          ],
          "options": 4,
          "marks": {
            "cm": 3,
            "im": -1
          }
        },
        "54": {
          "que": 54,
          "type": "mcq",
          "pdfData": [
            {
              "x1": 50,
              "x2": 543,
              "y1": 52,
              "y2": 480,
              "page": 31
            }
          ],
          "options": 4,
          "marks": {
            "cm": 3,
            "im": -1
          }
        }
      }
    }
  },
  "pdfFileHash": "ff67ab84597e45dd99450ec61ec33d181e6c58570b0061ed7e8ff9ca73f8af58",
  "testAnswerKey": {
    "Mathematics": {
      "M-DECNUM": {
        "1": "2.35TO2.37",
        "2": "0.49TO0.5",
        "3": "0.79TO0.81",
        "4": "0.49TO0.5",
        "5": "4",
        "6": "18900",
        "7": "569",
        "8": "0.82TO0.86"
      },
      "M-MSQ": {
        "9": [
          3,
          4
        ],
        "10": [
          2,
          3
        ],
        "11": [
          1,
          2,
          4
        ],
        "12": [
          1,
          2,
          3
        ],
        "13": [
          2,
          3,
          4
        ],
        "14": [
          1,
          3
        ]
      },
      "M-LIST": {
        "15": [
          2
        ],
        "16": [
          1
        ],
        "17": [
          2
        ],
        "18": [
          3
        ]
      }
    },
    "Physics": {
      "P-DECNUM": {
        "19": "2.2TO2.4",
        "20": "2.3TO2.35",
        "21": "7.9TO8.1",
        "22": "5.95TO6.05",
        "23": "0.48TO0.56",
        "24": "2.8TO2.92",
        "25": "3.98TO4.02",
        "26": "0.93TO0.97"
      },
      "P-MSQ": {
        "27": [
          2
        ],
        "28": [
          1,
          2,
          3,
          4
        ],
        "29": [
          2
        ],
        "30": [
          1,
          2
        ],
        "31": [
          1,
          2,
          3
        ],
        "32": [
          1,
          2,
          4
        ]
      },
      "P-LIST": {
        "33": [
	  3
	],
        "34": [
          3
        ],
        "35": [
          3
        ],
        "36": [
          1
        ]
      }
    },
    "Chemistry": {
      "C-DECNUM": {
        "37": "89TO91",
        "38": "0.74TO0.8",
        "39": "10TO10.04",
        "40": "0.31TO0.33",
        "41": "2.37TO2.41",
        "42": "1.49TO1.51",
        "43": "1.3TO1.32",
        "44": "135.8TO136.2"
      },
      "C-MSQ": {
        "45": [
          4
        ],
        "46": [
          1,
          4
        ],
        "47": [
          2,
          3,
          4
        ],
        "48": [
          1,
          4
        ],
        "49": [
          2,
          3,
          4
        ],
        "50": [
          1,
          2,
          3
        ]
      },
      "C-LIST": {
        "51": [
          1
        ],
        "52": [
          4
        ],
        "53": [
          1
        ],
        "54": [
          4
        ]
      }
    }
  }
}