{
  "testConfig": {
    "pdfFileHash": "624e95110d7b7cfcca7a199989bda9ff8516bc6e7b7e26d40e89d0a981eaf47c"
  },
  "pdfCropperData": {
    "Physics": {
      "P-MCQ": {
        "1": {
          "que": 1,
          "type": "mcq",
          "marks": {
            "cm": 3,
            "im": -1
          },
          "pdfData": [
            {
              "x1": 62,
              "x2": 533,
              "y1": 326,
              "y2": 430,
              "page": 1
            }
          ],
          "answerOptions": "4"
        },
        "2": {
          "que": 2,
          "type": "mcq",
          "marks": {
            "cm": 3,
            "im": -1
          },
          "pdfData": [
            {
              "x1": 62,
              "x2": 533,
              "y1": 93,
              "y2": 372,
              "page": 2
            }
          ],
          "answerOptions": "4"
        },
        "3": {
          "que": 3,
          "type": "mcq",
          "marks": {
            "cm": 3,
            "im": -1
          },
          "pdfData": [
            {
              "x1": 62,
              "x2": 533,
              "y1": 91,
              "y2": 192,
              "page": 3
            }
          ],
          "answerOptions": "4"
        },
        "4": {
          "que": 4,
          "type": "mcq",
          "marks": {
            "cm": 3,
            "im": -1
          },
          "pdfData": [
            {
              "x1": 62,
              "x2": 533,
              "y1": 200,
              "y2": 409,
              "page": 3
            }
          ],
          "answerOptions": "4"
        },
        "5": {
          "que": 5,
          "type": "mcq",
          "marks": {
            "cm": 3,
            "im": -1
          },
          "pdfData": [
            {
              "x1": 62,
              "x2": 533,
              "y1": 93,
              "y2": 364,
              "page": 4
            }
          ],
          "answerOptions": "4"
        },
        "6": {
          "que": 6,
          "type": "mcq",
          "marks": {
            "cm": 3,
            "im": -1
          },
          "pdfData": [
            {
              "x1": 62,
              "x2": 533,
              "y1": 92,
              "y2": 238,
              "page": 5
            }
          ],
          "answerOptions": "4"
        },
        "7": {
          "que": 7,
          "type": "mcq",
          "marks": {
            "cm": 3,
            "im": -1
          },
          "pdfData": [
            {
              "x1": 62,
              "x2": 533,
              "y1": 247,
              "y2": 350,
              "page": 5
            }
          ],
          "answerOptions": "4"
        }
      },
      "P-MSQ": {
        "8": {
          "que": 8,
          "type": "msq",
          "marks": {
            "cm": 4,
            "pm": 1,
            "im": -2
          },
          "pdfData": [
            {
              "x1": 62,
              "x2": 533,
              "y1": 92,
              "y2": 539,
              "page": 7
            }
          ],
          "answerOptions": "4"
        },
        "9": {
          "que": 9,
          "type": "msq",
          "marks": {
            "cm": 4,
            "pm": 1,
            "im": -2
          },
          "pdfData": [
            {
              "x1": 62,
              "x2": 533,
              "y1": 92,
              "y2": 340,
              "page": 8
            }
          ],
          "answerOptions": "4"
        },
        "10": {
          "que": 10,
          "type": "msq",
          "marks": {
            "cm": 4,
            "pm": 1,
            "im": -2
          },
          "pdfData": [
            {
              "x1": 62,
              "x2": 533,
              "y1": 359,
              "y2": 645,
              "page": 8
            }
          ],
          "answerOptions": "4"
        },
        "11": {
          "que": 11,
          "type": "msq",
          "marks": {
            "cm": 4,
            "pm": 1,
            "im": -2
          },
          "pdfData": [
            {
              "x1": 62,
              "x2": 533,
              "y1": 92,
              "y2": 465,
              "page": 9
            }
          ],
          "answerOptions": "4"
        },
        "12": {
          "que": 12,
          "type": "msq",
          "marks": {
            "cm": 4,
            "pm": 1,
            "im": -2
          },
          "pdfData": [
            {
              "x1": 62,
              "x2": 533,
              "y1": 89,
              "y2": 373,
              "page": 10
            }
          ],
          "answerOptions": "4"
        },
        "13": {
          "que": 13,
          "type": "msq",
          "marks": {
            "cm": 4,
            "pm": 1,
            "im": -2
          },
          "pdfData": [
            {
              "x1": 62,
              "x2": 533,
              "y1": 389,
              "y2": 681,
              "page": 10
            }
          ],
          "answerOptions": "4"
        },
        "14": {
          "que": 14,
          "type": "msq",
          "marks": {
            "cm": 4,
            "pm": 1,
            "im": -2
          },
          "pdfData": [
            {
              "x1": 62,
              "x2": 533,
              "y1": 91,
              "y2": 462,
              "page": 11
            }
          ],
          "answerOptions": "4"
        }
      },
      "P-MCQPARA": {
        "15": {
          "que": 15,
          "type": "mcq",
          "marks": {
            "cm": 3,
            "im": 0
          },
          "pdfData": [
            {
              "x1": 62,
              "x2": 533,
              "y1": 94,
              "y2": 473,
              "page": 13
            },
            {
              "x1": 62,
              "x2": 533,
              "y1": 486,
              "y2": 583,
              "page": 13
            }
          ],
          "answerOptions": "4"
        },
        "16": {
          "que": 16,
          "type": "mcq",
          "marks": {
            "cm": 3,
            "im": 0
          },
          "pdfData": [
            {
              "x1": 62,
              "x2": 533,
              "y1": 94,
              "y2": 473,
              "page": 13
            },
            {
              "x1": 62,
              "x2": 533,
              "y1": 588,
              "y2": 678,
              "page": 13
            }
          ],
          "answerOptions": "4"
        },
        "17": {
          "que": 17,
          "type": "mcq",
          "marks": {
            "cm": 3,
            "im": 0
          },
          "pdfData": [
            {
              "x1": 62,
              "x2": 533,
              "y1": 94,
              "y2": 388,
              "page": 14
            },
            {
              "x1": 62,
              "x2": 533,
              "y1": 399,
              "y2": 487,
              "page": 14
            }
          ],
          "answerOptions": "4"
        },
        "18": {
          "que": 18,
          "type": "mcq",
          "marks": {
            "cm": 3,
            "im": 0
          },
          "pdfData": [
            {
              "x1": 62,
              "x2": 533,
              "y1": 94,
              "y2": 388,
              "page": 14
            },
            {
              "x1": 62,
              "x2": 533,
              "y1": 496,
              "y2": 558,
              "page": 14
            }
          ],
          "answerOptions": "4"
        }
      }
    },
    "Chemistry": {
      "C-MCQ": {
        "19": {
          "que": 19,
          "type": "mcq",
          "marks": {
            "cm": 3,
            "im": -1
          },
          "pdfData": [
            {
              "x1": 62,
              "x2": 533,
              "y1": 326,
              "y2": 675,
              "page": 15
            }
          ],
          "answerOptions": "4"
        },
        "20": {
          "que": 20,
          "type": "mcq",
          "marks": {
            "cm": 3,
            "im": -1
          },
          "pdfData": [
            {
              "x1": 62,
              "x2": 533,
              "y1": 92,
              "y2": 237,
              "page": 16
            }
          ],
          "answerOptions": "4"
        },
        "21": {
          "que": 21,
          "type": "mcq",
          "marks": {
            "cm": 3,
            "im": -1
          },
          "pdfData": [
            {
              "x1": 62,
              "x2": 533,
              "y1": 245,
              "y2": 444,
              "page": 16
            }
          ],
          "answerOptions": "4"
        },
        "22": {
          "que": 22,
          "type": "mcq",
          "marks": {
            "cm": 3,
            "im": -1
          },
          "pdfData": [
            {
              "x1": 62,
              "x2": 533,
              "y1": 452,
              "y2": 562,
              "page": 16
            }
          ],
          "answerOptions": "4"
        },
        "23": {
          "que": 23,
          "type": "mcq",
          "marks": {
            "cm": 3,
            "im": -1
          },
          "pdfData": [
            {
              "x1": 62,
              "x2": 533,
              "y1": 91,
              "y2": 184,
              "page": 17
            }
          ],
          "answerOptions": "4"
        },
        "24": {
          "que": 24,
          "type": "mcq",
          "marks": {
            "cm": 3,
            "im": -1
          },
          "pdfData": [
            {
              "x1": 62,
              "x2": 533,
              "y1": 189,
              "y2": 486,
              "page": 17
            }
          ],
          "answerOptions": "4"
        },
        "25": {
          "que": 25,
          "type": "mcq",
          "marks": {
            "cm": 3,
            "im": -1
          },
          "pdfData": [
            {
              "x1": 62,
              "x2": 533,
              "y1": 494,
              "y2": 645,
              "page": 17
            }
          ],
          "answerOptions": "4"
        }
      },
      "C-MSQ": {
        "26": {
          "que": 26,
          "type": "msq",
          "marks": {
            "cm": 4,
            "pm": 1,
            "im": -2
          },
          "pdfData": [
            {
              "x1": 62,
              "x2": 533,
              "y1": 394,
              "y2": 591,
              "page": 18
            }
          ],
          "answerOptions": "4"
        },
        "27": {
          "que": 27,
          "type": "msq",
          "marks": {
            "cm": 4,
            "pm": 1,
            "im": -2
          },
          "pdfData": [
            {
              "x1": 62,
              "x2": 533,
              "y1": 92,
              "y2": 292,
              "page": 19
            }
          ],
          "answerOptions": "4"
        },
        "28": {
          "que": 28,
          "type": "msq",
          "marks": {
            "cm": 4,
            "pm": 1,
            "im": -2
          },
          "pdfData": [
            {
              "x1": 62,
              "x2": 533,
              "y1": 311,
              "y2": 484,
              "page": 19
            }
          ],
          "answerOptions": "4"
        },
        "29": {
          "que": 29,
          "type": "msq",
          "marks": {
            "cm": 4,
            "pm": 1,
            "im": -2
          },
          "pdfData": [
            {
              "x1": 62,
              "x2": 533,
              "y1": 92,
              "y2": 284,
              "page": 20
            }
          ],
          "answerOptions": "4"
        },
        "30": {
          "que": 30,
          "type": "msq",
          "marks": {
            "cm": 4,
            "pm": 1,
            "im": -2
          },
          "pdfData": [
            {
              "x1": 62,
              "x2": 533,
              "y1": 300,
              "y2": 409,
              "page": 20
            }
          ],
          "answerOptions": "4"
        },
        "31": {
          "que": 31,
          "type": "msq",
          "marks": {
            "cm": 4,
            "pm": 1,
            "im": -2
          },
          "pdfData": [
            {
              "x1": 62,
              "x2": 533,
              "y1": 423,
              "y2": 498,
              "page": 20
            }
          ],
          "answerOptions": "4"
        },
        "32": {
          "que": 32,
          "type": "msq",
          "marks": {
            "cm": 4,
            "pm": 1,
            "im": -2
          },
          "pdfData": [
            {
              "x1": 62,
              "x2": 533,
              "y1": 93,
              "y2": 444,
              "page": 21
            }
          ],
          "answerOptions": "4"
        }
      },
      "C-MCQPARA": {
        "33": {
          "que": 33,
          "type": "mcq",
          "marks": {
            "cm": 3,
            "im": 0
          },
          "pdfData": [
            {
              "x1": 62,
              "x2": 533,
              "y1": 300,
              "y2": 370,
              "page": 22
            },
            {
              "x1": 62,
              "x2": 533,
              "y1": 383,
              "y2": 454,
              "page": 22
            }
          ],
          "answerOptions": "4"
        },
        "34": {
          "que": 34,
          "type": "mcq",
          "marks": {
            "cm": 3,
            "im": 0
          },
          "pdfData": [
            {
              "x1": 62,
              "x2": 533,
              "y1": 300,
              "y2": 370,
              "page": 22
            },
            {
              "x1": 62,
              "x2": 533,
              "y1": 478,
              "y2": 553,
              "page": 22
            }
          ],
          "answerOptions": "4"
        },
        "35": {
          "que": 35,
          "type": "mcq",
          "marks": {
            "cm": 3,
            "im": 0
          },
          "pdfData": [
            {
              "x1": 62,
              "x2": 533,
              "y1": 94,
              "y2": 241,
              "page": 23
            },
            {
              "x1": 62,
              "x2": 533,
              "y1": 253,
              "y2": 467,
              "page": 23
            }
          ],
          "answerOptions": "4"
        },
        "36": {
          "que": 36,
          "type": "mcq",
          "marks": {
            "cm": 3,
            "im": 0
          },
          "pdfData": [
            {
              "x1": 62,
              "x2": 533,
              "y1": 94,
              "y2": 241,
              "page": 23
            },
            {
              "x1": 62,
              "x2": 533,
              "y1": 475,
              "y2": 584,
              "page": 23
            }
          ],
          "answerOptions": "4"
        }
      }
    },
    "Maths": {
      "M-MCQ": {
        "37": {
          "que": 37,
          "type": "mcq",
          "marks": {
            "cm": 3,
            "im": -1
          },
          "pdfData": [
            {
              "x1": 62,
              "x2": 533,
              "y1": 324,
              "y2": 415,
              "page": 24
            }
          ],
          "answerOptions": "4"
        },
        "38": {
          "que": 38,
          "type": "mcq",
          "marks": {
            "cm": 3,
            "im": -1
          },
          "pdfData": [
            {
              "x1": 62,
              "x2": 533,
              "y1": 436,
              "y2": 568,
              "page": 24
            }
          ],
          "answerOptions": "4"
        },
        "39": {
          "que": 39,
          "type": "mcq",
          "marks": {
            "cm": 3,
            "im": -1
          },
          "pdfData": [
            {
              "x1": 62,
              "x2": 533,
              "y1": 92,
              "y2": 212,
              "page": 25
            }
          ],
          "answerOptions": "4"
        },
        "40": {
          "que": 40,
          "type": "mcq",
          "marks": {
            "cm": 3,
            "im": -1
          },
          "pdfData": [
            {
              "x1": 62,
              "x2": 533,
              "y1": 231,
              "y2": 339,
              "page": 25
            }
          ],
          "answerOptions": "4"
        },
        "41": {
          "que": 41,
          "type": "mcq",
          "marks": {
            "cm": 3,
            "im": -1
          },
          "pdfData": [
            {
              "x1": 62,
              "x2": 533,
              "y1": 92,
              "y2": 153,
              "page": 26
            }
          ],
          "answerOptions": "4"
        },
        "42": {
          "que": 42,
          "type": "mcq",
          "marks": {
            "cm": 3,
            "im": -1
          },
          "pdfData": [
            {
              "x1": 62,
              "x2": 533,
              "y1": 173,
              "y2": 236,
              "page": 26
            }
          ],
          "answerOptions": "4"
        },
        "43": {
          "que": 43,
          "type": "mcq",
          "marks": {
            "cm": 3,
            "im": -1
          },
          "pdfData": [
            {
              "x1": 62,
              "x2": 533,
              "y1": 259,
              "y2": 328,
              "page": 26
            }
          ],
          "answerOptions": "4"
        }
      },
      "M-MSQ": {
        "44": {
          "que": 44,
          "type": "msq",
          "marks": {
            "cm": 4,
            "pm": 1,
            "im": -2
          },
          "pdfData": [
            {
              "x1": 62,
              "x2": 533,
              "y1": 408,
              "y2": 505,
              "page": 27
            }
          ],
          "answerOptions": "4"
        },
        "45": {
          "que": 45,
          "type": "msq",
          "marks": {
            "cm": 4,
            "pm": 1,
            "im": -2
          },
          "pdfData": [
            {
              "x1": 62,
              "x2": 533,
              "y1": 525,
              "y2": 629,
              "page": 27
            }
          ],
          "answerOptions": "4"
        },
        "46": {
          "que": 46,
          "type": "msq",
          "marks": {
            "cm": 4,
            "pm": 1,
            "im": -2
          },
          "pdfData": [
            {
              "x1": 62,
              "x2": 533,
              "y1": 92,
              "y2": 185,
              "page": 28
            }
          ],
          "answerOptions": "4"
        },
        "47": {
          "que": 47,
          "type": "msq",
          "marks": {
            "cm": 4,
            "pm": 1,
            "im": -2
          },
          "pdfData": [
            {
              "x1": 62,
              "x2": 533,
              "y1": 202,
              "y2": 292,
              "page": 28
            }
          ],
          "answerOptions": "4"
        },
        "48": {
          "que": 48,
          "type": "msq",
          "marks": {
            "cm": 4,
            "pm": 1,
            "im": -2
          },
          "pdfData": [
            {
              "x1": 62,
              "x2": 533,
              "y1": 308,
              "y2": 447,
              "page": 28
            }
          ],
          "answerOptions": "4"
        },
        "49": {
          "que": 49,
          "type": "msq",
          "marks": {
            "cm": 4,
            "pm": 1,
            "im": -2
          },
          "pdfData": [
            {
              "x1": 62,
              "x2": 533,
              "y1": 93,
              "y2": 187,
              "page": 29
            }
          ],
          "answerOptions": "4"
        },
        "50": {
          "que": 50,
          "type": "msq",
          "marks": {
            "cm": 4,
            "pm": 1,
            "im": -2
          },
          "pdfData": [
            {
              "x1": 62,
              "x2": 533,
              "y1": 209,
              "y2": 307,
              "page": 29
            }
          ],
          "answerOptions": "4"
        }
      },
      "M-MCQPARA": {
        "51": {
          "que": 51,
          "type": "mcq",
          "marks": {
            "cm": 3,
            "im": 0
          },
          "pdfData": [
            {
              "x1": 62,
              "x2": 533,
              "y1": 300,
              "y2": 360,
              "page": 30
            },
            {
              "x1": 62,
              "x2": 533,
              "y1": 372,
              "y2": 424,
              "page": 30
            }
          ],
          "answerOptions": "4"
        },
        "52": {
          "que": 52,
          "type": "mcq",
          "marks": {
            "cm": 3,
            "im": 0
          },
          "pdfData": [
            {
              "x1": 62,
              "x2": 533,
              "y1": 300,
              "y2": 360,
              "page": 30
            },
            {
              "x1": 62,
              "x2": 533,
              "y1": 444,
              "y2": 514,
              "page": 30
            }
          ],
          "answerOptions": "4"
        },
        "53": {
          "que": 53,
          "type": "mcq",
          "marks": {
            "cm": 3,
            "im": 0
          },
          "pdfData": [
            {
              "x1": 77,
              "x2": 518,
              "y1": 94,
              "y2": 180,
              "page": 31
            },
            {
              "x1": 62,
              "x2": 533,
              "y1": 192,
              "y2": 239,
              "page": 31
            }
          ],
          "answerOptions": "4"
        },
        "54": {
          "que": 54,
          "type": "mcq",
          "marks": {
            "cm": 3,
            "im": 0
          },
          "pdfData": [
            {
              "x1": 77,
              "x2": 518,
              "y1": 94,
              "y2": 180,
              "page": 31
            },
            {
              "x1": 62,
              "x2": 533,
              "y1": 263,
              "y2": 309,
              "page": 31
            }
          ],
          "answerOptions": "4"
        }
      }
    }
  },
  "appVersion": "1.22.1",
  "generatedBy": "answerKeyPage",
  "generatedBasedOn": "pdfCropperPage",
  "testAnswerKey": {
    "Physics": {
      "P-MCQ": {
        "1": [
          1
        ],
        "2": [
          2
        ],
        "3": [
          4
        ],
        "4": [
          1
        ],
        "5": [
          1
        ],
        "6": [
          2
        ],
        "7": [
          2
        ]
      },
      "P-MSQ": {
        "8": [
          1,
          2
        ],
        "9": [
          1,
          4
        ],
        "10": [
          1,
          4
        ],
        "11": [
          2,
          3
        ],
        "12": [
          1,
          2,
          3
        ],
        "13": [
          1,
          3,
          4
        ],
        "14": [
          3,
          4
        ]
      },
      "P-MCQPARA": {
        "15": [
          1
        ],
        "16": [
          3
        ],
        "17": "DROPPED",
        "18": [
          1
        ]
      }
    },
    "Chemistry": {
      "C-MCQ": {
        "19": [
          3
        ],
        "20": [
          2
        ],
        "21": [
          1
        ],
        "22": [
          3
        ],
        "23": [
          3
        ],
        "24": [
          3
        ],
        "25": [
          3
        ]
      },
      "C-MSQ": {
        "26": [
          1,
          2
        ],
        "27": [
          2,
          4
        ],
        "28": [
          1,
          2
        ],
        "29": [
          1,
          2,
          3,
          4
        ],
        "30": [
          1,
          2,
          4
        ],
        "31": [
          1,
          4
        ],
        "32": [
          1,
          2
        ]
      },
      "C-MCQPARA": {
        "33": [
          3
        ],
        "34": [
          2
        ],
        "35": [
          1
        ],
        "36": [
          4
        ]
      }
    },
    "Maths": {
      "M-MCQ": {
        "37": [
          3
        ],
        "38": [
          4
        ],
        "39": [
          1
        ],
        "40": [
          4
        ],
        "41": [
          2
        ],
        "42": [
          4
        ],
        "43": [
          2
        ]
      },
      "M-MSQ": {
        "44": "DROPPED",
        "45": "DROPPED",
        "46": [
          1,
          3
        ],
        "47": [
          1,
          4
        ],
        "48": [
          2,
          3
        ],
        "49": [
          2,
          3
        ],
        "50": [
          2,
          4
        ]
      },
      "M-MCQPARA": {
        "51": [
          1
        ],
        "52": [
          2
        ],
        "53": [
          2
        ],
        "54": [
          4
        ]
      }
    }
  }
}