{
  "pdfCropperData": {
    "Maths": {
      "M-MCQ": {
        "1": {
          "que": 1,
          "type": "mcq",
          "options": 4,
          "marks": {
            "cm": 3,
            "im": -1
          },
          "pdfData": [
            {
              "page": 1,
              "x1": 52,
              "y1": 252,
              "x2": 543,
              "y2": 391
            }
          ]
        },
        "2": {
          "que": 2,
          "type": "mcq",
          "options": 4,
          "marks": {
            "cm": 3,
            "im": -1
          },
          "pdfData": [
            {
              "page": 1,
              "x1": 52,
              "y1": 433,
              "x2": 543,
              "y2": 609
            }
          ]
        },
        "3": {
          "que": 3,
          "type": "mcq",
          "options": 4,
          "marks": {
            "cm": 3,
            "im": -1
          },
          "pdfData": [
            {
              "page": 2,
              "x1": 52,
              "y1": 54,
              "x2": 543,
              "y2": 225
            }
          ]
        },
        "4": {
          "que": 4,
          "type": "mcq",
          "options": 4,
          "marks": {
            "cm": 3,
            "im": -1
          },
          "pdfData": [
            {
              "page": 2,
              "x1": 52,
              "y1": 260,
              "x2": 543,
              "y2": 436
            }
          ]
        }
      },
      "M-MSQ": {
        "5": {
          "que": 5,
          "type": "msq",
          "options": 4,
          "marks": {
            "cm": 4,
            "pm": 1,
            "im": -2
          },
          "pdfData": [
            {
              "page": 3,
              "x1": 52,
              "y1": 456,
              "x2": 543,
              "y2": 630
            }
          ]
        },
        "6": {
          "que": 6,
          "type": "msq",
          "options": 4,
          "marks": {
            "cm": 4,
            "pm": 1,
            "im": -2
          },
          "pdfData": [
            {
              "page": 4,
              "x1": 52,
              "y1": 55,
              "x2": 543,
              "y2": 306
            }
          ]
        },
        "7": {
          "que": 7,
          "type": "msq",
          "options": 4,
          "marks": {
            "cm": 4,
            "pm": 1,
            "im": -2
          },
          "pdfData": [
            {
              "page": 4,
              "x1": 52,
              "y1": 371,
              "x2": 543,
              "y2": 592
            }
          ]
        }
      },
      "M-INTNUM": {
        "8": {
          "que": 8,
          "type": "nat",
          "marks": {
            "cm": 4,
            "im": 0
          },
          "pdfData": [
            {
              "page": 5,
              "x1": 52,
              "y1": 240,
              "x2": 543,
              "y2": 347
            }
          ]
        },
        "9": {
          "que": 9,
          "type": "nat",
          "marks": {
            "cm": 4,
            "im": 0
          },
          "pdfData": [
            {
              "page": 5,
              "x1": 52,
              "y1": 391,
              "x2": 543,
              "y2": 450
            }
          ]
        },
        "10": {
          "que": 10,
          "type": "nat",
          "marks": {
            "cm": 4,
            "im": 0
          },
          "pdfData": [
            {
              "page": 5,
              "x1": 52,
              "y1": 494,
              "x2": 543,
              "y2": 558
            }
          ]
        },
        "11": {
          "que": 11,
          "type": "nat",
          "marks": {
            "cm": 4,
            "im": 0
          },
          "pdfData": [
            {
              "page": 5,
              "x1": 52,
              "y1": 590,
              "x2": 543,
              "y2": 653
            }
          ]
        },
        "12": {
          "que": 12,
          "type": "nat",
          "marks": {
            "cm": 4,
            "im": 0
          },
          "pdfData": [
            {
              "page": 6,
              "x1": 52,
              "y1": 52,
              "x2": 543,
              "y2": 130
            }
          ]
        },
        "13": {
          "que": 13,
          "type": "nat",
          "marks": {
            "cm": 4,
            "im": 0
          },
          "pdfData": [
            {
              "page": 6,
              "x1": 52,
              "y1": 157,
              "x2": 543,
              "y2": 247
            }
          ]
        }
      },
      "M-LIST": {
        "14": {
          "que": 14,
          "type": "mcq",
          "options": 4,
          "marks": {
            "cm": 3,
            "im": -1
          },
          "pdfData": [
            {
              "page": 7,
              "x1": 52,
              "y1": 257,
              "x2": 543,
              "y2": 782
            }
          ]
        },
        "15": {
          "que": 15,
          "type": "mcq",
          "options": 4,
          "marks": {
            "cm": 3,
            "im": -1
          },
          "pdfData": [
            {
              "page": 8,
              "x1": 52,
              "y1": 66,
              "x2": 543,
              "y2": 361
            }
          ]
        },
        "16": {
          "que": 16,
          "type": "mcq",
          "options": 4,
          "marks": {
            "cm": 3,
            "im": -1
          },
          "pdfData": [
            {
              "page": 9,
              "x1": 52,
              "y1": 52,
              "x2": 543,
              "y2": 452
            }
          ]
        },
        "17": {
          "que": 17,
          "type": "mcq",
          "options": 4,
          "marks": {
            "cm": 3,
            "im": -1
          },
          "pdfData": [
            {
              "page": 10,
              "x1": 52,
              "y1": 63,
              "x2": 543,
              "y2": 416
            }
          ]
        }
      }
    },
    "Physics": {
      "P-MCQ": {
        "18": {
          "que": 18,
          "type": "mcq",
          "options": 4,
          "marks": {
            "cm": 3,
            "im": -1
          },
          "pdfData": [
            {
              "page": 11,
              "x1": 52,
              "y1": 250,
              "x2": 543,
              "y2": 332
            }
          ]
        },
        "19": {
          "que": 19,
          "type": "mcq",
          "options": 4,
          "marks": {
            "cm": 3,
            "im": -1
          },
          "pdfData": [
            {
              "page": 11,
              "x1": 52,
              "y1": 375,
              "x2": 543,
              "y2": 470
            }
          ]
        },
        "20": {
          "que": 20,
          "type": "mcq",
          "options": 4,
          "marks": {
            "cm": 3,
            "im": -1
          },
          "pdfData": [
            {
              "page": 11,
              "x1": 52,
              "y1": 516,
              "x2": 543,
              "y2": 631
            }
          ]
        },
        "21": {
          "que": 21,
          "type": "mcq",
          "options": 4,
          "marks": {
            "cm": 3,
            "im": -1
          },
          "pdfData": [
            {
              "page": 11,
              "x1": 52,
              "y1": 663,
              "x2": 543,
              "y2": 741
            }
          ]
        }
      },
      "P-MSQ": {
        "22": {
          "que": 22,
          "type": "msq",
          "options": 4,
          "marks": {
            "cm": 4,
            "pm": 1,
            "im": -2
          },
          "pdfData": [
            {
              "page": 12,
              "x1": 52,
              "y1": 505,
              "x2": 543,
              "y2": 662
            }
          ]
        },
        "23": {
          "que": 23,
          "type": "msq",
          "options": 4,
          "marks": {
            "cm": 4,
            "pm": 1,
            "im": -2
          },
          "pdfData": [
            {
              "page": 13,
              "x1": 52,
              "y1": 55,
              "x2": 543,
              "y2": 271
            }
          ]
        },
        "24": {
          "que": 24,
          "type": "msq",
          "options": 4,
          "marks": {
            "cm": 4,
            "pm": 1,
            "im": -2
          },
          "pdfData": [
            {
              "page": 13,
              "x1": 52,
              "y1": 332,
              "x2": 543,
              "y2": 611
            }
          ]
        }
      },
      "P-INTNUM": {
        "25": {
          "que": 25,
          "type": "nat",
          "marks": {
            "cm": 4,
            "im": 0
          },
          "pdfData": [
            {
              "page": 14,
              "x1": 52,
              "y1": 252,
              "x2": 543,
              "y2": 337
            }
          ]
        },
        "26": {
          "que": 26,
          "type": "nat",
          "marks": {
            "cm": 4,
            "im": 0
          },
          "pdfData": [
            {
              "page": 14,
              "x1": 52,
              "y1": 412,
              "x2": 543,
              "y2": 636
            }
          ]
        },
        "27": {
          "que": 27,
          "type": "nat",
          "marks": {
            "cm": 4,
            "im": 0
          },
          "pdfData": [
            {
              "page": 14,
              "x1": 52,
              "y1": 664,
              "x2": 543,
              "y2": 710
            }
          ]
        },
        "28": {
          "que": 28,
          "type": "nat",
          "marks": {
            "cm": 4,
            "im": 0
          },
          "pdfData": [
            {
              "page": 15,
              "x1": 52,
              "y1": 79,
              "x2": 543,
              "y2": 225
            }
          ]
        },
        "29": {
          "que": 29,
          "type": "nat",
          "marks": {
            "cm": 4,
            "im": 0
          },
          "pdfData": [
            {
              "page": 15,
              "x1": 52,
              "y1": 300,
              "x2": 543,
              "y2": 388
            }
          ]
        },
        "30": {
          "que": 30,
          "type": "nat",
          "marks": {
            "cm": 4,
            "im": 0
          },
          "pdfData": [
            {
              "page": 15,
              "x1": 52,
              "y1": 440,
              "x2": 543,
              "y2": 729
            }
          ]
        }
      },
      "P-LIST": {
        "31": {
          "que": 31,
          "type": "mcq",
          "options": 4,
          "marks": {
            "cm": 3,
            "im": -1
          },
          "pdfData": [
            {
              "page": 16,
              "x1": 52,
              "y1": 290,
              "x2": 543,
              "y2": 673
            }
          ]
        },
        "32": {
          "que": 32,
          "type": "mcq",
          "options": 4,
          "marks": {
            "cm": 3,
            "im": -1
          },
          "pdfData": [
            {
              "page": 17,
              "x1": 52,
              "y1": 51,
              "x2": 543,
              "y2": 481
            }
          ]
        },
        "33": {
          "que": 33,
          "type": "mcq",
          "options": 4,
          "marks": {
            "cm": 3,
            "im": -1
          },
          "pdfData": [
            {
              "page": 17,
              "x1": 52,
              "y1": 500,
              "x2": 543,
              "y2": 750
            }
          ]
        },
        "34": {
          "que": 34,
          "type": "mcq",
          "options": 4,
          "marks": {
            "cm": 3,
            "im": -1
          },
          "pdfData": [
            {
              "page": 18,
              "x1": 52,
              "y1": 102,
              "x2": 543,
              "y2": 524
            }
          ]
        }
      }
    },
    "Chemistry": {
      "C-MCQ": {
        "35": {
          "que": 35,
          "type": "mcq",
          "options": 4,
          "marks": {
            "cm": 3,
            "im": -1
          },
          "pdfData": [
            {
              "page": 19,
              "x1": 52,
              "y1": 237,
              "x2": 543,
              "y2": 335
            }
          ]
        },
        "36": {
          "que": 36,
          "type": "mcq",
          "options": 4,
          "marks": {
            "cm": 3,
            "im": -1
          },
          "pdfData": [
            {
              "page": 19,
              "x1": 52,
              "y1": 375,
              "x2": 543,
              "y2": 502
            }
          ]
        },
        "37": {
          "que": 37,
          "type": "mcq",
          "options": 4,
          "marks": {
            "cm": 3,
            "im": -1
          },
          "pdfData": [
            {
              "page": 20,
              "x1": 52,
              "y1": 52,
              "x2": 543,
              "y2": 393
            }
          ]
        },
        "38": {
          "que": 38,
          "type": "mcq",
          "options": 4,
          "marks": {
            "cm": 3,
            "im": -1
          },
          "pdfData": [
            {
              "page": 20,
              "x1": 52,
              "y1": 439,
              "x2": 543,
              "y2": 658
            }
          ]
        }
      },
      "C-MSQ": {
        "39": {
          "que": 39,
          "type": "msq",
          "options": 4,
          "marks": {
            "cm": 4,
            "pm": 1,
            "im": -2
          },
          "pdfData": [
            {
              "page": 21,
              "x1": 52,
              "y1": 481,
              "x2": 543,
              "y2": 639
            }
          ]
        },
        "40": {
          "que": 40,
          "type": "msq",
          "options": 4,
          "marks": {
            "cm": 4,
            "pm": 1,
            "im": -2
          },
          "pdfData": [
            {
              "page": 22,
              "x1": 52,
              "y1": 55,
              "x2": 543,
              "y2": 251
            }
          ]
        },
        "41": {
          "que": 41,
          "type": "msq",
          "options": 4,
          "marks": {
            "cm": 4,
            "pm": 1,
            "im": -2
          },
          "pdfData": [
            {
              "page": 22,
              "x1": 52,
              "y1": 325,
              "x2": 543,
              "y2": 429
            }
          ]
        }
      },
      "C-INTNUM": {
        "42": {
          "que": 42,
          "type": "nat",
          "marks": {
            "cm": 4,
            "im": 0
          },
          "pdfData": [
            {
              "page": 23,
              "x1": 52,
              "y1": 280,
              "x2": 543,
              "y2": 599
            }
          ]
        },
        "43": {
          "que": 43,
          "type": "nat",
          "marks": {
            "cm": 4,
            "im": 0
          },
          "pdfData": [
            {
              "page": 24,
              "x1": 52,
              "y1": 53,
              "x2": 543,
              "y2": 280
            }
          ]
        },
        "44": {
          "que": 44,
          "type": "nat",
          "marks": {
            "cm": 4,
            "im": 0
          },
          "pdfData": [
            {
              "page": 24,
              "x1": 52,
              "y1": 343,
              "x2": 543,
              "y2": 445
            }
          ]
        },
        "45": {
          "que": 45,
          "type": "nat",
          "marks": {
            "cm": 4,
            "im": 0
          },
          "pdfData": [
            {
              "page": 24,
              "x1": 52,
              "y1": 558,
              "x2": 543,
              "y2": 638
            }
          ]
        },
        "46": {
          "que": 46,
          "type": "nat",
          "marks": {
            "cm": 4,
            "im": 0
          },
          "pdfData": [
            {
              "page": 25,
              "x1": 52,
              "y1": 55,
              "x2": 543,
              "y2": 236
            }
          ]
        },
        "47": {
          "que": 47,
          "type": "nat",
          "marks": {
            "cm": 4,
            "im": 0
          },
          "pdfData": [
            {
              "page": 25,
              "x1": 52,
              "y1": 289,
              "x2": 543,
              "y2": 415
            }
          ]
        }
      },
      "C-LIST": {
        "48": {
          "que": 48,
          "type": "mcq",
          "options": 4,
          "marks": {
            "cm": 3,
            "im": -1
          },
          "pdfData": [
            {
              "page": 27,
              "x1": 52,
              "y1": 53,
              "x2": 543,
              "y2": 777
            }
          ]
        },
        "49": {
          "que": 49,
          "type": "mcq",
          "options": 4,
          "marks": {
            "cm": 3,
            "im": -1
          },
          "pdfData": [
            {
              "page": 28,
              "x1": 52,
              "y1": 63,
              "x2": 543,
              "y2": 317
            }
          ]
        },
        "50": {
          "que": 50,
          "type": "mcq",
          "options": 4,
          "marks": {
            "cm": 3,
            "im": -1
          },
          "pdfData": [
            {
              "page": 29,
              "x1": 52,
              "y1": 55,
              "x2": 543,
              "y2": 667
            }
          ]
        },
        "51": {
          "que": 51,
          "type": "mcq",
          "options": 4,
          "marks": {
            "cm": 3,
            "im": -1
          },
          "pdfData": [
            {
              "page": 30,
              "x1": 52,
              "y1": 52,
              "x2": 543,
              "y2": 713
            }
          ]
        }
      }
    }
  },
  "pdfFileHash": "d0f3ffd739772b80a06f7c65e9b161905a314853e79e0ea3f3994aa7c2d5c525",
  "testAnswerKey": {
    "Maths": {
      "M-MCQ": {
        "1": 2,
        "2": 3,
        "3": 2,
        "4": 1
      },
      "M-MSQ": {
        "5": [
          1,
          3,
          4
        ],
        "6": [
          2,
          3,
          4
        ],
        "7": [
          1,
          2,
          3,
          4
        ]
      },
      "M-INTNUM": {
        "8": "8",
        "9": "20",
        "10": "16",
        "11": "665",
        "12": "5",
        "13": "42"
      },
      "M-LIST": {
        "14": 3,
        "15": 3,
        "16": 3,
        "17": 3
      }
    },
    "Physics": {
      "P-MCQ": {
        "18": 1,
        "19": 1,
        "20": 2,
        "21": 3
      },
      "P-MSQ": {
        "22": [
          1,
          2,
          3
        ],
        "23": [
          1,
          3,
          4
        ],
        "24": [
          1,
          2
        ]
      },
      "P-INTNUM": {
        "25": "25000",
        "26": "12",
        "27": "8",
        "28": "200",
        "29": "3",
        "30": "18"
      },
      "P-LIST": {
        "31": 2,
        "32": 3,
        "33": 1,
        "34": 1
      }
    },
    "Chemistry": {
      "C-MCQ": {
        "35": 4,
        "36": 1,
        "37": 2,
        "38": 3
      },
      "C-MSQ": {
        "39": [
          1,
          2,
          3
        ],
        "40": [
          1,
          2,
          4
        ],
        "41": [
          1,
          4
        ]
      },
      "C-INTNUM": {
        "42": "8120",
        "43": "3",
        "44": "18",
        "45": "3",
        "46": "909",
        "47": "1"
      },
      "C-LIST": {
        "48": 3,
        "49": 2,
        "50": 1,
        "51": 3
      }
    }
  }
}