{
  "testConfig": {
    "pdfFileHash": "78ee5613db6b749893e679b4aa0595f2dec539435cd9e5ab1dd0aa047a7f7d16"
  },
  "pdfCropperData": {
    "Physics": {
      "P-MSQ": {
        "1": {
          "que": 1,
          "type": "msq",
          "marks": {
            "cm": 4,
            "pm": 1,
            "im": -2
          },
          "pdfData": [
            {
              "x1": 70,
              "x2": 545,
              "y1": 553,
              "y2": 711,
              "page": 1
            },
            {
              "x1": 70,
              "x2": 545,
              "y1": 71,
              "y2": 161,
              "page": 2
            }
          ],
          "answerOptions": "4"
        },
        "2": {
          "que": 2,
          "type": "msq",
          "marks": {
            "cm": 4,
            "pm": 1,
            "im": -2
          },
          "pdfData": [
            {
              "x1": 70,
              "x2": 545,
              "y1": 511,
              "y2": 708,
              "page": 2
            },
            {
              "x1": 70,
              "x2": 545,
              "y1": 74,
              "y2": 169,
              "page": 3
            }
          ],
          "answerOptions": "4"
        },
        "3": {
          "que": 3,
          "type": "msq",
          "marks": {
            "cm": 4,
            "pm": 1,
            "im": -2
          },
          "pdfData": [
            {
              "x1": 70,
              "x2": 545,
              "y1": 325,
              "y2": 486,
              "page": 4
            }
          ],
          "answerOptions": "4"
        },
        "4": {
          "que": 4,
          "type": "msq",
          "marks": {
            "cm": 4,
            "pm": 1,
            "im": -2
          },
          "pdfData": [
            {
              "x1": 70,
              "x2": 545,
              "y1": 175,
              "y2": 398,
              "page": 5
            }
          ],
          "answerOptions": "4"
        },
        "5": {
          "que": 5,
          "type": "msq",
          "marks": {
            "cm": 4,
            "pm": 1,
            "im": -2
          },
          "pdfData": [
            {
              "x1": 70,
              "x2": 545,
              "y1": 71,
              "y2": 321,
              "page": 6
            }
          ],
          "answerOptions": "4"
        },
        "6": {
          "que": 6,
          "type": "msq",
          "marks": {
            "cm": 4,
            "pm": 1,
            "im": -2
          },
          "pdfData": [
            {
              "x1": 70,
              "x2": 545,
              "y1": 86,
              "y2": 302,
              "page": 7
            }
          ],
          "answerOptions": "4"
        },
        "7": {
          "que": 7,
          "type": "msq",
          "marks": {
            "cm": 4,
            "pm": 1,
            "im": -2
          },
          "pdfData": [
            {
              "x1": 70,
              "x2": 545,
              "y1": 459,
              "y2": 636,
              "page": 7
            }
          ],
          "answerOptions": "4"
        },
        "8": {
          "que": 8,
          "type": "msq",
          "marks": {
            "cm": 4,
            "pm": 1,
            "im": -2
          },
          "pdfData": [
            {
              "x1": 70,
              "x2": 545,
              "y1": 271,
              "y2": 380,
              "page": 8
            }
          ],
          "answerOptions": "4"
        }
      },
      "P-DECNUM": {
        "9": {
          "que": 9,
          "type": "nat",
          "marks": {
            "cm": 3,
            "im": 0
          },
          "pdfData": [
            {
              "x1": 70,
              "x2": 545,
              "y1": 203,
              "y2": 281,
              "page": 9
            }
          ]
        },
        "10": {
          "que": 10,
          "type": "nat",
          "marks": {
            "cm": 3,
            "im": 0
          },
          "pdfData": [
            {
              "x1": 70,
              "x2": 545,
              "y1": 402,
              "y2": 546,
              "page": 9
            }
          ]
        },
        "11": {
          "que": 11,
          "type": "nat",
          "marks": {
            "cm": 3,
            "im": 0
          },
          "pdfData": [
            {
              "x1": 70,
              "x2": 545,
              "y1": 80,
              "y2": 230,
              "page": 10
            }
          ]
        },
        "12": {
          "que": 12,
          "type": "nat",
          "marks": {
            "cm": 3,
            "im": 0
          },
          "pdfData": [
            {
              "x1": 70,
              "x2": 545,
              "y1": 321,
              "y2": 444,
              "page": 10
            }
          ]
        },
        "13": {
          "que": 13,
          "type": "nat",
          "marks": {
            "cm": 3,
            "im": 0
          },
          "pdfData": [
            {
              "x1": 70,
              "x2": 545,
              "y1": 68,
              "y2": 196,
              "page": 11
            }
          ]
        },
        "14": {
          "que": 14,
          "type": "nat",
          "marks": {
            "cm": 3,
            "im": 0
          },
          "pdfData": [
            {
              "x1": 70,
              "x2": 545,
              "y1": 351,
              "y2": 415,
              "page": 11
            }
          ]
        }
      },
      "P-LIST": {
        "15": {
          "que": 15,
          "type": "mcq",
          "marks": {
            "cm": 3,
            "im": -1
          },
          "pdfData": [
            {
              "x1": 70,
              "x2": 545,
              "y1": 420,
              "y2": 508,
              "page": 12
            },
            {
              "x1": 70,
              "x2": 545,
              "y1": 240,
              "y2": 417,
              "page": 12
            }
          ],
          "answerOptions": "4"
        },
        "16": {
          "que": 16,
          "type": "mcq",
          "marks": {
            "cm": 3,
            "im": -1
          },
          "pdfData": [
            {
              "x1": 70,
              "x2": 545,
              "y1": 71,
              "y2": 186,
              "page": 13
            },
            {
              "x1": 70,
              "x2": 545,
              "y1": 239,
              "y2": 417,
              "page": 12
            }
          ],
          "answerOptions": "4"
        },
        "17": {
          "que": 17,
          "type": "mcq",
          "marks": {
            "cm": 3,
            "im": -1
          },
          "pdfData": [
            {
              "x1": 70,
              "x2": 545,
              "y1": 71,
              "y2": 363,
              "page": 14
            },
            {
              "x1": 70,
              "x2": 545,
              "y1": 368,
              "y2": 556,
              "page": 14
            }
          ],
          "answerOptions": "4"
        },
        "18": {
          "que": 18,
          "type": "mcq",
          "marks": {
            "cm": 3,
            "im": -1
          },
          "pdfData": [
            {
              "x1": 70,
              "x2": 545,
              "y1": 71,
              "y2": 363,
              "page": 14
            },
            {
              "x1": 70,
              "x2": 545,
              "y1": 79,
              "y2": 258,
              "page": 15
            }
          ],
          "answerOptions": "4"
        }
      }
    },
    "Chemistry": {
      "C-MSQ": {
        "19": {
          "que": 19,
          "type": "msq",
          "marks": {
            "cm": 4,
            "pm": 1,
            "im": -2
          },
          "pdfData": [
            {
              "x1": 70,
              "x2": 545,
              "y1": 392,
              "y2": 585,
              "page": 16
            }
          ],
          "answerOptions": "4"
        },
        "20": {
          "que": 20,
          "type": "msq",
          "marks": {
            "cm": 4,
            "pm": 1,
            "im": -2
          },
          "pdfData": [
            {
              "x1": 70,
              "x2": 545,
              "y1": 217,
              "y2": 343,
              "page": 17
            }
          ],
          "answerOptions": "4"
        },
        "21": {
          "que": 21,
          "type": "msq",
          "marks": {
            "cm": 4,
            "pm": 1,
            "im": -2
          },
          "pdfData": [
            {
              "x1": 70,
              "x2": 545,
              "y1": 435,
              "y2": 568,
              "page": 17
            }
          ],
          "answerOptions": "4"
        },
        "22": {
          "que": 22,
          "type": "msq",
          "marks": {
            "cm": 4,
            "pm": 1,
            "im": -2
          },
          "pdfData": [
            {
              "x1": 70,
              "x2": 545,
              "y1": 636,
              "y2": 698,
              "page": 17
            }
          ],
          "answerOptions": "4"
        },
        "23": {
          "que": 23,
          "type": "msq",
          "marks": {
            "cm": 4,
            "pm": 1,
            "im": -2
          },
          "pdfData": [
            {
              "x1": 70,
              "x2": 545,
              "y1": 68,
              "y2": 169,
              "page": 18
            }
          ],
          "answerOptions": "4"
        },
        "24": {
          "que": 24,
          "type": "msq",
          "marks": {
            "cm": 4,
            "pm": 1,
            "im": -2
          },
          "pdfData": [
            {
              "x1": 70,
              "x2": 545,
              "y1": 280,
              "y2": 380,
              "page": 18
            }
          ],
          "answerOptions": "4"
        },
        "25": {
          "que": 25,
          "type": "msq",
          "marks": {
            "cm": 4,
            "pm": 1,
            "im": -2
          },
          "pdfData": [
            {
              "x1": 70,
              "x2": 545,
              "y1": 470,
              "y2": 535,
              "page": 18
            }
          ],
          "answerOptions": "4"
        },
        "26": {
          "que": 26,
          "type": "msq",
          "marks": {
            "cm": 4,
            "pm": 1,
            "im": -2
          },
          "pdfData": [
            {
              "x1": 70,
              "x2": 545,
              "y1": 600,
              "y2": 695,
              "page": 18
            },
            {
              "x1": 70,
              "x2": 545,
              "y1": 71,
              "y2": 403,
              "page": 19
            }
          ],
          "answerOptions": "4"
        }
      },
      "C-DECNUM": {
        "27": {
          "que": 27,
          "type": "nat",
          "marks": {
            "cm": 3,
            "im": 0
          },
          "pdfData": [
            {
              "x1": 70,
              "x2": 545,
              "y1": 186,
              "y2": 212,
              "page": 20
            }
          ]
        },
        "28": {
          "que": 28,
          "type": "nat",
          "marks": {
            "cm": 3,
            "im": 0
          },
          "pdfData": [
            {
              "x1": 70,
              "x2": 545,
              "y1": 303,
              "y2": 349,
              "page": 20
            }
          ]
        },
        "29": {
          "que": 29,
          "type": "nat",
          "marks": {
            "cm": 3,
            "im": 0
          },
          "pdfData": [
            {
              "x1": 70,
              "x2": 545,
              "y1": 559,
              "y2": 586,
              "page": 20
            }
          ]
        },
        "30": {
          "que": 30,
          "type": "nat",
          "marks": {
            "cm": 3,
            "im": 0
          },
          "pdfData": [
            {
              "x1": 70,
              "x2": 545,
              "y1": 70,
              "y2": 108,
              "page": 21
            }
          ]
        },
        "31": {
          "que": 31,
          "type": "nat",
          "marks": {
            "cm": 3,
            "im": 0
          },
          "pdfData": [
            {
              "x1": 70,
              "x2": 545,
              "y1": 159,
              "y2": 215,
              "page": 21
            }
          ]
        },
        "32": {
          "que": 32,
          "type": "nat",
          "marks": {
            "cm": 3,
            "im": 0
          },
          "pdfData": [
            {
              "x1": 70,
              "x2": 545,
              "y1": 425,
              "y2": 538,
              "page": 21
            }
          ]
        }
      },
      "C-LIST": {
        "33": {
          "que": 33,
          "type": "mcq",
          "marks": {
            "cm": 3,
            "im": -1
          },
          "pdfData": [
            {
              "x1": 70,
              "x2": 545,
              "y1": 236,
              "y2": 446,
              "page": 22
            }
          ],
          "answerOptions": "4"
        },
        "34": {
          "que": 34,
          "type": "mcq",
          "marks": {
            "cm": 3,
            "im": -1
          },
          "pdfData": [
            {
              "x1": 70,
              "x2": 545,
              "y1": 466,
              "y2": 689,
              "page": 22
            }
          ],
          "answerOptions": "4"
        },
        "35": {
          "que": 35,
          "type": "mcq",
          "marks": {
            "cm": 3,
            "im": -1
          },
          "pdfData": [
            {
              "x1": 70,
              "x2": 545,
              "y1": 196,
              "y2": 679,
              "page": 23
            }
          ],
          "answerOptions": "4"
        },
        "36": {
          "que": 36,
          "type": "mcq",
          "marks": {
            "cm": 3,
            "im": -1
          },
          "pdfData": [
            {
              "x1": 70,
              "x2": 545,
              "y1": 71,
              "y2": 529,
              "page": 24
            }
          ],
          "answerOptions": "4"
        }
      }
    },
    "Maths": {
      "M-MSQ": {
        "37": {
          "que": 37,
          "type": "msq",
          "marks": {
            "cm": 4,
            "pm": 1,
            "im": -2
          },
          "pdfData": [
            {
              "x1": 70,
              "x2": 545,
              "y1": 433,
              "y2": 564,
              "page": 26
            }
          ],
          "answerOptions": "4"
        },
        "38": {
          "que": 38,
          "type": "msq",
          "marks": {
            "cm": 4,
            "pm": 1,
            "im": -2
          },
          "pdfData": [
            {
              "x1": 70,
              "x2": 545,
              "y1": 111,
              "y2": 350,
              "page": 27
            }
          ],
          "answerOptions": "4"
        },
        "39": {
          "que": 39,
          "type": "msq",
          "marks": {
            "cm": 4,
            "pm": 1,
            "im": -2
          },
          "pdfData": [
            {
              "x1": 70,
              "x2": 545,
              "y1": 190,
              "y2": 331,
              "page": 29
            }
          ],
          "answerOptions": "4"
        },
        "40": {
          "que": 40,
          "type": "msq",
          "marks": {
            "cm": 4,
            "pm": 1,
            "im": -2
          },
          "pdfData": [
            {
              "x1": 70,
              "x2": 545,
              "y1": 385,
              "y2": 487,
              "page": 30
            }
          ],
          "answerOptions": "4"
        },
        "41": {
          "que": 41,
          "type": "msq",
          "marks": {
            "cm": 4,
            "pm": 1,
            "im": -2
          },
          "pdfData": [
            {
              "x1": 70,
              "x2": 545,
              "y1": 129,
              "y2": 233,
              "page": 31
            }
          ],
          "answerOptions": "4"
        },
        "42": {
          "que": 42,
          "type": "msq",
          "marks": {
            "cm": 4,
            "pm": 1,
            "im": -2
          },
          "pdfData": [
            {
              "x1": 70,
              "x2": 545,
              "y1": 547,
              "y2": 662,
              "page": 31
            }
          ],
          "answerOptions": "4"
        },
        "43": {
          "que": 43,
          "type": "msq",
          "marks": {
            "cm": 4,
            "pm": 1,
            "im": -2
          },
          "pdfData": [
            {
              "x1": 70,
              "x2": 545,
              "y1": 148,
              "y2": 370,
              "page": 32
            }
          ],
          "answerOptions": "4"
        },
        "44": {
          "que": 44,
          "type": "msq",
          "marks": {
            "cm": 4,
            "pm": 1,
            "im": -2
          },
          "pdfData": [
            {
              "x1": 70,
              "x2": 545,
              "y1": 191,
              "y2": 304,
              "page": 33
            }
          ],
          "answerOptions": "4"
        }
      },
      "M-DECNUM": {
        "45": {
          "que": 45,
          "type": "nat",
          "marks": {
            "cm": 3,
            "im": 0
          },
          "pdfData": [
            {
              "x1": 70,
              "x2": 545,
              "y1": 650,
              "y2": 703,
              "page": 33
            }
          ]
        },
        "46": {
          "que": 46,
          "type": "nat",
          "marks": {
            "cm": 3,
            "im": 0
          },
          "pdfData": [
            {
              "x1": 70,
              "x2": 545,
              "y1": 325,
              "y2": 369,
              "page": 34
            }
          ]
        },
        "47": {
          "que": 47,
          "type": "nat",
          "marks": {
            "cm": 3,
            "im": 0
          },
          "pdfData": [
            {
              "x1": 70,
              "x2": 545,
              "y1": 577,
              "y2": 623,
              "page": 34
            }
          ]
        },
        "48": {
          "que": 48,
          "type": "nat",
          "marks": {
            "cm": 3,
            "im": 0
          },
          "pdfData": [
            {
              "x1": 70,
              "x2": 545,
              "y1": 180,
              "y2": 255,
              "page": 35
            }
          ]
        },
        "49": {
          "que": 49,
          "type": "nat",
          "marks": {
            "cm": 3,
            "im": 0
          },
          "pdfData": [
            {
              "x1": 70,
              "x2": 545,
              "y1": 532,
              "y2": 575,
              "page": 35
            }
          ]
        },
        "50": {
          "que": 50,
          "type": "nat",
          "marks": {
            "cm": 3,
            "im": 0
          },
          "pdfData": [
            {
              "x1": 70,
              "x2": 545,
              "y1": 70,
              "y2": 108,
              "page": 36
            }
          ]
        }
      },
      "M-LIST": {
        "51": {
          "que": 51,
          "type": "mcq",
          "marks": {
            "cm": 3,
            "im": -1
          },
          "pdfData": [
            {
              "x1": 70,
              "x2": 545,
              "y1": 481,
              "y2": 712,
              "page": 36
            },
            {
              "x1": 70,
              "x2": 545,
              "y1": 71,
              "y2": 113,
              "page": 37
            }
          ],
          "answerOptions": "4"
        },
        "52": {
          "que": 52,
          "type": "mcq",
          "marks": {
            "cm": 3,
            "im": -1
          },
          "pdfData": [
            {
              "x1": 70,
              "x2": 545,
              "y1": 482,
              "y2": 713,
              "page": 36
            },
            {
              "x1": 70,
              "x2": 545,
              "y1": 113,
              "y2": 157,
              "page": 37
            }
          ],
          "answerOptions": "4"
        },
        "53": {
          "que": 53,
          "type": "mcq",
          "marks": {
            "cm": 3,
            "im": -1
          },
          "pdfData": [
            {
              "x1": 70,
              "x2": 545,
              "y1": 84,
              "y2": 361,
              "page": 38
            },
            {
              "x1": 70,
              "x2": 545,
              "y1": 364,
              "y2": 408,
              "page": 38
            }
          ],
          "answerOptions": "4"
        },
        "54": {
          "que": 54,
          "type": "mcq",
          "marks": {
            "cm": 3,
            "im": -1
          },
          "pdfData": [
            {
              "x1": 70,
              "x2": 545,
              "y1": 84,
              "y2": 361,
              "page": 38
            },
            {
              "x1": 70,
              "x2": 545,
              "y1": 408,
              "y2": 454,
              "page": 38
            }
          ],
          "answerOptions": "4"
        }
      }
    }
  },
  "appVersion": "1.22.1",
  "generatedBy": "answerKeyPage",
  "generatedBasedOn": "pdfCropperPage",
  "testAnswerKey": {
    "Physics": {
      "P-MSQ": {
        "1": [
          3
        ],
        "2": [
          1
        ],
        "3": [
          1,
          2,
          4
        ],
        "4": [
          1,
          2
        ],
        "5": [
          1,
          2
        ],
        "6": [
          2,
          3
        ],
        "7": [
          2,
          4
        ],
        "8": [
          1,
          2,
          3
        ]
      },
      "P-DECNUM": {
        "9": "135",
        "10": "4",
        "11": "0.63",
        "12": "1",
        "13": "1.5",
        "14": "1.39"
      },
      "P-LIST": {
        "15": [
          1
        ],
        "16": [
          1
        ],
        "17": [
          1
        ],
        "18": [
          4
        ]
      }
    },
    "Chemistry": {
      "C-MSQ": {
        "19": [
          2,
          4
        ],
        "20": [
          2,
          3,
          4
        ],
        "21": [
          1,
          2
        ],
        "22": [
          2,
          4
        ],
        "23": [
          1,
          2
        ],
        "24": [
          1,
          2,
          4
        ],
        "25": [
          1,
          3
        ],
        "26": [
          1,
          2
        ]
      },
      "C-DECNUM": {
        "27": "10",
        "28": "2.98",
        "29": "6",
        "30": "288",
        "31": "2.3",
        "32": "6"
      },
      "C-LIST": {
        "33": [
          1
        ],
        "34": [
          1
        ],
        "35": [
          2
        ],
        "36": [
          2
        ]
      }
    },
    "Maths": {
      "M-MSQ": {
        "37": [
          1,
          2
        ],
        "38": [
          1,
          3
        ],
        "39": [
          1,
          2,
          3
        ],
        "40": [
          1,
          4
        ],
        "41": [
          2,
          3,
          4
        ],
        "42": [
          1,
          2,
          3
        ],
        "43": [
          2,
          3,
          4
        ],
        "44": [
          3,
          4
        ]
      },
      "M-DECNUM": {
        "45": "0.5",
        "46": "18",
        "47": "30",
        "48": "6.2",
        "49": "422",
        "50": "0"
      },
      "M-LIST": {
        "51": [
          3
        ],
        "52": [
          1
        ],
        "53": [
          2
        ],
        "54": [
          1
        ]
      }
    }
  }
}