{
  "pdfCropperData": {
    "Maths": {
      "M-MCQ": {
        "1": {
          "que": 1,
          "type": "mcq",
          "options": 4,
          "marks": {
            "cm": 3,
            "im": -1
          },
          "pdfData": [
            {
              "page": 1,
              "x1": 62,
              "y1": 264,
              "x2": 500,
              "y2": 476
            }
          ]
        },
        "2": {
          "que": 2,
          "type": "mcq",
          "options": 4,
          "marks": {
            "cm": 3,
            "im": -1
          },
          "pdfData": [
            {
              "page": 1,
              "x1": 62,
              "y1": 512,
              "x2": 500,
              "y2": 747
            }
          ]
        },
        "3": {
          "que": 3,
          "type": "mcq",
          "options": 4,
          "marks": {
            "cm": 3,
            "im": -1
          },
          "pdfData": [
            {
              "page": 2,
              "x1": 62,
              "y1": 66,
              "x2": 541,
              "y2": 279
            }
          ]
        },
        "4": {
          "que": 4,
          "type": "mcq",
          "options": 4,
          "marks": {
            "cm": 3,
            "im": -1
          },
          "pdfData": [
            {
              "page": 2,
              "x1": 62,
              "y1": 316,
              "x2": 541,
              "y2": 488
            }
          ]
        }
      },
      "M-MSQ": {
        "5": {
          "que": 5,
          "type": "msq",
          "options": 4,
          "marks": {
            "cm": 4,
            "pm": 1,
            "im": -2
          },
          "pdfData": [
            {
              "page": 3,
              "x1": 62,
              "y1": 455,
              "x2": 541,
              "y2": 743
            }
          ]
        },
        "6": {
          "que": 6,
          "type": "msq",
          "options": 4,
          "marks": {
            "cm": 4,
            "pm": 1,
            "im": -2
          },
          "pdfData": [
            {
              "page": 4,
              "x1": 62,
              "y1": 66,
              "x2": 541,
              "y2": 361
            }
          ]
        },
        "7": {
          "que": 7,
          "type": "msq",
          "options": 4,
          "marks": {
            "cm": 4,
            "pm": 1,
            "im": -2
          },
          "pdfData": [
            {
              "page": 4,
              "x1": 62,
              "y1": 399,
              "x2": 541,
              "y2": 619
            }
          ]
        }
      },
      "M-DECNUM": {
        "8": {
          "que": 8,
          "type": "nat",
          "marks": {
            "cm": 4,
            "im": 0
          },
          "pdfData": [
            {
              "page": 5,
              "x1": 62,
              "y1": 302,
              "x2": 541,
              "y2": 358
            }
          ]
        },
        "9": {
          "que": 9,
          "type": "nat",
          "marks": {
            "cm": 4,
            "im": 0
          },
          "pdfData": [
            {
              "page": 5,
              "x1": 62,
              "y1": 390,
              "x2": 541,
              "y2": 571
            }
          ]
        },
        "10": {
          "que": 10,
          "type": "nat",
          "marks": {
            "cm": 4,
            "im": 0
          },
          "pdfData": [
            {
              "page": 5,
              "x1": 62,
              "y1": 631,
              "x2": 541,
              "y2": 692
            }
          ]
        },
        "11": {
          "que": 11,
          "type": "nat",
          "marks": {
            "cm": 4,
            "im": 0
          },
          "pdfData": [
            {
              "page": 6,
              "x1": 62,
              "y1": 55,
              "x2": 541,
              "y2": 174
            }
          ]
        },
        "12": {
          "que": 12,
          "type": "nat",
          "marks": {
            "cm": 4,
            "im": 0
          },
          "pdfData": [
            {
              "page": 6,
              "x1": 62,
              "y1": 206,
              "x2": 541,
              "y2": 390
            }
          ]
        },
        "13": {
          "que": 13,
          "type": "nat",
          "marks": {
            "cm": 4,
            "im": 0
          },
          "pdfData": [
            {
              "page": 6,
              "x1": 62,
              "y1": 423,
              "x2": 541,
              "y2": 606
            }
          ]
        }
      },
      "M-LIST": {
        "14": {
          "que": 14,
          "type": "mcq",
          "options": 4,
          "marks": {
            "cm": 4,
            "im": -1
          },
          "pdfData": [
            {
              "page": 7,
              "x1": 62,
              "y1": 342,
              "x2": 541,
              "y2": 772
            }
          ]
        },
        "15": {
          "que": 15,
          "type": "mcq",
          "options": 4,
          "marks": {
            "cm": 4,
            "im": -1
          },
          "pdfData": [
            {
              "page": 8,
              "x1": 62,
              "y1": 66,
              "x2": 541,
              "y2": 513
            }
          ]
        },
        "16": {
          "que": 16,
          "type": "mcq",
          "options": 4,
          "marks": {
            "cm": 4,
            "im": -1
          },
          "pdfData": [
            {
              "page": 9,
              "x1": 62,
              "y1": 55,
              "x2": 541,
              "y2": 403
            }
          ]
        }
      }
    },
    "Physics": {
      "P-MCQ": {
        "17": {
          "que": 17,
          "type": "mcq",
          "options": 4,
          "marks": {
            "cm": 3,
            "im": -1
          },
          "pdfData": [
            {
              "page": 11,
              "x1": 62,
              "y1": 54,
              "x2": 541,
              "y2": 407
            }
          ]
        },
        "18": {
          "que": 18,
          "type": "mcq",
          "options": 4,
          "marks": {
            "cm": 3,
            "im": -1
          },
          "pdfData": [
            {
              "page": 11,
              "x1": 62,
              "y1": 445,
              "x2": 541,
              "y2": 649
            }
          ]
        },
        "19": {
          "que": 19,
          "type": "mcq",
          "options": 4,
          "marks": {
            "cm": 3,
            "im": -1
          },
          "pdfData": [
            {
              "page": 12,
              "x1": 62,
              "y1": 55,
              "x2": 541,
              "y2": 452
            }
          ]
        },
        "20": {
          "que": 20,
          "type": "mcq",
          "options": 4,
          "marks": {
            "cm": 3,
            "im": -1
          },
          "pdfData": [
            {
              "page": 12,
              "x1": 62,
              "y1": 526,
              "x2": 541,
              "y2": 758
            }
          ]
        }
      },
      "P-MSQ": {
        "21": {
          "que": 21,
          "type": "msq",
          "options": 4,
          "marks": {
            "cm": 4,
            "pm": 1,
            "im": -2
          },
          "pdfData": [
            {
              "page": 14,
              "x1": 62,
              "y1": 54,
              "x2": 544,
              "y2": 383
            }
          ]
        },
        "22": {
          "que": 22,
          "type": "msq",
          "options": 4,
          "marks": {
            "cm": 4,
            "pm": 1,
            "im": -2
          },
          "pdfData": [
            {
              "page": 14,
              "x1": 62,
              "y1": 430,
              "x2": 544,
              "y2": 505
            }
          ]
        },
        "23": {
          "que": 23,
          "type": "msq",
          "options": 4,
          "marks": {
            "cm": 4,
            "pm": 1,
            "im": -2
          },
          "pdfData": [
            {
              "page": 15,
              "x1": 62,
              "y1": 54,
              "x2": 544,
              "y2": 347
            }
          ]
        }
      },
      "P-DECNUM": {
        "24": {
          "que": 24,
          "type": "nat",
          "marks": {
            "cm": 4,
            "im": 0
          },
          "pdfData": [
            {
              "page": 16,
              "x1": 62,
              "y1": 338,
              "x2": 544,
              "y2": 401
            }
          ]
        },
        "25": {
          "que": 25,
          "type": "nat",
          "marks": {
            "cm": 4,
            "im": 0
          },
          "pdfData": [
            {
              "page": 16,
              "x1": 62,
              "y1": 470,
              "x2": 544,
              "y2": 538
            }
          ]
        },
        "26": {
          "que": 26,
          "type": "nat",
          "marks": {
            "cm": 4,
            "im": 0
          },
          "pdfData": [
            {
              "page": 17,
              "x1": 62,
              "y1": 55,
              "x2": 544,
              "y2": 266
            }
          ]
        },
        "27": {
          "que": 27,
          "type": "nat",
          "marks": {
            "cm": 4,
            "im": 0
          },
          "pdfData": [
            {
              "page": 17,
              "x1": 62,
              "y1": 374,
              "x2": 544,
              "y2": 620
            }
          ]
        },
        "28": {
          "que": 28,
          "type": "nat",
          "marks": {
            "cm": 4,
            "im": 0
          },
          "pdfData": [
            {
              "page": 18,
              "x1": 62,
              "y1": 54,
              "x2": 544,
              "y2": 147
            }
          ]
        },
        "29": {
          "que": 29,
          "type": "nat",
          "marks": {
            "cm": 4,
            "im": 0
          },
          "pdfData": [
            {
              "page": 18,
              "x1": 62,
              "y1": 217,
              "x2": 544,
              "y2": 304
            }
          ]
        }
      },
      "P-LIST": {
        "30": {
          "que": 30,
          "type": "mcq",
          "options": 4,
          "marks": {
            "cm": 4,
            "im": -1
          },
          "pdfData": [
            {
              "page": 20,
              "x1": 62,
              "y1": 79,
              "x2": 544,
              "y2": 587
            }
          ]
        },
        "31": {
          "que": 31,
          "type": "mcq",
          "options": 4,
          "marks": {
            "cm": 4,
            "im": -1
          },
          "pdfData": [
            {
              "page": 21,
              "x1": 62,
              "y1": 53,
              "x2": 544,
              "y2": 668
            },
            {
              "page": 21,
              "x1": 62,
              "y1": 713,
              "x2": 544,
              "y2": 783
            }
          ]
        },
        "32": {
          "que": 32,
          "type": "mcq",
          "options": 4,
          "marks": {
            "cm": 4,
            "im": -1
          },
          "pdfData": [
            {
              "page": 22,
              "x1": 62,
              "y1": 90,
              "x2": 544,
              "y2": 501
            }
          ]
        }
      }
    },
    "Chemistry": {
      "C-MCQ": {
        "33": {
          "que": 33,
          "type": "mcq",
          "options": 4,
          "marks": {
            "cm": 3,
            "im": -1
          },
          "pdfData": [
            {
              "page": 23,
              "x1": 62,
              "y1": 254,
              "x2": 544,
              "y2": 368
            }
          ]
        },
        "34": {
          "que": 34,
          "type": "mcq",
          "options": 4,
          "marks": {
            "cm": 3,
            "im": -1
          },
          "pdfData": [
            {
              "page": 23,
              "x1": 62,
              "y1": 406,
              "x2": 544,
              "y2": 522
            }
          ]
        },
        "35": {
          "que": 35,
          "type": "mcq",
          "options": 4,
          "marks": {
            "cm": 3,
            "im": -1
          },
          "pdfData": [
            {
              "page": 23,
              "x1": 62,
              "y1": 558,
              "x2": 544,
              "y2": 617
            }
          ]
        },
        "36": {
          "que": 36,
          "type": "mcq",
          "options": 4,
          "marks": {
            "cm": 3,
            "im": -1
          },
          "pdfData": [
            {
              "page": 24,
              "x1": 58,
              "y1": 62,
              "x2": 542,
              "y2": 242
            }
          ]
        }
      },
      "C-MSQ": {
        "37": {
          "que": 37,
          "type": "msq",
          "options": 4,
          "marks": {
            "cm": 4,
            "pm": 1,
            "im": -2
          },
          "pdfData": [
            {
              "page": 25,
              "x1": 58,
              "y1": 444,
              "x2": 542,
              "y2": 559
            }
          ]
        },
        "38": {
          "que": 38,
          "type": "msq",
          "options": 4,
          "marks": {
            "cm": 4,
            "pm": 1,
            "im": -2
          },
          "pdfData": [
            {
              "page": 25,
              "x1": 58,
              "y1": 584,
              "x2": 542,
              "y2": 679
            }
          ]
        },
        "39": {
          "que": 39,
          "type": "msq",
          "options": 4,
          "marks": {
            "cm": 4,
            "pm": 1,
            "im": -2
          },
          "pdfData": [
            {
              "page": 26,
              "x1": 58,
              "y1": 54,
              "x2": 542,
              "y2": 289
            }
          ]
        }
      },
      "C-DECNUM": {
        "40": {
          "que": 40,
          "type": "nat",
          "marks": {
            "cm": 4,
            "im": 0
          },
          "pdfData": [
            {
              "page": 27,
              "x1": 58,
              "y1": 250,
              "x2": 542,
              "y2": 310
            }
          ]
        },
        "41": {
          "que": 41,
          "type": "nat",
          "marks": {
            "cm": 4,
            "im": 0
          },
          "pdfData": [
            {
              "page": 27,
              "x1": 58,
              "y1": 344,
              "x2": 542,
              "y2": 407
            }
          ]
        },
        "42": {
          "que": 42,
          "type": "nat",
          "marks": {
            "cm": 4,
            "im": 0
          },
          "pdfData": [
            {
              "page": 27,
              "x1": 58,
              "y1": 438,
              "x2": 542,
              "y2": 532
            }
          ]
        },
        "43": {
          "que": 43,
          "type": "nat",
          "marks": {
            "cm": 4,
            "im": 0
          },
          "pdfData": [
            {
              "page": 27,
              "x1": 58,
              "y1": 565,
              "x2": 542,
              "y2": 626
            }
          ]
        },
        "44": {
          "que": 44,
          "type": "nat",
          "marks": {
            "cm": 4,
            "im": 0
          },
          "pdfData": [
            {
              "page": 27,
              "x1": 58,
              "y1": 678,
              "x2": 542,
              "y2": 752
            }
          ]
        },
        "45": {
          "que": 45,
          "type": "nat",
          "marks": {
            "cm": 4,
            "im": 0
          },
          "pdfData": [
            {
              "page": 28,
              "x1": 58,
              "y1": 68,
              "x2": 542,
              "y2": 286
            }
          ]
        }
      },
      "C-LIST": {
        "46": {
          "que": 46,
          "type": "mcq",
          "options": 4,
          "marks": {
            "cm": 4,
            "im": -1
          },
          "pdfData": [
            {
              "page": 29,
              "x1": 58,
              "y1": 262,
              "x2": 542,
              "y2": 519
            }
          ]
        },
        "47": {
          "que": 47,
          "type": "mcq",
          "options": 4,
          "marks": {
            "cm": 4,
            "im": -1
          },
          "pdfData": [
            {
              "page": 30,
              "x1": 58,
              "y1": 79,
              "x2": 542,
              "y2": 647
            }
          ]
        },
        "48": {
          "que": 48,
          "type": "mcq",
          "options": 4,
          "marks": {
            "cm": 4,
            "im": -1
          },
          "pdfData": [
            {
              "page": 31,
              "x1": 58,
              "y1": 54,
              "x2": 542,
              "y2": 668
            }
          ]
        }
      }
    }
  },
  "pdfFileHash": "ef544ea1a235850c5e07a2b9dd578404ea78d400aee18cae2213a1a243240033",
  "testAnswerKey": {
    "Maths": {
      "M-MCQ": {
        "1": 3,
        "2": 1,
        "3": 3,
        "4": 3
      },
      "M-MSQ": {
        "5": [
          1,
          3
        ],
        "6": [
          1,
          4
        ],
        "7": [
          1,
          4
        ]
      },
      "M-DECNUM": {
        "8": "105",
        "9": "1.15TO1.25",
        "10": "762",
        "11": "2.35TO2.45",
        "12": "96",
        "13": "2"
      },
      "M-LIST": {
        "14": 3,
        "15": 2,
        "16": 1
      }
    },
    "Physics": {
      "P-MCQ": {
        "17": 1,
        "18": 4,
        "19": 1,
        "20": 3
      },
      "P-MSQ": {
        "21": [
          2,
          4
        ],
        "22": [
          4
        ],
        "23": [
          1,
          4
        ]
      },
      "P-DECNUM": {
        "24": "2",
        "25": "21TO25",
        "26": "3",
        "27": "0.5,0.75",
        "28": "75TO79",
        "29": "72"
      },
      "P-LIST": {
        "30": 3,
        "31": 1,
        "32": 3
      }
    },
    "Chemistry": {
      "C-MCQ": {
        "33": 1,
        "34": 1,
        "35": 2,
        "36": 2
      },
      "C-MSQ": {
        "37": [
          2,
          3
        ],
        "38": [
          1,
          2
        ],
        "39": [
          2
        ]
      },
      "C-DECNUM": {
        "40": "100",
        "41": "2.2TO2.3",
        "42": "-7.2TO-7",
        "43": "29.8TO29.95",
        "44": "280",
        "45": "175"
      },
      "C-LIST": {
        "46": 1,
        "47": 2,
        "48": 2
      }
    }
  }
}