{
  "pdfCropperData": {
    "Maths": {
      "Part-A": {
        "1": {
          "que": 1,
          "type": "msq",
          "options": 4,
          "marks": {
            "cm": 4,
            "pm": 0,
            "im": 0
          },
          "pdfData": [
            {
              "page": 2,
              "x1": 77,
              "y1": 191,
              "x2": 552,
              "y2": 347
            }
          ]
        },
        "2": {
          "que": 2,
          "type": "msq",
          "options": 4,
          "marks": {
            "cm": 4,
            "pm": 0,
            "im": 0
          },
          "pdfData": [
            {
              "page": 2,
              "x1": 77,
              "y1": 347,
              "x2": 552,
              "y2": 483
            }
          ]
        },
        "3": {
          "que": 3,
          "type": "msq",
          "options": 4,
          "marks": {
            "cm": 4,
            "pm": 0,
            "im": 0
          },
          "pdfData": [
            {
              "page": 2,
              "x1": 77,
              "y1": 483,
              "x2": 552,
              "y2": 633
            }
          ]
        },
        "4": {
          "que": 4,
          "type": "msq",
          "options": 4,
          "marks": {
            "cm": 4,
            "pm": 0,
            "im": 0
          },
          "pdfData": [
            {
              "page": 3,
              "x1": 77,
              "y1": 69,
              "x2": 552,
              "y2": 195
            }
          ]
        },
        "5": {
          "que": 5,
          "type": "msq",
          "options": 4,
          "marks": {
            "cm": 4,
            "pm": 0,
            "im": 0
          },
          "pdfData": [
            {
              "page": 3,
              "x1": 77,
              "y1": 195,
              "x2": 552,
              "y2": 331
            }
          ]
        },
        "6": {
          "que": 6,
          "type": "msq",
          "options": 4,
          "marks": {
            "cm": 4,
            "pm": 0,
            "im": 0
          },
          "pdfData": [
            {
              "page": 3,
              "x1": 77,
              "y1": 331,
              "x2": 552,
              "y2": 494
            }
          ]
        },
        "7": {
          "que": 7,
          "type": "msq",
          "options": 4,
          "marks": {
            "cm": 4,
            "pm": 0,
            "im": 0
          },
          "pdfData": [
            {
              "page": 3,
              "x1": 77,
              "y1": 494,
              "x2": 552,
              "y2": 711
            }
          ]
        },
        "8": {
          "que": 8,
          "type": "msq",
          "options": 4,
          "marks": {
            "cm": 4,
            "pm": 0,
            "im": 0
          },
          "pdfData": [
            {
              "page": 4,
              "x1": 77,
              "y1": 65,
              "x2": 552,
              "y2": 309
            }
          ]
        },
        "9": {
          "que": 9,
          "type": "msq",
          "options": 4,
          "marks": {
            "cm": 4,
            "pm": 0,
            "im": 0
          },
          "pdfData": [
            {
              "page": 4,
              "x1": 77,
              "y1": 309,
              "x2": 552,
              "y2": 438
            }
          ]
        },
        "10": {
          "que": 10,
          "type": "msq",
          "options": 4,
          "marks": {
            "cm": 4,
            "pm": 0,
            "im": 0
          },
          "pdfData": [
            {
              "page": 4,
              "x1": 77,
              "y1": 438,
              "x2": 552,
              "y2": 560
            }
          ]
        }
      }
    }
  },
  "pdfFileHash": "e1c40ce566f885d13a07bd02a6673f212bc8498844372e724f72f616e9132c82",
  "testAnswerKey": {
    "Maths": {
      "Part-A": {
        "1": [
          1,
          2,
          4
        ],
        "2": [
          2,
          3
        ],
        "3": [
          1,
          2,
          3
        ],
        "4": [
          1,
          4
        ],
        "5": [
          1,
          3,
          4
        ],
        "6": [
          1,
          2
        ],
        "7": [
          1,
          2,
          3
        ],
        "8": [
          2,
          3
        ],
        "9": [
          1,
          3
        ],
        "10": [
          1,
          2
        ]
      }
    }
  }
}