{
  "pdfCropperData": {
    "Mathematics": {
      "M-MSQ": {
        "1": {
          "que": 1,
          "type": "msq",
          "pdfData": [
            {
              "x1": 82,
              "x2": 536,
              "y1": 449,
              "y2": 559,
              "page": 1
            }
          ],
          "options": 4,
          "marks": {
            "cm": 4,
            "pm": 1,
            "im": -2
          }
        },
        "2": {
          "que": 2,
          "type": "msq",
          "pdfData": [
            {
              "x1": 82,
              "x2": 536,
              "y1": 60,
              "y2": 220,
              "page": 2
            }
          ],
          "options": 4,
          "marks": {
            "cm": 4,
            "pm": 1,
            "im": -2
          }
        },
        "3": {
          "que": 3,
          "type": "msq",
          "pdfData": [
            {
              "x1": 82,
              "x2": 536,
              "y1": 248,
              "y2": 535,
              "page": 2
            }
          ],
          "options": 4,
          "marks": {
            "cm": 4,
            "pm": 1,
            "im": -2
          }
        }
      },
      "M-MCQ": {
        "4": {
          "que": 4,
          "type": "mcq",
          "pdfData": [
            {
              "x1": 82,
              "x2": 536,
              "y1": 234,
              "y2": 382,
              "page": 3
            }
          ],
          "options": 4,
          "marks": {
            "cm": 3,
            "im": -1
          }
        },
        "5": {
          "que": 5,
          "type": "mcq",
          "pdfData": [
            {
              "x1": 82,
              "x2": 536,
              "y1": 413,
              "y2": 560,
              "page": 3
            }
          ],
          "options": 4,
          "marks": {
            "cm": 3,
            "im": -1
          }
        },
        "6": {
          "que": 6,
          "type": "mcq",
          "pdfData": [
            {
              "x1": 82,
              "x2": 536,
              "y1": 598,
              "y2": 700,
              "page": 3
            }
          ],
          "options": 4,
          "marks": {
            "cm": 3,
            "im": -1
          }
        },
        "7": {
          "que": 7,
          "type": "mcq",
          "pdfData": [
            {
              "x1": 82,
              "x2": 536,
              "y1": 59,
              "y2": 172,
              "page": 4
            }
          ],
          "options": 4,
          "marks": {
            "cm": 3,
            "im": -1
          }
        }
      },
      "M-INTNUM": {
        "8": {
          "que": 8,
          "type": "nat",
          "pdfData": [
            {
              "x1": 82,
              "x2": 536,
              "y1": 231,
              "y2": 318,
              "page": 5
            }
          ],
          "marks": {
            "cm": 4,
            "im": -2
          }
        },
        "9": {
          "que": 9,
          "type": "nat",
          "pdfData": [
            {
              "x1": 82,
              "x2": 536,
              "y1": 352,
              "y2": 540,
              "page": 5
            }
          ],
          "marks": {
            "cm": 4,
            "im": -2
          }
        },
        "10": {
          "que": 10,
          "type": "nat",
          "pdfData": [
            {
              "x1": 82,
              "x2": 536,
              "y1": 575,
              "y2": 686,
              "page": 5
            }
          ],
          "marks": {
            "cm": 4,
            "im": -2
          }
        },
        "11": {
          "que": 11,
          "type": "nat",
          "pdfData": [
            {
              "x1": 82,
              "x2": 536,
              "y1": 60,
              "y2": 111,
              "page": 6
            }
          ],
          "marks": {
            "cm": 4,
            "im": -2
          }
        },
        "12": {
          "que": 12,
          "type": "nat",
          "pdfData": [
            {
              "x1": 82,
              "x2": 536,
              "y1": 133,
              "y2": 236,
              "page": 6
            }
          ],
          "marks": {
            "cm": 4,
            "im": -2
          }
        },
        "13": {
          "que": 13,
          "type": "nat",
          "pdfData": [
            {
              "x1": 82,
              "x2": 536,
              "y1": 263,
              "y2": 330,
              "page": 6
            }
          ],
          "marks": {
            "cm": 4,
            "im": -2
          }
        }
      },
      "M-LIST": {
        "14": {
          "que": 14,
          "type": "mcq",
          "pdfData": [
            {
              "x1": 82,
              "x2": 536,
              "y1": 270,
              "y2": 697,
              "page": 7
            }
          ],
          "options": 4,
          "marks": {
            "cm": 3,
            "im": -1
          }
        },
        "15": {
          "que": 15,
          "type": "mcq",
          "pdfData": [
            {
              "x1": 82,
              "x2": 536,
              "y1": 60,
              "y2": 363,
              "page": 8
            }
          ],
          "options": 4,
          "marks": {
            "cm": 3,
            "im": -1
          }
        },
        "16": {
          "que": 16,
          "type": "mcq",
          "pdfData": [
            {
              "x1": 82,
              "x2": 536,
              "y1": 60,
              "y2": 420,
              "page": 9
            }
          ],
          "options": 4,
          "marks": {
            "cm": 3,
            "im": -1
          }
        },
        "17": {
          "que": 17,
          "type": "mcq",
          "pdfData": [
            {
              "x1": 82,
              "x2": 536,
              "y1": 450,
              "y2": 720,
              "page": 9
            }
          ],
          "options": 4,
          "marks": {
            "cm": 3,
            "im": -1
          }
        }
      }
    },
    "Physics": {
      "P-MSQ": {
        "18": {
          "que": 18,
          "type": "msq",
          "pdfData": [
            {
              "x1": 55,
              "x2": 536,
              "y1": 53,
              "y2": 455,
              "page": 12
            }
          ],
          "options": 4,
          "marks": {
            "cm": 4,
            "pm": 1,
            "im": -2
          }
        },
        "19": {
          "que": 19,
          "type": "msq",
          "pdfData": [
            {
              "x1": 57,
              "x2": 536,
              "y1": 52,
              "y2": 354,
              "page": 13
            }
          ],
          "options": 4,
          "marks": {
            "cm": 4,
            "pm": 1,
            "im": -2
          }
        },
        "20": {
          "que": 20,
          "type": "msq",
          "pdfData": [
            {
              "x1": 53,
              "x2": 536,
              "y1": 440,
              "y2": 765,
              "page": 13
            }
          ],
          "options": 4,
          "marks": {
            "cm": 4,
            "pm": 1,
            "im": -2
          }
        }
      },
      "P-MCQ": {
        "21": {
          "que": 21,
          "type": "mcq",
          "pdfData": [
            {
              "x1": 56,
              "x2": 536,
              "y1": 260,
              "y2": 395,
              "page": 14
            }
          ],
          "options": 4,
          "marks": {
            "cm": 3,
            "im": -1
          }
        },
        "22": {
          "que": 22,
          "type": "mcq",
          "pdfData": [
            {
              "x1": 57,
              "x2": 536,
              "y1": 439,
              "y2": 735,
              "page": 14
            }
          ],
          "options": 4,
          "marks": {
            "cm": 3,
            "im": -1
          }
        },
        "23": {
          "que": 23,
          "type": "mcq",
          "pdfData": [
            {
              "x1": 56,
              "x2": 536,
              "y1": 116,
              "y2": 209,
              "page": 15
            }
          ],
          "options": 4,
          "marks": {
            "cm": 3,
            "im": -1
          }
        },
        "24": {
          "que": 24,
          "type": "mcq",
          "pdfData": [
            {
              "x1": 57,
              "x2": 536,
              "y1": 213,
              "y2": 305,
              "page": 15
            }
          ],
          "options": 4,
          "marks": {
            "cm": 3,
            "im": -1
          }
        }
      },
      "P-INTNUM": {
        "25": {
          "que": 25,
          "type": "nat",
          "pdfData": [
            {
              "x1": 54,
              "x2": 536,
              "y1": 225,
              "y2": 327,
              "page": 16
            }
          ],
          "marks": {
            "cm": 4,
            "im": 0
          }
        },
        "26": {
          "que": 26,
          "type": "nat",
          "pdfData": [
            {
              "x1": 55,
              "x2": 536,
              "y1": 327,
              "y2": 600,
              "page": 16
            }
          ],
          "marks": {
            "cm": 4,
            "im": 0
          }
        },
        "27": {
          "que": 27,
          "type": "nat",
          "pdfData": [
            {
              "x1": 57,
              "x2": 536,
              "y1": 615,
              "y2": 658,
              "page": 16
            }
          ],
          "marks": {
            "cm": 4,
            "im": 0
          }
        },
        "28": {
          "que": 28,
          "type": "nat",
          "pdfData": [
            {
              "x1": 56,
              "x2": 536,
              "y1": 53,
              "y2": 112,
              "page": 17
            }
          ],
          "marks": {
            "cm": 4,
            "im": 0
          }
        },
        "29": {
          "que": 29,
          "type": "nat",
          "pdfData": [
            {
              "x1": 56,
              "x2": 536,
              "y1": 132,
              "y2": 185,
              "page": 17
            }
          ],
          "marks": {
            "cm": 4,
            "im": 0
          }
        },
        "30": {
          "que": 30,
          "type": "nat",
          "pdfData": [
            {
              "x1": 56,
              "x2": 536,
              "y1": 204,
              "y2": 491,
              "page": 17
            }
          ],
          "marks": {
            "cm": 4,
            "im": 0
          }
        }
      },
      "P-LIST": {
        "31": {
          "que": 31,
          "type": "mcq",
          "pdfData": [
            {
              "x1": 56,
              "x2": 536,
              "y1": 277,
              "y2": 497,
              "page": 18
            }
          ],
          "options": 4,
          "marks": {
            "cm": 3,
            "im": -1
          }
        },
        "32": {
          "que": 32,
          "type": "mcq",
          "pdfData": [
            {
              "x1": 53,
              "x2": 536,
              "y1": 517,
              "y2": 784,
              "page": 18
            }
          ],
          "options": 4,
          "marks": {
            "cm": 3,
            "im": -1
          }
        },
        "33": {
          "que": 33,
          "type": "mcq",
          "pdfData": [
            {
              "x1": 57,
              "x2": 536,
              "y1": 52,
              "y2": 292,
              "page": 19
            }
          ],
          "options": 4,
          "marks": {
            "cm": 3,
            "im": -1
          }
        },
        "34": {
          "que": 34,
          "type": "mcq",
          "pdfData": [
            {
              "x1": 53,
              "x2": 536,
              "y1": 305,
              "y2": 758,
              "page": 19
            }
          ],
          "options": 4,
          "marks": {
            "cm": 3,
            "im": -1
          }
        }
      }
    },
    "Chemistry": {
      "C-LIST": {
        "48": {
          "que": 48,
          "type": "mcq",
          "pdfData": [
            {
              "x1": 63,
              "x2": 547,
              "y1": 361,
              "y2": 588,
              "page": 28
            }
          ],
          "options": 4,
          "marks": {
            "cm": 3,
            "im": -1
          }
        },
        "49": {
          "que": 49,
          "type": "mcq",
          "pdfData": [
            {
              "x1": 63,
              "x2": 547,
              "y1": 66,
              "y2": 310,
              "page": 29
            }
          ],
          "options": 4,
          "marks": {
            "cm": 3,
            "im": -1
          }
        },
        "50": {
          "que": 50,
          "type": "mcq",
          "pdfData": [
            {
              "x1": 63,
              "x2": 547,
              "y1": 354,
              "y2": 657,
              "page": 29
            }
          ],
          "options": 4,
          "marks": {
            "cm": 3,
            "im": -1
          }
        },
        "51": {
          "que": 51,
          "type": "mcq",
          "pdfData": [
            {
              "x1": 63,
              "x2": 547,
              "y1": 52,
              "y2": 388,
              "page": 30
            }
          ],
          "options": 4,
          "marks": {
            "cm": 3,
            "im": -1
          }
        }
      },
      "C-MSQ": {
        "35": {
          "que": 35,
          "type": "msq",
          "pdfData": [
            {
              "x1": 59,
              "x2": 542,
              "y1": 486,
              "y2": 588,
              "page": 20
            }
          ],
          "options": 4,
          "marks": {
            "cm": 4,
            "pm": 1,
            "im": -2
          }
        },
        "36": {
          "que": 36,
          "type": "msq",
          "pdfData": [
            {
              "x1": 60,
              "x2": 536,
              "y1": 51,
              "y2": 399,
              "page": 21
            }
          ],
          "options": 4,
          "marks": {
            "cm": 4,
            "pm": 1,
            "im": -2
          }
        },
        "37": {
          "que": 37,
          "type": "msq",
          "pdfData": [
            {
              "x1": 60,
              "x2": 544,
              "y1": 52,
              "y2": 721,
              "page": 22
            }
          ],
          "options": 4,
          "marks": {
            "cm": 4,
            "pm": 1,
            "im": -2
          }
        }
      },
      "C-MCQ": {
        "38": {
          "que": 38,
          "type": "mcq",
          "pdfData": [
            {
              "x1": 61,
              "x2": 536,
              "y1": 307,
              "y2": 562,
              "page": 23
            }
          ],
          "options": 4,
          "marks": {
            "cm": 3,
            "im": -1
          }
        },
        "39": {
          "que": 39,
          "type": "mcq",
          "pdfData": [
            {
              "x1": 61,
              "x2": 536,
              "y1": 562,
              "y2": 768,
              "page": 23
            }
          ],
          "options": 4,
          "marks": {
            "cm": 3,
            "im": -1
          }
        },
        "40": {
          "que": 40,
          "type": "mcq",
          "pdfData": [
            {
              "x1": 60,
              "x2": 536,
              "y1": 52,
              "y2": 171,
              "page": 24
            }
          ],
          "options": 4,
          "marks": {
            "cm": 3,
            "im": -1
          }
        },
        "41": {
          "que": 41,
          "type": "mcq",
          "pdfData": [
            {
              "x1": 64,
              "x2": 543,
              "y1": 193,
              "y2": 403,
              "page": 24
            }
          ],
          "options": 4,
          "marks": {
            "cm": 3,
            "im": -1
          }
        }
      },
      "C-INTNUM": {
        "42": {
          "que": 42,
          "type": "nat",
          "pdfData": [
            {
              "x1": 62,
              "x2": 536,
              "y1": 251,
              "y2": 314,
              "page": 25
            }
          ],
          "marks": {
            "cm": 4,
            "im": 0
          }
        },
        "43": {
          "que": 43,
          "type": "nat",
          "pdfData": [
            {
              "x1": 59,
              "x2": 544,
              "y1": 361,
              "y2": 441,
              "page": 25
            }
          ],
          "marks": {
            "cm": 4,
            "im": 0
          }
        },
        "44": {
          "que": 44,
          "type": "nat",
          "pdfData": [
            {
              "x1": 63,
              "x2": 547,
              "y1": 65,
              "y2": 355,
              "page": 26
            }
          ],
          "marks": {
            "cm": 4,
            "im": 0
          }
        },
        "45": {
          "que": 45,
          "type": "nat",
          "pdfData": [
            {
              "x1": 63,
              "x2": 547,
              "y1": 423,
              "y2": 701,
              "page": 26
            }
          ],
          "marks": {
            "cm": 4,
            "im": 0
          }
        },
        "46": {
          "que": 46,
          "type": "nat",
          "pdfData": [
            {
              "x1": 63,
              "x2": 547,
              "y1": 52,
              "y2": 324,
              "page": 27
            }
          ],
          "marks": {
            "cm": 4,
            "im": 0
          }
        },
        "47": {
          "que": 47,
          "type": "nat",
          "pdfData": [
            {
              "x1": 63,
              "x2": 547,
              "y1": 365,
              "y2": 455,
              "page": 27
            }
          ],
          "marks": {
            "cm": 4,
            "im": 0
          }
        }
      }
    }
  },
  "pdfFileHash": "7823ad451ebd269ffc1dcb36e2c29f2dff506a50a4a0f663f98b99864fa955be",
  "testAnswerKey": {
    "Mathematics": {
      "M-MSQ": {
        "1": [
          1,
          3,
          4
        ],
        "2": [
          1,
          3
        ],
        "3": [
          2,
          3,
          4
        ]
      },
      "M-MCQ": {
        "4": [
          3
        ],
        "5": [
          1
        ],
        "6": [
          2
        ],
        "7": [
          1
        ]
      },
      "M-INTNUM": {
        "8": "3",
        "9": "8",
        "10": "1213",
        "11": "281",
        "12": "45",
        "13": "3"
      },
      "M-LIST": {
        "14": [
          1
        ],
        "15": [
          1
        ],
        "16": [
          2
        ],
        "17": [
          2
        ]
      }
    },
    "Physics": {
      "P-MSQ": {
        "18": [
          1,
          3,
          4
        ],
        "19": [
          1,
          3,
          4
        ],
        "20": [
          1,
          2,
          3,
          4
        ]
      },
      "P-MCQ": {
        "21": [
          1
        ],
        "22": [
          2
        ],
        "23": [
          1
        ],
        "24": [
          1
        ]
      },
      "P-INTNUM": {
        "25": "3",
        "26": "80,150,220",
        "27": "1",
        "28": "121",
        "29": "40",
        "30": "10"
      },
      "P-LIST": {
        "31": [
          1
        ],
        "32": [
          3
        ],
        "33": [
          2
        ],
        "34": [
          4
        ]
      }
    },
    "Chemistry": {
      "C-LIST": {
        "48": [
          4
        ],
        "49": [
          4
        ],
        "50": [
          2
        ],
        "51": [
          4
        ]
      },
      "C-MSQ": {
        "35": [
          2,
          3,
          4
        ],
        "36": [
          3,
          4
        ],
        "37": [
          2
        ]
      },
      "C-MCQ": {
        "38": [
          3
        ],
        "39": [
          1
        ],
        "40": [
          2
        ],
        "41": [
          2
        ]
      },
      "C-INTNUM": {
        "42": "222",
        "43": "100",
        "44": "5",
        "45": "7",
        "46": "8",
        "47": "28"
      }
    }
  }
}