{
  "pdfCropperData": {
    "Maths": {
      "M-MCQ": {
        "1": {
          "que": 1,
          "type": "mcq",
          "marks": {
            "cm": 4,
            "im": -1
          },
          "pdfData": [
            {
              "x1": 27.933349609375,
              "x2": 557.050048828125,
              "y1": 85.23333740234375,
              "y2": 280.45001220703125,
              "page": 1
            }
          ],
          "answerOptions": "4"
        },
        "2": {
          "que": 2,
          "type": "mcq",
          "marks": {
            "cm": 4,
            "im": -1
          },
          "pdfData": [
            {
              "x1": 27.933349609375,
              "x2": 557.050048828125,
              "y1": 310.48333740234375,
              "y2": 522.4833679199219,
              "page": 1
            }
          ],
          "answerOptions": "4"
        },
        "3": {
          "que": 3,
          "type": "mcq",
          "marks": {
            "cm": 4,
            "im": -1
          },
          "pdfData": [
            {
              "x1": 27.933349609375,
              "x2": 557.050048828125,
              "y1": 555.1666564941406,
              "y2": 730.0666809082031,
              "page": 1
            }
          ],
          "answerOptions": "4"
        },
        "4": {
          "que": 4,
          "type": "mcq",
          "marks": {
            "cm": 4,
            "im": -1
          },
          "pdfData": [
            {
              "x1": 27.933349609375,
              "x2": 557.050048828125,
              "y1": 84.35000610351562,
              "y2": 253.95001220703125,
              "page": 2
            }
          ],
          "answerOptions": "4"
        },
        "5": {
          "que": 5,
          "type": "mcq",
          "marks": {
            "cm": 4,
            "im": -1
          },
          "pdfData": [
            {
              "x1": 27.933349609375,
              "x2": 557.050048828125,
              "y1": 281.3333435058594,
              "y2": 483.6166687011719,
              "page": 2
            }
          ],
          "answerOptions": "4"
        },
        "6": {
          "que": 6,
          "type": "mcq",
          "marks": {
            "cm": 4,
            "im": -1
          },
          "pdfData": [
            {
              "x1": 27.933349609375,
              "x2": 557.050048828125,
              "y1": 505.6999816894531,
              "y2": 679.7166442871094,
              "page": 2
            }
          ],
          "answerOptions": "4"
        },
        "7": {
          "que": 7,
          "type": "mcq",
          "marks": {
            "cm": 4,
            "im": -1
          },
          "pdfData": [
            {
              "x1": 27.933349609375,
              "x2": 557.050048828125,
              "y1": 81.70001220703125,
              "y2": 253.06668090820312,
              "page": 3
            }
          ],
          "answerOptions": "4"
        },
        "8": {
          "que": 8,
          "type": "mcq",
          "marks": {
            "cm": 4,
            "im": -1
          },
          "pdfData": [
            {
              "x1": 27.933349609375,
              "x2": 557.050048828125,
              "y1": 279.5666809082031,
              "y2": 425.3166809082031,
              "page": 3
            }
          ],
          "answerOptions": "4"
        },
        "9": {
          "que": 9,
          "type": "mcq",
          "marks": {
            "cm": 4,
            "im": -1
          },
          "pdfData": [
            {
              "x1": 27.933349609375,
              "x2": 557.050048828125,
              "y1": 458.8833312988281,
              "y2": 631.1333312988281,
              "page": 3
            }
          ],
          "answerOptions": "4"
        },
        "10": {
          "que": 10,
          "type": "mcq",
          "marks": {
            "cm": 4,
            "im": -1
          },
          "pdfData": [
            {
              "x1": 27.933349609375,
              "x2": 557.050048828125,
              "y1": 653.2166442871094,
              "y2": 734.4833679199219,
              "page": 3
            },
            {
              "x1": 27.933349609375,
              "x2": 557.050048828125,
              "y1": 81.70001220703125,
              "y2": 173.56666564941406,
              "page": 4
            }
          ],
          "answerOptions": "4"
        },
        "11": {
          "que": 11,
          "type": "mcq",
          "marks": {
            "cm": 4,
            "im": -1
          },
          "pdfData": [
            {
              "x1": 27.933349609375,
              "x2": 557.050048828125,
              "y1": 199.183349609375,
              "y2": 373.20001220703125,
              "page": 4
            }
          ],
          "answerOptions": "4"
        },
        "12": {
          "que": 12,
          "type": "mcq",
          "marks": {
            "cm": 4,
            "im": -1
          },
          "pdfData": [
            {
              "x1": 27.933349609375,
              "x2": 557.050048828125,
              "y1": 402.3500061035156,
              "y2": 574.6000061035156,
              "page": 4
            }
          ],
          "answerOptions": "4"
        },
        "13": {
          "que": 13,
          "type": "mcq",
          "marks": {
            "cm": 4,
            "im": -1
          },
          "pdfData": [
            {
              "x1": 27.933349609375,
              "x2": 557.050048828125,
              "y1": 600.2166442871094,
              "y2": 752.1499938964844,
              "page": 4
            },
            {
              "x1": 27.933349609375,
              "x2": 557.050048828125,
              "y1": 82.58334350585938,
              "y2": 98.48333740234375,
              "page": 5
            }
          ],
          "answerOptions": "4"
        },
        "14": {
          "que": 14,
          "type": "mcq",
          "marks": {
            "cm": 4,
            "im": -1
          },
          "pdfData": [
            {
              "x1": 27.933349609375,
              "x2": 557.050048828125,
              "y1": 132.0500030517578,
              "y2": 299.8833312988281,
              "page": 5
            }
          ],
          "answerOptions": "4"
        },
        "15": {
          "que": 15,
          "type": "mcq",
          "marks": {
            "cm": 4,
            "im": -1
          },
          "pdfData": [
            {
              "x1": 27.933349609375,
              "x2": 557.050048828125,
              "y1": 329.91668701171875,
              "y2": 500.3999938964844,
              "page": 5
            }
          ],
          "answerOptions": "4"
        },
        "16": {
          "que": 16,
          "type": "mcq",
          "marks": {
            "cm": 4,
            "im": -1
          },
          "pdfData": [
            {
              "x1": 27.933349609375,
              "x2": 557.050048828125,
              "y1": 531.3166809082031,
              "y2": 725.6499938964844,
              "page": 5
            }
          ],
          "answerOptions": "4"
        },
        "17": {
          "que": 17,
          "type": "mcq",
          "marks": {
            "cm": 4,
            "im": -1
          },
          "pdfData": [
            {
              "x1": 27.933349609375,
              "x2": 557.050048828125,
              "y1": 83.4666748046875,
              "y2": 252.183349609375,
              "page": 6
            }
          ],
          "answerOptions": "4"
        },
        "18": {
          "que": 18,
          "type": "mcq",
          "marks": {
            "cm": 4,
            "im": -1
          },
          "pdfData": [
            {
              "x1": 27.933349609375,
              "x2": 557.050048828125,
              "y1": 280.45001220703125,
              "y2": 470.3666687011719,
              "page": 6
            }
          ],
          "answerOptions": "4"
        },
        "19": {
          "que": 19,
          "type": "mcq",
          "marks": {
            "cm": 4,
            "im": -1
          },
          "pdfData": [
            {
              "x1": 27.933349609375,
              "x2": 557.050048828125,
              "y1": 510.1166687011719,
              "y2": 690.3166809082031,
              "page": 6
            }
          ],
          "answerOptions": "4"
        },
        "20": {
          "que": 20,
          "type": "mcq",
          "marks": {
            "cm": 4,
            "im": -1
          },
          "pdfData": [
            {
              "x1": 27.933349609375,
              "x2": 557.050048828125,
              "y1": 82.58334350585938,
              "y2": 224.80001831054688,
              "page": 7
            }
          ],
          "answerOptions": "4"
        }
      },
      "M-NUM": {
        "21": {
          "que": 21,
          "type": "nat",
          "marks": {
            "cm": 4,
            "im": -1
          },
          "pdfData": [
            {
              "x1": 27.933349609375,
              "x2": 557.050048828125,
              "y1": 254.83334350585938,
              "y2": 329.0333251953125,
              "page": 7
            }
          ]
        },
        "22": {
          "que": 22,
          "type": "nat",
          "marks": {
            "cm": 4,
            "im": -1
          },
          "pdfData": [
            {
              "x1": 27.933349609375,
              "x2": 557.050048828125,
              "y1": 353.76666259765625,
              "y2": 501.2833557128906,
              "page": 7
            }
          ]
        },
        "23": {
          "que": 23,
          "type": "nat",
          "marks": {
            "cm": 4,
            "im": -1
          },
          "pdfData": [
            {
              "x1": 27.933349609375,
              "x2": 557.050048828125,
              "y1": 526.0166931152344,
              "y2": 576.3666687011719,
              "page": 7
            }
          ]
        },
        "24": {
          "que": 24,
          "type": "nat",
          "marks": {
            "cm": 4,
            "im": -1
          },
          "pdfData": [
            {
              "x1": 27.933349609375,
              "x2": 572.050048828125,
              "y1": 602.8666687011719,
              "y2": 695.6166687011719,
              "page": 7
            }
          ]
        },
        "25": {
          "que": 25,
          "type": "nat",
          "marks": {
            "cm": 4,
            "im": -1
          },
          "pdfData": [
            {
              "x1": 27.933349609375,
              "x2": 566.7667236328125,
              "y1": 79.93333435058594,
              "y2": 140.8833465576172,
              "page": 8
            }
          ]
        }
      }
    },
    "Physics": {
      "P-MCQ": {
        "26": {
          "que": 26,
          "type": "mcq",
          "marks": {
            "cm": 4,
            "im": -1
          },
          "pdfData": [
            {
              "x1": 27.933349609375,
              "x2": 566.7667236328125,
              "y1": 167.3833465576172,
              "y2": 461.5333557128906,
              "page": 8
            }
          ],
          "answerOptions": "4"
        },
        "27": {
          "que": 27,
          "type": "mcq",
          "marks": {
            "cm": 4,
            "im": -1
          },
          "pdfData": [
            {
              "x1": 27.933349609375,
              "x2": 566.7667236328125,
              "y1": 488.0333557128906,
              "y2": 680.6000061035156,
              "page": 8
            }
          ],
          "answerOptions": "4"
        },
        "28": {
          "que": 28,
          "type": "mcq",
          "marks": {
            "cm": 4,
            "im": -1
          },
          "pdfData": [
            {
              "x1": 27.933349609375,
              "x2": 566.7667236328125,
              "y1": 80.81666564941406,
              "y2": 752.1499938964844,
              "page": 9
            }
          ],
          "answerOptions": "4"
        },
        "29": {
          "que": 29,
          "type": "mcq",
          "marks": {
            "cm": 4,
            "im": -1
          },
          "pdfData": [
            {
              "x1": 27.933349609375,
              "x2": 566.7667236328125,
              "y1": 104.66667175292969,
              "y2": 302.5333251953125,
              "page": 10
            }
          ],
          "answerOptions": "4"
        },
        "30": {
          "que": 30,
          "type": "mcq",
          "marks": {
            "cm": 4,
            "im": -1
          },
          "pdfData": [
            {
              "x1": 27.933349609375,
              "x2": 566.7667236328125,
              "y1": 355.5333251953125,
              "y2": 609.0500183105469,
              "page": 10
            }
          ],
          "answerOptions": "4"
        },
        "31": {
          "que": 31,
          "type": "mcq",
          "marks": {
            "cm": 4,
            "im": -1
          },
          "pdfData": [
            {
              "x1": 27.933349609375,
              "x2": 566.7667236328125,
              "y1": 672.6499938964844,
              "y2": 715.9333190917969,
              "page": 10
            },
            {
              "x1": 27.933349609375,
              "x2": 566.7667236328125,
              "y1": 77.28334045410156,
              "y2": 510.1166687011719,
              "page": 11
            }
          ],
          "answerOptions": "4"
        },
        "32": {
          "que": 32,
          "type": "mcq",
          "marks": {
            "cm": 4,
            "im": -1
          },
          "pdfData": [
            {
              "x1": 27.933349609375,
              "x2": 566.7667236328125,
              "y1": 567.5333557128906,
              "y2": 754.8000183105469,
              "page": 11
            }
          ],
          "answerOptions": "4"
        },
        "33": {
          "que": 33,
          "type": "mcq",
          "marks": {
            "cm": 4,
            "im": -1
          },
          "pdfData": [
            {
              "x1": 27.933349609375,
              "x2": 566.7667236328125,
              "y1": 107.31666564941406,
              "y2": 502.1666564941406,
              "page": 12
            }
          ],
          "answerOptions": "4"
        },
        "34": {
          "que": 34,
          "type": "mcq",
          "marks": {
            "cm": 4,
            "im": -1
          },
          "pdfData": [
            {
              "x1": 27.933349609375,
              "x2": 566.7667236328125,
              "y1": 550.7500305175781,
              "y2": 592.2666931152344,
              "page": 12
            },
            {
              "x1": 27.933349609375,
              "x2": 566.7667236328125,
              "y1": 78.16667175292969,
              "y2": 376.73333740234375,
              "page": 13
            }
          ],
          "answerOptions": "4"
        },
        "35": {
          "que": 35,
          "type": "mcq",
          "marks": {
            "cm": 4,
            "im": -1
          },
          "pdfData": [
            {
              "x1": 27.933349609375,
              "x2": 566.7667236328125,
              "y1": 430.6166687011719,
              "y2": 723.8833312988281,
              "page": 13
            }
          ],
          "answerOptions": "4"
        },
        "36": {
          "que": 36,
          "type": "mcq",
          "marks": {
            "cm": 4,
            "im": -1
          },
          "pdfData": [
            {
              "x1": 27.933349609375,
              "x2": 566.7667236328125,
              "y1": 108.20001220703125,
              "y2": 277.8000183105469,
              "page": 14
            }
          ],
          "answerOptions": "4"
        },
        "37": {
          "que": 37,
          "type": "mcq",
          "marks": {
            "cm": 4,
            "im": -1
          },
          "pdfData": [
            {
              "x1": 27.933349609375,
              "x2": 566.7667236328125,
              "y1": 332.5666809082031,
              "y2": 475.6666564941406,
              "page": 14
            }
          ],
          "answerOptions": "4"
        },
        "38": {
          "que": 38,
          "type": "mcq",
          "marks": {
            "cm": 4,
            "im": -1
          },
          "pdfData": [
            {
              "x1": 27.933349609375,
              "x2": 566.7667236328125,
              "y1": 531.3166809082031,
              "y2": 711.5166931152344,
              "page": 14
            }
          ],
          "answerOptions": "4"
        },
        "39": {
          "que": 39,
          "type": "mcq",
          "marks": {
            "cm": 4,
            "im": -1
          },
          "pdfData": [
            {
              "x1": 27.933349609375,
              "x2": 566.7667236328125,
              "y1": 81.70001220703125,
              "y2": 304.3000183105469,
              "page": 15
            }
          ],
          "answerOptions": "4"
        },
        "40": {
          "que": 40,
          "type": "mcq",
          "marks": {
            "cm": 4,
            "im": -1
          },
          "pdfData": [
            {
              "x1": 27.933349609375,
              "x2": 566.7667236328125,
              "y1": 353.3000183105469,
              "y2": 502,
              "page": 15
            }
          ],
          "answerOptions": "4"
        },
        "41": {
          "que": 41,
          "type": "mcq",
          "marks": {
            "cm": 4,
            "im": -1
          },
          "pdfData": [
            {
              "x1": 27.933349609375,
              "x2": 566.7667236328125,
              "y1": 551.6333312988281,
              "y2": 748.6166687011719,
              "page": 15
            }
          ],
          "answerOptions": "4"
        },
        "42": {
          "que": 42,
          "type": "mcq",
          "marks": {
            "cm": 4,
            "im": -1
          },
          "pdfData": [
            {
              "x1": 27.933349609375,
              "x2": 566.7667236328125,
              "y1": 104.66667175292969,
              "y2": 414.7166748046875,
              "page": 16
            }
          ],
          "answerOptions": "4"
        },
        "43": {
          "que": 43,
          "type": "mcq",
          "marks": {
            "cm": 4,
            "im": -1
          },
          "pdfData": [
            {
              "x1": 27.933349609375,
              "x2": 566.7667236328125,
              "y1": 464.1833190917969,
              "y2": 746.8500061035156,
              "page": 16
            }
          ],
          "answerOptions": "4"
        },
        "44": {
          "que": 44,
          "type": "mcq",
          "marks": {
            "cm": 4,
            "im": -1
          },
          "pdfData": [
            {
              "x1": 27.933349609375,
              "x2": 566.7667236328125,
              "y1": 105.55000305175781,
              "y2": 299.8833312988281,
              "page": 17
            }
          ],
          "answerOptions": "4"
        },
        "45": {
          "que": 45,
          "type": "mcq",
          "marks": {
            "cm": 4,
            "im": -1
          },
          "pdfData": [
            {
              "x1": 27.933349609375,
              "x2": 566.7667236328125,
              "y1": 350.23333740234375,
              "y2": 524.2500305175781,
              "page": 17
            }
          ],
          "answerOptions": "4"
        }
      },
      "P-NUM": {
        "46": {
          "que": 46,
          "type": "nat",
          "marks": {
            "cm": 4,
            "im": -1
          },
          "pdfData": [
            {
              "x1": 27.933349609375,
              "x2": 566.7667236328125,
              "y1": 578.1333312988281,
              "y2": 628.4833679199219,
              "page": 17
            }
          ]
        },
        "47": {
          "que": 47,
          "type": "nat",
          "marks": {
            "cm": 4,
            "im": -1
          },
          "pdfData": [
            {
              "x1": 27.933349609375,
              "x2": 566.7667236328125,
              "y1": 674.4166564941406,
              "y2": 745.9666442871094,
              "page": 17
            },
            {
              "x1": 27.933349609375,
              "x2": 566.7667236328125,
              "y1": 80.81666564941406,
              "y2": 264.5500183105469,
              "page": 18
            }
          ]
        },
        "48": {
          "que": 48,
          "type": "nat",
          "marks": {
            "cm": 4,
            "im": -1
          },
          "pdfData": [
            {
              "x1": 27.933349609375,
              "x2": 566.7667236328125,
              "y1": 320.20001220703125,
              "y2": 365.25,
              "page": 18
            }
          ]
        },
        "49": {
          "que": 49,
          "type": "nat",
          "marks": {
            "cm": 4,
            "im": -1
          },
          "pdfData": [
            {
              "x1": 27.933349609375,
              "x2": 566.7667236328125,
              "y1": 419.1333312988281,
              "y2": 511.0000305175781,
              "page": 18
            }
          ]
        },
        "50": {
          "que": 50,
          "type": "nat",
          "marks": {
            "cm": 4,
            "im": -1
          },
          "pdfData": [
            {
              "x1": 27.933349609375,
              "x2": 566.7667236328125,
              "y1": 565.7666931152344,
              "y2": 610.8166809082031,
              "page": 18
            }
          ]
        }
      }
    },
    "Chemistry": {
      "C-NUM": {
        "71": {
          "que": 71,
          "type": "nat",
          "marks": {
            "cm": 4,
            "im": -1
          },
          "pdfData": [
            {
              "x1": 27.933349609375,
              "x2": 566.7667236328125,
              "y1": 432.3833312988281,
              "y2": 511.0000305175781,
              "page": 27
            }
          ]
        },
        "72": {
          "que": 72,
          "type": "nat",
          "marks": {
            "cm": 4,
            "im": -1
          },
          "pdfData": [
            {
              "x1": 27.933349609375,
              "x2": 566.7667236328125,
              "y1": 566.6499938964844,
              "y2": 634.6666564941406,
              "page": 27
            }
          ]
        },
        "73": {
          "que": 73,
          "type": "nat",
          "marks": {
            "cm": 4,
            "im": -1
          },
          "pdfData": [
            {
              "x1": 27.933349609375,
              "x2": 566.7667236328125,
              "y1": 683.2500305175781,
              "y2": 764.5166931152344,
              "page": 27
            }
          ]
        },
        "74": {
          "que": 74,
          "type": "nat",
          "marks": {
            "cm": 4,
            "im": -1
          },
          "pdfData": [
            {
              "x1": 27.933349609375,
              "x2": 566.7667236328125,
              "y1": 102.90000915527344,
              "y2": 264.5500183105469,
              "page": 28
            }
          ]
        },
        "75": {
          "que": 75,
          "type": "nat",
          "marks": {
            "cm": 4,
            "im": -1
          },
          "pdfData": [
            {
              "x1": 27.933349609375,
              "x2": 566.7667236328125,
              "y1": 317.5500183105469,
              "y2": 391.75,
              "page": 28
            }
          ]
        }
      },
      "C-MCQ": {
        "51": {
          "que": 51,
          "type": "mcq",
          "marks": {
            "cm": 4,
            "im": -1
          },
          "pdfData": [
            {
              "x1": 27.933349609375,
              "x2": 566.7667236328125,
              "y1": 662.9333190917969,
              "y2": 757.4499816894531,
              "page": 18
            },
            {
              "x1": 27.933349609375,
              "x2": 566.7667236328125,
              "y1": 82.58334350585938,
              "y2": 226.56668090820312,
              "page": 19
            }
          ],
          "answerOptions": "4"
        },
        "52": {
          "que": 52,
          "type": "mcq",
          "marks": {
            "cm": 4,
            "im": -1
          },
          "pdfData": [
            {
              "x1": 27.933349609375,
              "x2": 566.7667236328125,
              "y1": 278.683349609375,
              "y2": 403.23333740234375,
              "page": 19
            }
          ],
          "answerOptions": "4"
        },
        "53": {
          "que": 53,
          "type": "mcq",
          "marks": {
            "cm": 4,
            "im": -1
          },
          "pdfData": [
            {
              "x1": 27.933349609375,
              "x2": 566.7667236328125,
              "y1": 455.3500061035156,
              "y2": 675.3000183105469,
              "page": 19
            }
          ],
          "answerOptions": "4"
        },
        "54": {
          "que": 54,
          "type": "mcq",
          "marks": {
            "cm": 4,
            "im": -1
          },
          "pdfData": [
            {
              "x1": 27.933349609375,
              "x2": 566.7667236328125,
              "y1": 78.16667175292969,
              "y2": 649.6833190917969,
              "page": 20
            }
          ],
          "answerOptions": "4"
        },
        "55": {
          "que": 55,
          "type": "mcq",
          "marks": {
            "cm": 4,
            "im": -1
          },
          "pdfData": [
            {
              "x1": 27.933349609375,
              "x2": 566.7667236328125,
              "y1": 80.81666564941406,
              "y2": 321.0833435058594,
              "page": 21
            }
          ],
          "answerOptions": "4"
        },
        "56": {
          "que": 56,
          "type": "mcq",
          "marks": {
            "cm": 4,
            "im": -1
          },
          "pdfData": [
            {
              "x1": 27.933349609375,
              "x2": 566.7667236328125,
              "y1": 376.73333740234375,
              "y2": 615.2333679199219,
              "page": 21
            }
          ],
          "answerOptions": "4"
        },
        "57": {
          "que": 57,
          "type": "mcq",
          "marks": {
            "cm": 4,
            "im": -1
          },
          "pdfData": [
            {
              "x1": 27.933349609375,
              "x2": 566.7667236328125,
              "y1": 666.4666442871094,
              "y2": 760.9833679199219,
              "page": 21
            },
            {
              "x1": 27.933349609375,
              "x2": 566.7667236328125,
              "y1": 81.70001220703125,
              "y2": 124.98333740234375,
              "page": 22
            }
          ],
          "answerOptions": "4"
        },
        "58": {
          "que": 58,
          "type": "mcq",
          "marks": {
            "cm": 4,
            "im": -1
          },
          "pdfData": [
            {
              "x1": 27.933349609375,
              "x2": 566.7667236328125,
              "y1": 186.81668090820312,
              "y2": 555.1666564941406,
              "page": 22
            }
          ],
          "answerOptions": "4"
        },
        "59": {
          "que": 59,
          "type": "mcq",
          "marks": {
            "cm": 4,
            "im": -1
          },
          "pdfData": [
            {
              "x1": 27.933349609375,
              "x2": 566.7667236328125,
              "y1": 608.1666564941406,
              "y2": 754.8000183105469,
              "page": 22
            }
          ],
          "answerOptions": "4"
        },
        "60": {
          "que": 60,
          "type": "mcq",
          "marks": {
            "cm": 4,
            "im": -1
          },
          "pdfData": [
            {
              "x1": 27.933349609375,
              "x2": 566.7667236328125,
              "y1": 107.31666564941406,
              "y2": 255.7166748046875,
              "page": 23
            }
          ],
          "answerOptions": "4"
        },
        "61": {
          "que": 61,
          "type": "mcq",
          "marks": {
            "cm": 4,
            "im": -1
          },
          "pdfData": [
            {
              "x1": 27.933349609375,
              "x2": 566.7667236328125,
              "y1": 309.6000061035156,
              "y2": 427.9666748046875,
              "page": 23
            }
          ],
          "answerOptions": "4"
        },
        "62": {
          "que": 62,
          "type": "mcq",
          "marks": {
            "cm": 4,
            "im": -1
          },
          "pdfData": [
            {
              "x1": 27.933349609375,
              "x2": 566.7667236328125,
              "y1": 484.5000305175781,
              "y2": 630.2500305175781,
              "page": 23
            }
          ],
          "answerOptions": "4"
        },
        "63": {
          "que": 63,
          "type": "mcq",
          "marks": {
            "cm": 4,
            "im": -1
          },
          "pdfData": [
            {
              "x1": 27.933349609375,
              "x2": 566.7667236328125,
              "y1": 679.7166442871094,
              "y2": 727.4166564941406,
              "page": 23
            },
            {
              "x1": 27.933349609375,
              "x2": 566.7667236328125,
              "y1": 78.16667175292969,
              "y2": 253.95001220703125,
              "page": 24
            }
          ],
          "answerOptions": "4"
        },
        "64": {
          "que": 64,
          "type": "mcq",
          "marks": {
            "cm": 4,
            "im": -1
          },
          "pdfData": [
            {
              "x1": 27.933349609375,
              "x2": 566.7667236328125,
              "y1": 308.7166748046875,
              "y2": 466.8333435058594,
              "page": 24
            }
          ],
          "answerOptions": "4"
        },
        "65": {
          "que": 65,
          "type": "mcq",
          "marks": {
            "cm": 4,
            "im": -1
          },
          "pdfData": [
            {
              "x1": 27.933349609375,
              "x2": 566.7667236328125,
              "y1": 511.8833312988281,
              "y2": 660.2833557128906,
              "page": 24
            }
          ],
          "answerOptions": "4"
        },
        "66": {
          "que": 66,
          "type": "mcq",
          "marks": {
            "cm": 4,
            "im": -1
          },
          "pdfData": [
            {
              "x1": 27.933349609375,
              "x2": 566.7667236328125,
              "y1": 717.6999816894531,
              "y2": 758.3333435058594,
              "page": 24
            },
            {
              "x1": 27.933349609375,
              "x2": 566.7667236328125,
              "y1": 79.05000305175781,
              "y2": 176.2166748046875,
              "page": 25
            }
          ],
          "answerOptions": "4"
        },
        "67": {
          "que": 67,
          "type": "mcq",
          "marks": {
            "cm": 4,
            "im": -1
          },
          "pdfData": [
            {
              "x1": 27.933349609375,
              "x2": 566.7667236328125,
              "y1": 226.56668090820312,
              "y2": 765.3999938964844,
              "page": 25
            },
            {
              "x1": 27.933349609375,
              "x2": 566.7667236328125,
              "y1": 81.70001220703125,
              "y2": 180.6333465576172,
              "page": 26
            }
          ],
          "answerOptions": "4"
        },
        "68": {
          "que": 68,
          "type": "mcq",
          "marks": {
            "cm": 4,
            "im": -1
          },
          "pdfData": [
            {
              "x1": 27.933349609375,
              "x2": 566.7667236328125,
              "y1": 226.56668090820312,
              "y2": 486.2666931152344,
              "page": 26
            }
          ],
          "answerOptions": "4"
        },
        "69": {
          "que": 69,
          "type": "mcq",
          "marks": {
            "cm": 4,
            "im": -1
          },
          "pdfData": [
            {
              "x1": 27.933349609375,
              "x2": 566.7667236328125,
              "y1": 541.0333557128906,
              "y2": 763.6333312988281,
              "page": 26
            },
            {
              "x1": 27.933349609375,
              "x2": 566.7667236328125,
              "y1": 75.51667785644531,
              "y2": 171.8000030517578,
              "page": 27
            }
          ],
          "answerOptions": "4"
        },
        "70": {
          "que": 70,
          "type": "mcq",
          "marks": {
            "cm": 4,
            "im": -1
          },
          "pdfData": [
            {
              "x1": 27.933349609375,
              "x2": 566.7667236328125,
              "y1": 223.91668701171875,
              "y2": 371.433349609375,
              "page": 27
            }
          ],
          "answerOptions": "4"
        }
      }
    }
  },
  "testConfig": {
    "pdfFileHash": "77a9a9df430cd6983d6554fcccbf5c0ca1b8a85b7f495d9c625a97c7726dfdbe"
  },
  "appVersion": "1.19.0",
  "generatedBy": "answerKeyPage",
  "generatedBasedOn": "pdfCropperPage",
  "testAnswerKey": {
    "Maths": {
      "M-MCQ": {
        "1": [
          3
        ],
        "2": [
          1
        ],
        "3": [
          1
        ],
        "4": [
          3
        ],
        "5": [
          4
        ],
        "6": [
          2
        ],
        "7": [
          3
        ],
        "8": [
          1
        ],
        "9": [
          4
        ],
        "10": [
          1
        ],
        "11": [
          2
        ],
        "12": [
          2
        ],
        "13": [
          3
        ],
        "14": [
          1
        ],
        "15": [
          1
        ],
        "16": [
          2
        ],
        "17": [
          3
        ],
        "18": [
          4
        ],
        "19": [
          1
        ],
        "20": [
          2
        ]
      },
      "M-NUM": {
        "21": "7",
        "22": "20",
        "23": "3",
        "24": "816",
        "25": "8"
      }
    },
    "Physics": {
      "P-MCQ": {
        "26": [
          1
        ],
        "27": [
          2
        ],
        "28": [
          3
        ],
        "29": [
          2
        ],
        "30": [
          4
        ],
        "31": [
          2
        ],
        "32": [
          3
        ],
        "33": [
          3
        ],
        "34": [
          2
        ],
        "35": [
          2
        ],
        "36": [
          4
        ],
        "37": [
          2
        ],
        "38": [
          1
        ],
        "39": [
          2
        ],
        "40": [
          1
        ],
        "41": [
          2
        ],
        "42": [
          3
        ],
        "43": [
          4
        ],
        "44": [
          1
        ],
        "45": [
          2
        ]
      },
      "P-NUM": {
        "46": "300",
        "47": "20",
        "48": "2",
        "49": "2",
        "50": "2"
      }
    },
    "Chemistry": {
      "C-NUM": {
        "71": "40",
        "72": "800",
        "73": "3",
        "74": "10",
        "75": "2"
      },
      "C-MCQ": {
        "51": [
          1
        ],
        "52": [
          3
        ],
        "53": [
          3
        ],
        "54": [
          1
        ],
        "55": [
          4
        ],
        "56": [
          4
        ],
        "57": [
          1
        ],
        "58": [
          3
        ],
        "59": [
          1
        ],
        "60": [
          3
        ],
        "61": [
          2
        ],
        "62": [
          1
        ],
        "63": [
          3
        ],
        "64": [
          4
        ],
        "65": [
          3
        ],
        "66": [
          3
        ],
        "67": [
          1
        ],
        "68": [
          3
        ],
        "69": [
          3
        ],
        "70": [
          4
        ]
      }
    }
  }
}