{
  "pdfCropperData": {
    "Maths": {
      "M-MSQ": {
        "1": {
          "que": 1,
          "type": "msq",
          "marks": {
            "cm": 4,
            "pm": 1,
            "im": -2
          },
          "pdfData": [
            {
              "x1": 121.25,
              "x2": 529.3500366210938,
              "y1": 407.6499938964844,
              "y2": 590.5000305175781,
              "page": 1
            }
          ],
          "answerOptions": "4"
        },
        "2": {
          "que": 2,
          "type": "msq",
          "marks": {
            "cm": 4,
            "pm": 1,
            "im": -2
          },
          "pdfData": [
            {
              "x1": 121.25,
              "x2": 529.3500366210938,
              "y1": 616.1166687011719,
              "y2": 691.1999816894531,
              "page": 1
            }
          ],
          "answerOptions": "4"
        },
        "3": {
          "que": 3,
          "type": "msq",
          "marks": {
            "cm": 4,
            "pm": 1,
            "im": -2
          },
          "pdfData": [
            {
              "x1": 121.25,
              "x2": 529.3500366210938,
              "y1": 89.65000915527344,
              "y2": 162.08334350585938,
              "page": 2
            }
          ],
          "answerOptions": "4"
        }
      },
      "M-MCQ": {
        "4": {
          "que": 4,
          "type": "mcq",
          "marks": {
            "cm": 3,
            "im": -1
          },
          "pdfData": [
            {
              "x1": 110.6500244140625,
              "x2": 520.5166625976562,
              "y1": 322.8500061035156,
              "y2": 397.0500183105469,
              "page": 2
            }
          ],
          "answerOptions": "4"
        },
        "5": {
          "que": 5,
          "type": "mcq",
          "marks": {
            "cm": 3,
            "im": -1
          },
          "pdfData": [
            {
              "x1": 110.6500244140625,
              "x2": 520.5166625976562,
              "y1": 418.25,
              "y2": 474.7833557128906,
              "page": 2
            }
          ],
          "answerOptions": "4"
        },
        "6": {
          "que": 6,
          "type": "mcq",
          "marks": {
            "cm": 3,
            "im": -1
          },
          "pdfData": [
            {
              "x1": 110.6500244140625,
              "x2": 520.5166625976562,
              "y1": 498.6333312988281,
              "y2": 571.9499816894531,
              "page": 2
            }
          ],
          "answerOptions": "4"
        },
        "7": {
          "que": 7,
          "type": "mcq",
          "marks": {
            "cm": 3,
            "im": -1
          },
          "pdfData": [
            {
              "x1": 110.6500244140625,
              "x2": 520.5166625976562,
              "y1": 598.4499816894531,
              "y2": 721.2333679199219,
              "page": 2
            }
          ],
          "answerOptions": "4"
        }
      },
      "M-INTNUM": {
        "8": {
          "que": 8,
          "type": "nat",
          "marks": {
            "cm": 4,
            "im": 0
          },
          "pdfData": [
            {
              "x1": 110.6500244140625,
              "x2": 520.5166625976562,
              "y1": 210.66668701171875,
              "y2": 319.3166809082031,
              "page": 3
            }
          ]
        },
        "9": {
          "que": 9,
          "type": "nat",
          "marks": {
            "cm": 4,
            "im": 0
          },
          "pdfData": [
            {
              "x1": 123.01666259765625,
              "x2": 516.9833374023438,
              "y1": 345.8166809082031,
              "y2": 382.91668701171875,
              "page": 3
            }
          ]
        },
        "10": {
          "que": 10,
          "type": "nat",
          "marks": {
            "cm": 4,
            "im": 0
          },
          "pdfData": [
            {
              "x1": 123.01666259765625,
              "x2": 516.9833374023438,
              "y1": 406.76666259765625,
              "y2": 461.5333557128906,
              "page": 3
            }
          ]
        },
        "11": {
          "que": 11,
          "type": "nat",
          "marks": {
            "cm": 4,
            "im": 0
          },
          "pdfData": [
            {
              "x1": 123.01666259765625,
              "x2": 516.9833374023438,
              "y1": 483.6166687011719,
              "y2": 526.0166931152344,
              "page": 3
            }
          ]
        },
        "12": {
          "que": 12,
          "type": "nat",
          "marks": {
            "cm": 4,
            "im": 0
          },
          "pdfData": [
            {
              "x1": 123.01666259765625,
              "x2": 516.9833374023438,
              "y1": 551.6333312988281,
              "y2": 635.5500183105469,
              "page": 3
            }
          ]
        },
        "13": {
          "que": 13,
          "type": "nat",
          "marks": {
            "cm": 4,
            "im": 0
          },
          "pdfData": [
            {
              "x1": 123.01666259765625,
              "x2": 516.9833374023438,
              "y1": 660.2833557128906,
              "y2": 694.7333679199219,
              "page": 3
            }
          ]
        }
      },
      "M-MCQPARA": {
        "14": {
          "que": 14,
          "type": "mcq",
          "marks": {
            "cm": 3,
            "im": -1
          },
          "pdfData": [
            {
              "x1": 123.01666259765625,
              "x2": 516.9833374023438,
              "y1": 270.73333740234375,
              "y2": 286.6333312988281,
              "page": 4
            },
            {
              "x1": 123.01666259765625,
              "x2": 516.9833374023438,
              "y1": 298.1166687011719,
              "y2": 344.0500183105469,
              "page": 4
            }
          ],
          "answerOptions": "4"
        },
        "15": {
          "que": 15,
          "type": "mcq",
          "marks": {
            "cm": 3,
            "im": -1
          },
          "pdfData": [
            {
              "x1": 123.01666259765625,
              "x2": 516.9833374023438,
              "y1": 271.6166687011719,
              "y2": 286.6333312988281,
              "page": 4
            },
            {
              "x1": 123.01666259765625,
              "x2": 516.9833374023438,
              "y1": 355.5333251953125,
              "y2": 402.3500061035156,
              "page": 4
            }
          ],
          "answerOptions": "4"
        },
        "16": {
          "que": 16,
          "type": "mcq",
          "marks": {
            "cm": 3,
            "im": -1
          },
          "pdfData": [
            {
              "x1": 123.01666259765625,
              "x2": 516.9833374023438,
              "y1": 443.8666687011719,
              "y2": 488.0333557128906,
              "page": 4
            },
            {
              "x1": 123.01666259765625,
              "x2": 516.9833374023438,
              "y1": 498.6333312988281,
              "y2": 562.2333679199219,
              "page": 4
            }
          ],
          "answerOptions": "4"
        },
        "17": {
          "que": 17,
          "type": "mcq",
          "marks": {
            "cm": 3,
            "im": -1
          },
          "pdfData": [
            {
              "x1": 123.01666259765625,
              "x2": 516.9833374023438,
              "y1": 444.7500305175781,
              "y2": 488.0333557128906,
              "page": 4
            },
            {
              "x1": 123.01666259765625,
              "x2": 516.9833374023438,
              "y1": 572.8333435058594,
              "y2": 624.0666809082031,
              "page": 4
            }
          ],
          "answerOptions": "4"
        }
      }
    }
  },
  "testConfig": {
    "pdfFileHash": "52d06c6b078aa55a2f8941a3e5d282de76d62113d6abfa2fae3cd494f49d7649"
  },
  "appVersion": "1.19.1",
  "generatedBy": "answerKeyPage",
  "generatedBasedOn": "pdfCropperPage",
  "testAnswerKey": {
    "Maths": {
      "M-MSQ": {
        "1": [
          1,
          2,
          4
        ],
        "2": [
          1,
          2,
          3,
          4
        ],
        "3": [
          2,
          3
        ]
      },
      "M-MCQ": {
        "4": [
          3
        ],
        "5": [
          2
        ],
        "6": [
          3
        ],
        "7": [
          1
        ]
      },
      "M-INTNUM": {
        "8": "2",
        "9": "1",
        "10": "3",
        "11": "5",
        "12": "9",
        "13": "3"
      },
      "M-MCQPARA": {
        "14": [
          1
        ],
        "15": [
          3
        ],
        "16": [
          2
        ],
        "17": [
          3
        ]
      }
    }
  }
}