{
  "pdfCropperData": {
    "Maths": {
      "M-MCQ": {
        "1": {
          "que": 1,
          "type": "mcq",
          "marks": {
            "cm": 3,
            "im": -1
          },
          "pdfData": [
            {
              "x1": 60.9166259765625,
              "x2": 545.8666381835938,
              "y1": 246,
              "y2": 451.8166809082031,
              "page": 1
            }
          ],
          "answerOptions": "4"
        },
        "2": {
          "que": 2,
          "type": "mcq",
          "marks": {
            "cm": 3,
            "im": -1
          },
          "pdfData": [
            {
              "x1": 60.9166259765625,
              "x2": 545.8666381835938,
              "y1": 495.1000061035156,
              "y2": 627.6000061035156,
              "page": 1
            }
          ],
          "answerOptions": "4"
        },
        "3": {
          "que": 3,
          "type": "mcq",
          "marks": {
            "cm": 3,
            "im": -1
          },
          "pdfData": [
            {
              "x1": 60.9166259765625,
              "x2": 545.8666381835938,
              "y1": 67.56666564941406,
              "y2": 220.38333129882812,
              "page": 2
            }
          ],
          "answerOptions": "4"
        },
        "4": {
          "que": 4,
          "type": "mcq",
          "marks": {
            "cm": 3,
            "im": -1
          },
          "pdfData": [
            {
              "x1": 60.9166259765625,
              "x2": 545.8666381835938,
              "y1": 277.8000183105469,
              "y2": 371.433349609375,
              "page": 2
            }
          ],
          "answerOptions": "4"
        }
      },
      "M-MSQ": {
        "5": {
          "que": 5,
          "type": "msq",
          "marks": {
            "cm": 4,
            "pm": 1,
            "im": -2
          },
          "pdfData": [
            {
              "x1": 52.9666748046875,
              "x2": 543.2166137695312,
              "y1": 485.3833312988281,
              "y2": 698.2666931152344,
              "page": 3
            }
          ],
          "answerOptions": "4"
        },
        "6": {
          "que": 6,
          "type": "msq",
          "marks": {
            "cm": 4,
            "pm": 1,
            "im": -2
          },
          "pdfData": [
            {
              "x1": 52.9666748046875,
              "x2": 543.2166137695312,
              "y1": 81.70001220703125,
              "y2": 283.98333740234375,
              "page": 4
            }
          ],
          "answerOptions": "4"
        },
        "7": {
          "que": 7,
          "type": "msq",
          "marks": {
            "cm": 4,
            "pm": 1,
            "im": -2
          },
          "pdfData": [
            {
              "x1": 52.9666748046875,
              "x2": 543.2166137695312,
              "y1": 351.1166687011719,
              "y2": 484.5000305175781,
              "page": 4
            }
          ],
          "answerOptions": "4"
        },
        "8": {
          "que": 8,
          "type": "msq",
          "marks": {
            "cm": 4,
            "pm": 1,
            "im": -2
          },
          "pdfData": [
            {
              "x1": 52.9666748046875,
              "x2": 543.2166137695312,
              "y1": 61.38334655761719,
              "y2": 328.1499938964844,
              "page": 5
            }
          ],
          "answerOptions": "4"
        }
      },
      "M-DECNUM": {
        "9": {
          "que": 9,
          "type": "nat",
          "marks": {
            "cm": 3,
            "im": 0
          },
          "pdfData": [
            {
              "x1": 52.9666748046875,
              "x2": 543.2166137695312,
              "y1": 294.5833435058594,
              "y2": 406.76666259765625,
              "page": 6
            }
          ]
        },
        "10": {
          "que": 10,
          "type": "nat",
          "marks": {
            "cm": 3,
            "im": 0
          },
          "pdfData": [
            {
              "x1": 52.9666748046875,
              "x2": 543.2166137695312,
              "y1": 447.3999938964844,
              "y2": 556.9333190917969,
              "page": 6
            }
          ]
        },
        "11": {
          "que": 11,
          "type": "nat",
          "marks": {
            "cm": 3,
            "im": 0
          },
          "pdfData": [
            {
              "x1": 52.9666748046875,
              "x2": 543.2166137695312,
              "y1": 597.5666809082031,
              "y2": 697.3833312988281,
              "page": 6
            }
          ]
        },
        "12": {
          "que": 12,
          "type": "nat",
          "marks": {
            "cm": 3,
            "im": 0
          },
          "pdfData": [
            {
              "x1": 52.9666748046875,
              "x2": 543.2166137695312,
              "y1": 74.63334655761719,
              "y2": 176.2166748046875,
              "page": 7
            }
          ]
        },
        "13": {
          "que": 13,
          "type": "nat",
          "marks": {
            "cm": 3,
            "im": 0
          },
          "pdfData": [
            {
              "x1": 52.9666748046875,
              "x2": 543.2166137695312,
              "y1": 215.08334350585938,
              "y2": 308.7166748046875,
              "page": 7
            }
          ]
        },
        "14": {
          "que": 14,
          "type": "nat",
          "marks": {
            "cm": 3,
            "im": 0
          },
          "pdfData": [
            {
              "x1": 52.9666748046875,
              "x2": 543.2166137695312,
              "y1": 352,
              "y2": 475.6666564941406,
              "page": 7
            }
          ]
        }
      },
      "M-INTPARA": {
        "15": {
          "que": 15,
          "type": "nat",
          "marks": {
            "cm": 4,
            "im": 0
          },
          "pdfData": [
            {
              "x1": 61.9666748046875,
              "x2": 521.2166137695312,
              "y1": 308.7166748046875,
              "y2": 424.433349609375,
              "page": 8
            },
            {
              "x1": 52.9666748046875,
              "x2": 543.2166137695312,
              "y1": 493.3333435058594,
              "y2": 528.6666564941406,
              "page": 8
            }
          ]
        },
        "16": {
          "que": 16,
          "type": "nat",
          "marks": {
            "cm": 4,
            "im": 0
          },
          "pdfData": [
            {
              "x1": 65.9666748046875,
              "x2": 523.2166137695312,
              "y1": 89.65000915527344,
              "y2": 206.25,
              "page": 9
            },
            {
              "x1": 52.9666748046875,
              "x2": 543.2166137695312,
              "y1": 275.1499938964844,
              "y2": 394.3999938964844,
              "page": 9
            }
          ]
        },
        "17": {
          "que": 17,
          "type": "nat",
          "marks": {
            "cm": 4,
            "im": 0
          },
          "pdfData": [
            {
              "x1": 56.9666748046875,
              "x2": 516.2166137695312,
              "y1": 109.9666748046875,
              "y2": 215.9666748046875,
              "page": 10
            },
            {
              "x1": 52.9666748046875,
              "x2": 543.2166137695312,
              "y1": 258.3666687011719,
              "y2": 275.1499938964844,
              "page": 10
            }
          ]
        },
        "18": {
          "que": 18,
          "type": "nat",
          "marks": {
            "cm": 4,
            "im": 0
          },
          "pdfData": [
            {
              "x1": 56.9666748046875,
              "x2": 516.2166137695312,
              "y1": 359.0666809082031,
              "y2": 461.5333557128906,
              "page": 10
            },
            {
              "x1": 52.9666748046875,
              "x2": 543.2166137695312,
              "y1": 507.4666442871094,
              "y2": 524.2500305175781,
              "page": 10
            }
          ]
        }
      }
    },
    "Physics": {
      "P-MCQ": {
        "19": {
          "que": 19,
          "type": "mcq",
          "marks": {
            "cm": 3,
            "im": 0
          },
          "pdfData": [
            {
              "x1": 44.13330078125,
              "x2": 544.1000366210938,
              "y1": 257.48333740234375,
              "y2": 417.3666687011719,
              "page": 11
            }
          ],
          "answerOptions": "4"
        },
        "20": {
          "que": 20,
          "type": "mcq",
          "marks": {
            "cm": 3,
            "im": 0
          },
          "pdfData": [
            {
              "x1": 44.13330078125,
              "x2": 544.1000366210938,
              "y1": 464.1833190917969,
              "y2": 695.6166687011719,
              "page": 11
            }
          ],
          "answerOptions": "4"
        },
        "21": {
          "que": 21,
          "type": "mcq",
          "marks": {
            "cm": 3,
            "im": 0
          },
          "pdfData": [
            {
              "x1": 44.13330078125,
              "x2": 544.1000366210938,
              "y1": 58.73333740234375,
              "y2": 412.95001220703125,
              "page": 12
            }
          ],
          "answerOptions": "4"
        },
        "22": {
          "que": 22,
          "type": "mcq",
          "marks": {
            "cm": 3,
            "im": 0
          },
          "pdfData": [
            {
              "x1": 44.13330078125,
              "x2": 544.1000366210938,
              "y1": 469.4833679199219,
              "y2": 615.2333679199219,
              "page": 12
            }
          ],
          "answerOptions": "4"
        }
      },
      "P-MSQ": {
        "23": {
          "que": 23,
          "type": "msq",
          "marks": {
            "cm": 4,
            "pm": 1,
            "im": -2
          },
          "pdfData": [
            {
              "x1": 44.13330078125,
              "x2": 544.1000366210938,
              "y1": 491.5666809082031,
              "y2": 691.1999816894531,
              "page": 13
            }
          ],
          "answerOptions": "4"
        },
        "24": {
          "que": 24,
          "type": "msq",
          "marks": {
            "cm": 4,
            "pm": 1,
            "im": -2
          },
          "pdfData": [
            {
              "x1": 53.13330078125,
              "x2": 544.1000366210938,
              "y1": 61.38334655761719,
              "y2": 412.0666809082031,
              "page": 14
            }
          ],
          "answerOptions": "4"
        },
        "25": {
          "que": 25,
          "type": "msq",
          "marks": {
            "cm": 4,
            "pm": 1,
            "im": -2
          },
          "pdfData": [
            {
              "x1": 48.54998779296875,
              "x2": 543.2166137695312,
              "y1": 71.98333740234375,
              "y2": 442.1000061035156,
              "page": 15
            }
          ],
          "answerOptions": "4"
        },
        "26": {
          "que": 26,
          "type": "msq",
          "marks": {
            "cm": 4,
            "pm": 1,
            "im": -2
          },
          "pdfData": [
            {
              "x1": 48.54998779296875,
              "x2": 543.2166137695312,
              "y1": 67.56666564941406,
              "y2": 511.8833312988281,
              "page": 16
            }
          ],
          "answerOptions": "4"
        }
      },
      "P-DECNUM": {
        "27": {
          "que": 27,
          "type": "nat",
          "marks": {
            "cm": 3,
            "im": 0
          },
          "pdfData": [
            {
              "x1": 48.54998779296875,
              "x2": 543.2166137695312,
              "y1": 284.8666687011719,
              "y2": 531.3166809082031,
              "page": 17
            }
          ]
        },
        "28": {
          "que": 28,
          "type": "nat",
          "marks": {
            "cm": 3,
            "im": 0
          },
          "pdfData": [
            {
              "x1": 44.13330078125,
              "x2": 544.9833374023438,
              "y1": 594.0333557128906,
              "y2": 669.1166687011719,
              "page": 17
            }
          ]
        },
        "29": {
          "que": 29,
          "type": "nat",
          "marks": {
            "cm": 3,
            "im": 0
          },
          "pdfData": [
            {
              "x1": 44.13330078125,
              "x2": 544.9833374023438,
              "y1": 63.15000915527344,
              "y2": 220.38333129882812,
              "page": 18
            }
          ]
        },
        "30": {
          "que": 30,
          "type": "nat",
          "marks": {
            "cm": 3,
            "im": 0
          },
          "pdfData": [
            {
              "x1": 44.13330078125,
              "x2": 544.9833374023438,
              "y1": 261.8999938964844,
              "y2": 439.4499816894531,
              "page": 18
            }
          ]
        },
        "31": {
          "que": 31,
          "type": "nat",
          "marks": {
            "cm": 3,
            "im": 0
          },
          "pdfData": [
            {
              "x1": 44.13330078125,
              "x2": 544.9833374023438,
              "y1": 507.4666442871094,
              "y2": 708.8666687011719,
              "page": 18
            }
          ]
        },
        "32": {
          "que": 32,
          "type": "nat",
          "marks": {
            "cm": 3,
            "im": 0
          },
          "pdfData": [
            {
              "x1": 44.13330078125,
              "x2": 544.9833374023438,
              "y1": 71.98333740234375,
              "y2": 305.183349609375,
              "page": 19
            }
          ]
        }
      },
      "P-INTPARA": {
        "33": {
          "que": 33,
          "type": "nat",
          "marks": {
            "cm": 4,
            "im": 0
          },
          "pdfData": [
            {
              "x1": 59.13330078125,
              "x2": 505.98333740234375,
              "y1": 292.8166809082031,
              "y2": 533.9666442871094,
              "page": 20
            },
            {
              "x1": 44.13330078125,
              "x2": 544.9833374023438,
              "y1": 594.0333557128906,
              "y2": 626.7166442871094,
              "page": 20
            }
          ]
        },
        "34": {
          "que": 34,
          "type": "nat",
          "marks": {
            "cm": 4,
            "im": 0
          },
          "pdfData": [
            {
              "x1": 57.13330078125,
              "x2": 502.98333740234375,
              "y1": 109.9666748046875,
              "y2": 352.8833312988281,
              "page": 21
            },
            {
              "x1": 44.13330078125,
              "x2": 544.9833374023438,
              "y1": 391.75,
              "y2": 438.5666809082031,
              "page": 21
            }
          ]
        },
        "35": {
          "que": 35,
          "type": "nat",
          "marks": {
            "cm": 4,
            "im": 0
          },
          "pdfData": [
            {
              "x1": 57.13330078125,
              "x2": 515.9833374023438,
              "y1": 88.76667785644531,
              "y2": 249.5333251953125,
              "page": 22
            },
            {
              "x1": 44.13330078125,
              "x2": 544.9833374023438,
              "y1": 296.3500061035156,
              "y2": 342.2833251953125,
              "page": 22
            }
          ]
        },
        "36": {
          "que": 36,
          "type": "nat",
          "marks": {
            "cm": 4,
            "im": 0
          },
          "pdfData": [
            {
              "x1": 56.13330078125,
              "x2": 514.9833374023438,
              "y1": 403.23333740234375,
              "y2": 564.0000305175781,
              "page": 22
            },
            {
              "x1": 44.13330078125,
              "x2": 544.9833374023438,
              "y1": 604.6333312988281,
              "y2": 651.4499816894531,
              "page": 22
            }
          ]
        }
      }
    },
    "Chemistry": {
      "C-MCQ": {
        "37": {
          "que": 37,
          "type": "mcq",
          "marks": {
            "cm": 3,
            "im": -1
          },
          "pdfData": [
            {
              "x1": 44.13330078125,
              "x2": 544.9833374023438,
              "y1": 245.11666870117188,
              "y2": 427.9666748046875,
              "page": 23
            }
          ],
          "answerOptions": "4"
        },
        "38": {
          "que": 38,
          "type": "mcq",
          "marks": {
            "cm": 3,
            "im": -1
          },
          "pdfData": [
            {
              "x1": 63.566650390625,
              "x2": 542.3333129882812,
              "y1": 466.8333435058594,
              "y2": 705.3333435058594,
              "page": 23
            }
          ],
          "answerOptions": "4"
        },
        "39": {
          "que": 39,
          "type": "mcq",
          "marks": {
            "cm": 3,
            "im": -1
          },
          "pdfData": [
            {
              "x1": 63.566650390625,
              "x2": 542.3333129882812,
              "y1": 71.10000610351562,
              "y2": 261.01666259765625,
              "page": 24
            }
          ],
          "answerOptions": "4"
        },
        "40": {
          "que": 40,
          "type": "mcq",
          "marks": {
            "cm": 3,
            "im": -1
          },
          "pdfData": [
            {
              "x1": 57.38330078125,
              "x2": 542.3333129882812,
              "y1": 305.183349609375,
              "y2": 533.0833435058594,
              "page": 24
            }
          ],
          "answerOptions": "4"
        }
      },
      "C-MSQ": {
        "41": {
          "que": 41,
          "type": "msq",
          "marks": {
            "cm": 4,
            "pm": 1,
            "im": -2
          },
          "pdfData": [
            {
              "x1": 57.38330078125,
              "x2": 542.3333129882812,
              "y1": 488.9166564941406,
              "y2": 650.5666809082031,
              "page": 25
            }
          ],
          "answerOptions": "4"
        },
        "42": {
          "que": 42,
          "type": "msq",
          "marks": {
            "cm": 4,
            "pm": 1,
            "im": -2
          },
          "pdfData": [
            {
              "x1": 57.38330078125,
              "x2": 542.3333129882812,
              "y1": 68.45001220703125,
              "y2": 580.7833557128906,
              "page": 26
            }
          ],
          "answerOptions": "4"
        },
        "43": {
          "que": 43,
          "type": "msq",
          "marks": {
            "cm": 4,
            "pm": 1,
            "im": -2
          },
          "pdfData": [
            {
              "x1": 57.38330078125,
              "x2": 542.3333129882812,
              "y1": 53.43333435058594,
              "y2": 592.2666931152344,
              "page": 27
            }
          ],
          "answerOptions": "4"
        },
        "44": {
          "que": 44,
          "type": "msq",
          "marks": {
            "cm": 4,
            "pm": 1,
            "im": -2
          },
          "pdfData": [
            {
              "x1": 57.38330078125,
              "x2": 542.3333129882812,
              "y1": 71.10000610351562,
              "y2": 268.9666748046875,
              "page": 28
            }
          ],
          "answerOptions": "4"
        }
      },
      "C-DECNUM": {
        "45": {
          "que": 45,
          "type": "nat",
          "marks": {
            "cm": 3,
            "im": 0
          },
          "pdfData": [
            {
              "x1": 64.45001220703125,
              "x2": 547.6333618164062,
              "y1": 276.0333251953125,
              "y2": 381.1499938964844,
              "page": 29
            }
          ]
        },
        "46": {
          "que": 46,
          "type": "nat",
          "marks": {
            "cm": 3,
            "im": 0
          },
          "pdfData": [
            {
              "x1": 64.45001220703125,
              "x2": 547.6333618164062,
              "y1": 420.01666259765625,
              "y2": 482.7333679199219,
              "page": 29
            }
          ]
        },
        "47": {
          "que": 47,
          "type": "nat",
          "marks": {
            "cm": 3,
            "im": 0
          },
          "pdfData": [
            {
              "x1": 64.45001220703125,
              "x2": 547.6333618164062,
              "y1": 543.6833190917969,
              "y2": 654.9833679199219,
              "page": 29
            }
          ]
        },
        "48": {
          "que": 48,
          "type": "nat",
          "marks": {
            "cm": 3,
            "im": 0
          },
          "pdfData": [
            {
              "x1": 64.45001220703125,
              "x2": 547.6333618164062,
              "y1": 64.03334045410156,
              "y2": 249.5333251953125,
              "page": 30
            }
          ]
        },
        "49": {
          "que": 49,
          "type": "nat",
          "marks": {
            "cm": 3,
            "im": 0
          },
          "pdfData": [
            {
              "x1": 64.45001220703125,
              "x2": 547.6333618164062,
              "y1": 303.41668701171875,
              "y2": 490.6833190917969,
              "page": 30
            }
          ]
        },
        "50": {
          "que": 50,
          "type": "nat",
          "marks": {
            "cm": 3,
            "im": 0
          },
          "pdfData": [
            {
              "x1": 64.45001220703125,
              "x2": 547.6333618164062,
              "y1": 528.6666564941406,
              "y2": 650.5666809082031,
              "page": 30
            }
          ]
        }
      },
      "C-INTPARA": {
        "51": {
          "que": 51,
          "type": "nat",
          "marks": {
            "cm": 4,
            "im": 0
          },
          "pdfData": [
            {
              "x1": 57.38330078125,
              "x2": 516.4332885742188,
              "y1": 290.16668701171875,
              "y2": 518.9499816894531,
              "page": 31
            },
            {
              "x1": 57.38330078125,
              "x2": 526.4332885742188,
              "y1": 569.3000183105469,
              "y2": 637.3166809082031,
              "page": 31
            }
          ]
        },
        "52": {
          "que": 52,
          "type": "nat",
          "marks": {
            "cm": 4,
            "im": 0
          },
          "pdfData": [
            {
              "x1": 57.38330078125,
              "x2": 518.4332885742188,
              "y1": 103.78334045410156,
              "y2": 331.683349609375,
              "page": 32
            },
            {
              "x1": 57.38330078125,
              "x2": 526.4332885742188,
              "y1": 376.73333740234375,
              "y2": 474.7833557128906,
              "page": 32
            }
          ]
        },
        "53": {
          "que": 53,
          "type": "nat",
          "marks": {
            "cm": 4,
            "im": 0
          },
          "pdfData": [
            {
              "x1": 57.38330078125,
              "x2": 517.4332885742188,
              "y1": 110.85000610351562,
              "y2": 269.8500061035156,
              "page": 33
            },
            {
              "x1": 57.38330078125,
              "x2": 526.4332885742188,
              "y1": 329.91668701171875,
              "y2": 346.70001220703125,
              "page": 33
            }
          ]
        },
        "54": {
          "que": 54,
          "type": "nat",
          "marks": {
            "cm": 4,
            "im": 0
          },
          "pdfData": [
            {
              "x1": 57.38330078125,
              "x2": 517.4332885742188,
              "y1": 419.1333312988281,
              "y2": 577.2500305175781,
              "page": 33
            },
            {
              "x1": 57.38330078125,
              "x2": 526.4332885742188,
              "y1": 638.1999816894531,
              "y2": 658.5166931152344,
              "page": 33
            }
          ]
        }
      }
    }
  },
  "testConfig": {
    "pdfFileHash": "38cd8686dab12b510d9106ff1503ea07daa5a608cd6c3f5197fdd9b472c10735"
  },
  "appVersion": "1.19.0",
  "generatedBy": "answerKeyPage",
  "generatedBasedOn": "pdfCropperPage",
  "testAnswerKey": {
    "Maths": {
      "M-MCQ": {
        "1": [
          3
        ],
        "2": [
          1
        ],
        "3": [
          3
        ],
        "4": [
          2,
          4
        ]
      },
      "M-MSQ": {
        "5": [
          2,
          3,
          4
        ],
        "6": [
          2,
          3
        ],
        "7": [
          1,
          3,
          4
        ],
        "8": [
          2,
          3
        ]
      },
      "M-DECNUM": {
        "9": "33",
        "10": "88",
        "11": "19",
        "12": "44.99TO45.01",
        "13": "49",
        "14": "0.23TO0.25"
      },
      "M-INTPARA": {
        "15": "9",
        "16": "1",
        "17": "15",
        "18": "26"
      }
    },
    "Physics": {
      "P-MCQ": {
        "19": [
          1
        ],
        "20": [
          4
        ],
        "21": [
          3
        ],
        "22": [
          4
        ]
      },
      "P-MSQ": {
        "23": [
          2,
          3
        ],
        "24": [
          1,
          3,
          4
        ],
        "25": [
          1
        ],
        "26": [
          1
        ]
      },
      "P-DECNUM": {
        "27": "289TO291",
        "28": "2.66TO2.68",
        "29": "2.24TO2.26",
        "30": "DROPPED",
        "31": "7",
        "32": "3.45TO3.55"
      },
      "P-INTPARA": {
        "33": "6",
        "34": "22",
        "35": "1",
        "36": "2"
      }
    },
    "Chemistry": {
      "C-MCQ": {
        "37": [
          4
        ],
        "38": [
          4
        ],
        "39": [
          1
        ],
        "40": [
          1
        ]
      },
      "C-MSQ": {
        "41": [
          1,
          2,
          3
        ],
        "42": [
          1,
          3,
          4
        ],
        "43": [
          2,
          4
        ],
        "44": [
          2,
          3,
          4
        ]
      },
      "C-DECNUM": {
        "45": "54TO56",
        "46": "1",
        "47": "22.5TO22.9",
        "48": "3",
        "49": "0.32TO0.36",
        "50": "8"
      },
      "C-INTPARA": {
        "51": "298",
        "52": "20",
        "53": "1",
        "54": "47"
      }
    }
  }
}