{
  "pdfCropperData": {
    "Maths": {
      "M-MCQ": {
        "1": {
          "que": 1,
          "type": "mcq",
          "options": 4,
          "marks": {
            "cm": 3,
            "im": -1
          },
          "pdfData": [
            {
              "page": 1,
              "x1": 61,
              "y1": 289,
              "x2": 486,
              "y2": 515
            }
          ]
        },
        "2": {
          "que": 2,
          "type": "mcq",
          "options": 4,
          "marks": {
            "cm": 3,
            "im": -1
          },
          "pdfData": [
            {
              "page": 1,
              "x1": 61,
              "y1": 551,
              "x2": 486,
              "y2": 711
            }
          ]
        },
        "3": {
          "que": 3,
          "type": "mcq",
          "options": 4,
          "marks": {
            "cm": 3,
            "im": -1
          },
          "pdfData": [
            {
              "page": 2,
              "x1": 61,
              "y1": 53,
              "x2": 540,
              "y2": 212
            }
          ]
        },
        "4": {
          "que": 4,
          "type": "mcq",
          "options": 4,
          "marks": {
            "cm": 3,
            "im": -1
          },
          "pdfData": [
            {
              "page": 2,
              "x1": 61,
              "y1": 244,
              "x2": 540,
              "y2": 420
            }
          ]
        }
      },
      "M-MSQ": {
        "5": {
          "que": 5,
          "type": "msq",
          "options": 4,
          "marks": {
            "cm": 4,
            "pm": 1,
            "im": -2
          },
          "pdfData": [
            {
              "page": 3,
              "x1": 61,
              "y1": 466,
              "x2": 540,
              "y2": 634
            }
          ]
        },
        "6": {
          "que": 6,
          "type": "msq",
          "options": 4,
          "marks": {
            "cm": 4,
            "pm": 1,
            "im": -2
          },
          "pdfData": [
            {
              "page": 4,
              "x1": 61,
              "y1": 52,
              "x2": 540,
              "y2": 232
            }
          ]
        },
        "7": {
          "que": 7,
          "type": "msq",
          "options": 4,
          "marks": {
            "cm": 4,
            "pm": 1,
            "im": -2
          },
          "pdfData": [
            {
              "page": 4,
              "x1": 61,
              "y1": 264,
              "x2": 540,
              "y2": 523
            }
          ]
        },
        "8": {
          "que": 8,
          "type": "msq",
          "options": 4,
          "marks": {
            "cm": 4,
            "pm": 1,
            "im": -2
          },
          "pdfData": [
            {
              "page": 4,
              "x1": 61,
              "y1": 567,
              "x2": 540,
              "y2": 770
            }
          ]
        }
      },
      "M-DECNUM": {
        "9": {
          "que": 9,
          "type": "nat",
          "marks": {
            "cm": 4,
            "im": 0
          },
          "pdfData": [
            {
              "page": 5,
              "x1": 61,
              "y1": 249,
              "x2": 540,
              "y2": 355
            }
          ]
        },
        "10": {
          "que": 10,
          "type": "nat",
          "marks": {
            "cm": 4,
            "im": 0
          },
          "pdfData": [
            {
              "page": 5,
              "x1": 61,
              "y1": 355,
              "x2": 540,
              "y2": 478
            }
          ]
        },
        "11": {
          "que": 11,
          "type": "nat",
          "marks": {
            "cm": 4,
            "im": 0
          },
          "pdfData": [
            {
              "page": 5,
              "x1": 61,
              "y1": 478,
              "x2": 540,
              "y2": 612
            }
          ]
        },
        "12": {
          "que": 12,
          "type": "nat",
          "marks": {
            "cm": 4,
            "im": 0
          },
          "pdfData": [
            {
              "page": 5,
              "x1": 61,
              "y1": 612,
              "x2": 540,
              "y2": 744
            }
          ]
        },
        "13": {
          "que": 13,
          "type": "nat",
          "marks": {
            "cm": 4,
            "im": 0
          },
          "pdfData": [
            {
              "page": 6,
              "x1": 61,
              "y1": 52,
              "x2": 540,
              "y2": 178
            }
          ]
        },
        "14": {
          "que": 14,
          "type": "nat",
          "marks": {
            "cm": 4,
            "im": 0
          },
          "pdfData": [
            {
              "page": 6,
              "x1": 61,
              "y1": 178,
              "x2": 540,
              "y2": 324
            }
          ]
        },
        "15": {
          "que": 15,
          "type": "nat",
          "marks": {
            "cm": 4,
            "im": 0
          },
          "pdfData": [
            {
              "page": 6,
              "x1": 61,
              "y1": 372,
              "x2": 540,
              "y2": 493
            }
          ]
        },
        "16": {
          "que": 16,
          "type": "nat",
          "marks": {
            "cm": 4,
            "im": 0
          },
          "pdfData": [
            {
              "page": 6,
              "x1": 95,
              "y1": 539,
              "x2": 457,
              "y2": 682
            }
          ]
        }
      }
    },
    "Physics": {
      "P-MCQ": {
        "17": {
          "que": 17,
          "type": "mcq",
          "options": 4,
          "marks": {
            "cm": 3,
            "im": -1
          },
          "pdfData": [
            {
              "page": 8,
              "x1": 63,
              "y1": 52,
              "x2": 543,
              "y2": 164
            }
          ]
        },
        "18": {
          "que": 18,
          "type": "mcq",
          "options": 4,
          "marks": {
            "cm": 3,
            "im": -1
          },
          "pdfData": [
            {
              "page": 8,
              "x1": 63,
              "y1": 196,
              "x2": 543,
              "y2": 519
            }
          ]
        },
        "19": {
          "que": 19,
          "type": "mcq",
          "options": 4,
          "marks": {
            "cm": 3,
            "im": -1
          },
          "pdfData": [
            {
              "page": 9,
              "x1": 63,
              "y1": 55,
              "x2": 543,
              "y2": 310
            }
          ]
        },
        "20": {
          "que": 20,
          "type": "mcq",
          "options": 4,
          "marks": {
            "cm": 3,
            "im": -1
          },
          "pdfData": [
            {
              "page": 9,
              "x1": 63,
              "y1": 382,
              "x2": 543,
              "y2": 493
            }
          ]
        }
      },
      "P-MSQ": {
        "21": {
          "que": 21,
          "type": "msq",
          "options": 4,
          "marks": {
            "cm": 4,
            "pm": 1,
            "im": -2
          },
          "pdfData": [
            {
              "page": 10,
              "x1": 63,
              "y1": 440,
              "x2": 543,
              "y2": 620
            }
          ]
        },
        "22": {
          "que": 22,
          "type": "msq",
          "options": 4,
          "marks": {
            "cm": 4,
            "pm": 1,
            "im": -2
          },
          "pdfData": [
            {
              "page": 11,
              "x1": 63,
              "y1": 52,
              "x2": 543,
              "y2": 339
            }
          ]
        },
        "23": {
          "que": 23,
          "type": "msq",
          "options": 4,
          "marks": {
            "cm": 4,
            "pm": 1,
            "im": -2
          },
          "pdfData": [
            {
              "page": 11,
              "x1": 63,
              "y1": 380,
              "x2": 543,
              "y2": 708
            }
          ]
        },
        "24": {
          "que": 24,
          "type": "msq",
          "options": 4,
          "marks": {
            "cm": 4,
            "pm": 1,
            "im": -2
          },
          "pdfData": [
            {
              "page": 12,
              "x1": 63,
              "y1": 52,
              "x2": 543,
              "y2": 209
            }
          ]
        }
      },
      "P-DECNUM": {
        "25": {
          "que": 25,
          "type": "nat",
          "marks": {
            "cm": 4,
            "im": 0
          },
          "pdfData": [
            {
              "page": 13,
              "x1": 63,
              "y1": 335,
              "x2": 543,
              "y2": 409
            }
          ]
        },
        "26": {
          "que": 26,
          "type": "nat",
          "marks": {
            "cm": 4,
            "im": 0
          },
          "pdfData": [
            {
              "page": 13,
              "x1": 63,
              "y1": 449,
              "x2": 543,
              "y2": 562
            }
          ]
        },
        "27": {
          "que": 27,
          "type": "nat",
          "marks": {
            "cm": 4,
            "im": 0
          },
          "pdfData": [
            {
              "page": 14,
              "x1": 63,
              "y1": 52,
              "x2": 543,
              "y2": 292
            }
          ]
        },
        "28": {
          "que": 28,
          "type": "nat",
          "marks": {
            "cm": 4,
            "im": 0
          },
          "pdfData": [
            {
              "page": 14,
              "x1": 63,
              "y1": 354,
              "x2": 543,
              "y2": 449
            }
          ]
        },
        "29": {
          "que": 29,
          "type": "nat",
          "marks": {
            "cm": 4,
            "im": 0
          },
          "pdfData": [
            {
              "page": 14,
              "x1": 63,
              "y1": 498,
              "x2": 543,
              "y2": 700
            }
          ]
        },
        "30": {
          "que": 30,
          "type": "nat",
          "marks": {
            "cm": 4,
            "im": 0
          },
          "pdfData": [
            {
              "page": 15,
              "x1": 63,
              "y1": 103,
              "x2": 543,
              "y2": 356
            }
          ]
        },
        "31": {
          "que": 31,
          "type": "nat",
          "marks": {
            "cm": 4,
            "im": 0
          },
          "pdfData": [
            {
              "page": 15,
              "x1": 63,
              "y1": 388,
              "x2": 543,
              "y2": 476
            }
          ]
        },
        "32": {
          "que": 32,
          "type": "nat",
          "marks": {
            "cm": 4,
            "im": 0
          },
          "pdfData": [
            {
              "page": 15,
              "x1": 63,
              "y1": 505,
              "x2": 543,
              "y2": 716
            }
          ]
        }
      }
    },
    "Chemistry": {
      "C-MCQ": {
        "33": {
          "que": 33,
          "type": "mcq",
          "options": 4,
          "marks": {
            "cm": 3,
            "im": -1
          },
          "pdfData": [
            {
              "page": 16,
              "x1": 63,
              "y1": 265,
              "x2": 543,
              "y2": 331
            }
          ]
        },
        "34": {
          "que": 34,
          "type": "mcq",
          "options": 4,
          "marks": {
            "cm": 3,
            "im": -1
          },
          "pdfData": [
            {
              "page": 16,
              "x1": 63,
              "y1": 367,
              "x2": 543,
              "y2": 471
            }
          ]
        },
        "35": {
          "que": 35,
          "type": "mcq",
          "options": 4,
          "marks": {
            "cm": 3,
            "im": -1
          },
          "pdfData": [
            {
              "page": 17,
              "x1": 63,
              "y1": 54,
              "x2": 543,
              "y2": 446
            }
          ]
        },
        "36": {
          "que": 36,
          "type": "mcq",
          "options": 4,
          "marks": {
            "cm": 3,
            "im": -1
          },
          "pdfData": [
            {
              "page": 17,
              "x1": 63,
              "y1": 494,
              "x2": 543,
              "y2": 740
            }
          ]
        }
      },
      "C-MSQ": {
        "37": {
          "que": 37,
          "type": "msq",
          "options": 4,
          "marks": {
            "cm": 4,
            "pm": 1,
            "im": -2
          },
          "pdfData": [
            {
              "page": 18,
              "x1": 63,
              "y1": 468,
              "x2": 543,
              "y2": 607
            }
          ]
        },
        "38": {
          "que": 38,
          "type": "msq",
          "options": 4,
          "marks": {
            "cm": 4,
            "pm": 1,
            "im": -2
          },
          "pdfData": [
            {
              "page": 18,
              "x1": 63,
              "y1": 639,
              "x2": 543,
              "y2": 740
            }
          ]
        },
        "39": {
          "que": 39,
          "type": "msq",
          "options": 4,
          "marks": {
            "cm": 4,
            "pm": 1,
            "im": -2
          },
          "pdfData": [
            {
              "page": 19,
              "x1": 63,
              "y1": 64,
              "x2": 543,
              "y2": 245
            }
          ]
        },
        "40": {
          "que": 40,
          "type": "msq",
          "options": 4,
          "marks": {
            "cm": 4,
            "pm": 1,
            "im": -2
          },
          "pdfData": [
            {
              "page": 19,
              "x1": 63,
              "y1": 278,
              "x2": 543,
              "y2": 497
            }
          ]
        }
      },
      "C-DECNUM": {
        "41": {
          "que": 41,
          "type": "nat",
          "marks": {
            "cm": 4,
            "im": 0
          },
          "pdfData": [
            {
              "page": 20,
              "x1": 63,
              "y1": 247,
              "x2": 543,
              "y2": 314
            }
          ]
        },
        "42": {
          "que": 42,
          "type": "nat",
          "marks": {
            "cm": 4,
            "im": 0
          },
          "pdfData": [
            {
              "page": 20,
              "x1": 63,
              "y1": 344,
              "x2": 543,
              "y2": 422
            }
          ]
        },
        "43": {
          "que": 43,
          "type": "nat",
          "marks": {
            "cm": 4,
            "im": 0
          },
          "pdfData": [
            {
              "page": 20,
              "x1": 63,
              "y1": 453,
              "x2": 543,
              "y2": 562
            }
          ]
        },
        "44": {
          "que": 44,
          "type": "nat",
          "marks": {
            "cm": 4,
            "im": 0
          },
          "pdfData": [
            {
              "page": 20,
              "x1": 63,
              "y1": 593,
              "x2": 543,
              "y2": 687
            }
          ]
        },
        "45": {
          "que": 45,
          "type": "nat",
          "marks": {
            "cm": 4,
            "im": 0
          },
          "pdfData": [
            {
              "page": 21,
              "x1": 63,
              "y1": 54,
              "x2": 543,
              "y2": 146
            }
          ]
        },
        "46": {
          "que": 46,
          "type": "nat",
          "marks": {
            "cm": 4,
            "im": 0
          },
          "pdfData": [
            {
              "page": 21,
              "x1": 63,
              "y1": 179,
              "x2": 543,
              "y2": 276
            }
          ]
        },
        "47": {
          "que": 47,
          "type": "nat",
          "marks": {
            "cm": 4,
            "im": 0
          },
          "pdfData": [
            {
              "page": 21,
              "x1": 63,
              "y1": 306,
              "x2": 543,
              "y2": 342
            }
          ]
        },
        "48": {
          "que": 48,
          "type": "nat",
          "marks": {
            "cm": 4,
            "im": 0
          },
          "pdfData": [
            {
              "page": 21,
              "x1": 63,
              "y1": 371,
              "x2": 543,
              "y2": 477
            }
          ]
        }
      }
    }
  },
  "pdfFileHash": "1d11ddfdef3d91b307f5d008a25430ee3882b3b707eb9c6eadf2ebe8af244bc1",
  "testAnswerKey": {
    "Maths": {
      "M-MCQ": {
        "1": 3,
        "2": 2,
        "3": 3,
        "4": 1
      },
      "M-MSQ": {
        "5": [
          1,
          2
        ],
        "6": [
          1,
          3
        ],
        "7": [
          1,
          3
        ],
        "8": [
          2,
          3,
          4
        ]
      },
      "M-DECNUM": {
        "9": "0.7TO0.8",
        "10": "6",
        "11": "0.27TO0.33",
        "12": "-2",
        "13": "-2",
        "14": "0.2TO0.3",
        "15": "3",
        "16": "21"
      }
    },
    "Physics": {
      "P-MCQ": {
        "17": 2,
        "18": 3,
        "19": 3,
        "20": "DROPPED"
      },
      "P-MSQ": {
        "21": [
          1,
          2,
          3
        ],
        "22": [
          1,
          2
        ],
        "23": [
          1
        ],
        "24": [
          1,
          2,
          3
        ]
      },
      "P-DECNUM": {
        "25": "1.65TO1.67",
        "26": "11.7TO11.9",
        "27": "1.6",
        "28": "2.3TO2.4",
        "29": "0.2",
        "30": "1.2",
        "31": "167TO171",
        "32": "26TO33"
      }
    },
    "Chemistry": {
      "C-MCQ": {
        "33": 1,
        "34": 1,
        "35": 4,
        "36": 3
      },
      "C-MSQ": {
        "37": [
          3,
          4
        ],
        "38": [
          2,
          4
        ],
        "39": [
          1,
          3
        ],
        "40": [
          2,
          3
        ]
      },
      "C-DECNUM": {
        "41": "10.85TO11.1",
        "42": "3.85TO4.15",
        "43": "15.5TO16.5",
        "44": "4TO4.25",
        "45": "2.4TO2.55",
        "46": "105.4TO105.6",
        "47": "7.5TO7.8",
        "48": "2"
      }
    }
  }
}