{
  "pdfCropperData": {
    "Maths": {
      "M-MCQ": {
        "1": {
          "que": 1,
          "type": "mcq",
          "options": 4,
          "marks": {
            "cm": 3,
            "im": -1
          },
          "pdfData": [
            {
              "page": 1,
              "x1": 62,
              "y1": 235,
              "x2": 544,
              "y2": 390
            }
          ]
        },
        "2": {
          "que": 2,
          "type": "mcq",
          "options": 4,
          "marks": {
            "cm": 3,
            "im": -1
          },
          "pdfData": [
            {
              "page": 1,
              "x1": 62,
              "y1": 441,
              "x2": 544,
              "y2": 532
            }
          ]
        },
        "3": {
          "que": 3,
          "type": "mcq",
          "options": 4,
          "marks": {
            "cm": 3,
            "im": -1
          },
          "pdfData": [
            {
              "page": 1,
              "x1": 62,
              "y1": 571,
              "x2": 544,
              "y2": 645
            }
          ]
        },
        "4": {
          "que": 4,
          "type": "mcq",
          "options": 4,
          "marks": {
            "cm": 3,
            "im": -1
          },
          "pdfData": [
            {
              "page": 2,
              "x1": 62,
              "y1": 52,
              "x2": 544,
              "y2": 291
            }
          ]
        }
      },
      "M-MSQ": {
        "5": {
          "que": 5,
          "type": "msq",
          "options": 4,
          "marks": {
            "cm": 4,
            "pm": 1,
            "im": -2
          },
          "pdfData": [
            {
              "page": 3,
              "x1": 51,
              "y1": 462,
              "x2": 540,
              "y2": 623
            }
          ]
        },
        "6": {
          "que": 6,
          "type": "msq",
          "options": 4,
          "marks": {
            "cm": 4,
            "pm": 1,
            "im": -2
          },
          "pdfData": [
            {
              "page": 4,
              "x1": 51,
              "y1": 54,
              "x2": 540,
              "y2": 232
            }
          ]
        },
        "7": {
          "que": 7,
          "type": "msq",
          "options": 4,
          "marks": {
            "cm": 4,
            "pm": 1,
            "im": -2
          },
          "pdfData": [
            {
              "page": 4,
              "x1": 51,
              "y1": 276,
              "x2": 540,
              "y2": 413
            }
          ]
        }
      },
      "M-INTNUM": {
        "8": {
          "que": 8,
          "type": "nat",
          "marks": {
            "cm": 4,
            "im": 0
          },
          "pdfData": [
            {
              "page": 5,
              "x1": 51,
              "y1": 234,
              "x2": 540,
              "y2": 319
            }
          ]
        },
        "9": {
          "que": 9,
          "type": "nat",
          "marks": {
            "cm": 4,
            "im": 0
          },
          "pdfData": [
            {
              "page": 5,
              "x1": 51,
              "y1": 348,
              "x2": 540,
              "y2": 456
            }
          ]
        },
        "10": {
          "que": 10,
          "type": "nat",
          "marks": {
            "cm": 4,
            "im": 0
          },
          "pdfData": [
            {
              "page": 5,
              "x1": 51,
              "y1": 484,
              "x2": 540,
              "y2": 568
            }
          ]
        },
        "11": {
          "que": 11,
          "type": "nat",
          "marks": {
            "cm": 4,
            "im": 0
          },
          "pdfData": [
            {
              "page": 5,
              "x1": 51,
              "y1": 608,
              "x2": 540,
              "y2": 669
            }
          ]
        },
        "12": {
          "que": 12,
          "type": "nat",
          "marks": {
            "cm": 4,
            "im": 0
          },
          "pdfData": [
            {
              "page": 6,
              "x1": 51,
              "y1": 55,
              "x2": 540,
              "y2": 150
            }
          ]
        },
        "13": {
          "que": 13,
          "type": "nat",
          "marks": {
            "cm": 4,
            "im": 0
          },
          "pdfData": [
            {
              "page": 6,
              "x1": 51,
              "y1": 175,
              "x2": 540,
              "y2": 321
            }
          ]
        }
      },
      "M-DECPARA": {
        "14": {
          "que": 14,
          "type": "nat",
          "marks": {
            "cm": 3,
            "im": 0
          },
          "pdfData": [
            {
              "page": 7,
              "x1": 57,
              "y1": 300,
              "x2": 518,
              "y2": 436
            },
            {
              "page": 7,
              "x1": 96,
              "y1": 481,
              "x2": 338,
              "y2": 510
            }
          ]
        },
        "15": {
          "que": 15,
          "type": "nat",
          "marks": {
            "cm": 3,
            "im": 0
          },
          "pdfData": [
            {
              "page": 7,
              "x1": 63,
              "y1": 566,
              "x2": 522,
              "y2": 700
            },
            {
              "page": 8,
              "x1": 94,
              "y1": 51,
              "x2": 394,
              "y2": 76
            }
          ]
        },
        "16": {
          "que": 16,
          "type": "nat",
          "marks": {
            "cm": 3,
            "im": 0
          },
          "pdfData": [
            {
              "page": 8,
              "x1": 65,
              "y1": 132,
              "x2": 506,
              "y2": 212
            },
            {
              "page": 8,
              "x1": 96,
              "y1": 252,
              "x2": 374,
              "y2": 314
            }
          ]
        },
        "17": {
          "que": 17,
          "type": "nat",
          "marks": {
            "cm": 3,
            "im": 0
          },
          "pdfData": [
            {
              "page": 8,
              "x1": 64,
              "y1": 358,
              "x2": 506,
              "y2": 436
            },
            {
              "page": 8,
              "x1": 95,
              "y1": 476,
              "x2": 342,
              "y2": 533
            }
          ]
        }
      }
    },
    "Physics": {
      "P-MCQ": {
        "18": {
          "que": 18,
          "type": "mcq",
          "options": 4,
          "marks": {
            "cm": 3,
            "im": -1
          },
          "pdfData": [
            {
              "page": 9,
              "x1": 51,
              "y1": 232,
              "x2": 546,
              "y2": 752
            }
          ]
        },
        "19": {
          "que": 19,
          "type": "mcq",
          "options": 4,
          "marks": {
            "cm": 3,
            "im": -1
          },
          "pdfData": [
            {
              "page": 10,
              "x1": 51,
              "y1": 77,
              "x2": 546,
              "y2": 225
            }
          ]
        },
        "20": {
          "que": 20,
          "type": "mcq",
          "options": 4,
          "marks": {
            "cm": 3,
            "im": -1
          },
          "pdfData": [
            {
              "page": 10,
              "x1": 51,
              "y1": 263,
              "x2": 546,
              "y2": 350
            }
          ]
        },
        "21": {
          "que": 21,
          "type": "mcq",
          "options": 4,
          "marks": {
            "cm": 3,
            "im": -1
          },
          "pdfData": [
            {
              "page": 10,
              "x1": 51,
              "y1": 394,
              "x2": 546,
              "y2": 616
            }
          ]
        }
      },
      "P-MSQ": {
        "22": {
          "que": 22,
          "type": "msq",
          "options": 4,
          "marks": {
            "cm": 4,
            "pm": 1,
            "im": -2
          },
          "pdfData": [
            {
              "page": 12,
              "x1": 51,
              "y1": 50,
              "x2": 546,
              "y2": 427
            }
          ]
        },
        "23": {
          "que": 23,
          "type": "msq",
          "options": 4,
          "marks": {
            "cm": 4,
            "pm": 1,
            "im": -2
          },
          "pdfData": [
            {
              "page": 12,
              "x1": 51,
              "y1": 476,
              "x2": 546,
              "y2": 643
            }
          ]
        },
        "24": {
          "que": 24,
          "type": "msq",
          "options": 4,
          "marks": {
            "cm": 4,
            "pm": 1,
            "im": -2
          },
          "pdfData": [
            {
              "page": 13,
              "x1": 51,
              "y1": 54,
              "x2": 546,
              "y2": 435
            }
          ]
        }
      },
      "P-INTNUM": {
        "25": {
          "que": 25,
          "type": "nat",
          "marks": {
            "cm": 4,
            "im": 0
          },
          "pdfData": [
            {
              "page": 14,
              "x1": 51,
              "y1": 247,
              "x2": 546,
              "y2": 290
            }
          ]
        },
        "26": {
          "que": 26,
          "type": "nat",
          "marks": {
            "cm": 4,
            "im": 0
          },
          "pdfData": [
            {
              "page": 14,
              "x1": 51,
              "y1": 322,
              "x2": 546,
              "y2": 422
            }
          ]
        },
        "27": {
          "que": 27,
          "type": "nat",
          "marks": {
            "cm": 4,
            "im": 0
          },
          "pdfData": [
            {
              "page": 14,
              "x1": 51,
              "y1": 437,
              "x2": 546,
              "y2": 670
            }
          ]
        },
        "28": {
          "que": 28,
          "type": "nat",
          "marks": {
            "cm": 4,
            "im": 0
          },
          "pdfData": [
            {
              "page": 15,
              "x1": 51,
              "y1": 53,
              "x2": 546,
              "y2": 252
            }
          ]
        },
        "29": {
          "que": 29,
          "type": "nat",
          "marks": {
            "cm": 4,
            "im": 0
          },
          "pdfData": [
            {
              "page": 15,
              "x1": 51,
              "y1": 282,
              "x2": 546,
              "y2": 559
            }
          ]
        },
        "30": {
          "que": 30,
          "type": "nat",
          "marks": {
            "cm": 4,
            "im": 0
          },
          "pdfData": [
            {
              "page": 15,
              "x1": 51,
              "y1": 594,
              "x2": 546,
              "y2": 675
            }
          ]
        }
      },
      "P-DECPARA": {
        "31": {
          "que": 31,
          "type": "nat",
          "marks": {
            "cm": 3,
            "im": 0
          },
          "pdfData": [
            {
              "page": 16,
              "x1": 51,
              "y1": 374,
              "x2": 546,
              "y2": 643
            }
          ]
        },
        "32": {
          "que": 32,
          "type": "nat",
          "marks": {
            "cm": 3,
            "im": 0
          },
          "pdfData": [
            {
              "page": 17,
              "x1": 51,
              "y1": 80,
              "x2": 546,
              "y2": 337
            }
          ]
        },
        "33": {
          "que": 33,
          "type": "nat",
          "marks": {
            "cm": 3,
            "im": 0
          },
          "pdfData": [
            {
              "page": 17,
              "x1": 51,
              "y1": 413,
              "x2": 546,
              "y2": 622
            }
          ]
        },
        "34": {
          "que": 34,
          "type": "nat",
          "marks": {
            "cm": 3,
            "im": 0
          },
          "pdfData": [
            {
              "page": 18,
              "x1": 51,
              "y1": 79,
              "x2": 546,
              "y2": 287
            }
          ]
        }
      }
    },
    "Chemistry": {
      "C-MCQ": {
        "35": {
          "que": 35,
          "type": "mcq",
          "options": 4,
          "marks": {
            "cm": 3,
            "im": -1
          },
          "pdfData": [
            {
              "page": 19,
              "x1": 51,
              "y1": 236,
              "x2": 546,
              "y2": 327
            }
          ]
        },
        "36": {
          "que": 36,
          "type": "mcq",
          "options": 4,
          "marks": {
            "cm": 3,
            "im": -1
          },
          "pdfData": [
            {
              "page": 19,
              "x1": 51,
              "y1": 359,
              "x2": 546,
              "y2": 459
            }
          ]
        },
        "37": {
          "que": 37,
          "type": "mcq",
          "options": 4,
          "marks": {
            "cm": 3,
            "im": -1
          },
          "pdfData": [
            {
              "page": 19,
              "x1": 51,
              "y1": 501,
              "x2": 546,
              "y2": 741
            }
          ]
        },
        "38": {
          "que": 38,
          "type": "mcq",
          "options": 4,
          "marks": {
            "cm": 3,
            "im": -1
          },
          "pdfData": [
            {
              "page": 20,
              "x1": 51,
              "y1": 66,
              "x2": 546,
              "y2": 121
            }
          ]
        }
      },
      "C-MSQ": {
        "39": {
          "que": 39,
          "type": "msq",
          "options": 4,
          "marks": {
            "cm": 4,
            "pm": 1,
            "im": -2
          },
          "pdfData": [
            {
              "page": 21,
              "x1": 51,
              "y1": 475,
              "x2": 546,
              "y2": 676
            }
          ]
        },
        "40": {
          "que": 40,
          "type": "msq",
          "options": 4,
          "marks": {
            "cm": 4,
            "pm": 1,
            "im": -2
          },
          "pdfData": [
            {
              "page": 22,
              "x1": 51,
              "y1": 66,
              "x2": 546,
              "y2": 247
            }
          ]
        },
        "41": {
          "que": 41,
          "type": "msq",
          "options": 4,
          "marks": {
            "cm": 4,
            "pm": 1,
            "im": -2
          },
          "pdfData": [
            {
              "page": 22,
              "x1": 51,
              "y1": 287,
              "x2": 546,
              "y2": 380
            }
          ]
        }
      },
      "C-INTNUM": {
        "42": {
          "que": 42,
          "type": "nat",
          "marks": {
            "cm": 4,
            "im": 0
          },
          "pdfData": [
            {
              "page": 23,
              "x1": 51,
              "y1": 247,
              "x2": 546,
              "y2": 364
            }
          ]
        },
        "43": {
          "que": 43,
          "type": "nat",
          "marks": {
            "cm": 4,
            "im": 0
          },
          "pdfData": [
            {
              "page": 23,
              "x1": 51,
              "y1": 415,
              "x2": 546,
              "y2": 509
            }
          ]
        },
        "44": {
          "que": 44,
          "type": "nat",
          "marks": {
            "cm": 4,
            "im": 0
          },
          "pdfData": [
            {
              "page": 23,
              "x1": 51,
              "y1": 558,
              "x2": 546,
              "y2": 689
            }
          ]
        },
        "45": {
          "que": 45,
          "type": "nat",
          "marks": {
            "cm": 4,
            "im": 0
          },
          "pdfData": [
            {
              "page": 24,
              "x1": 51,
              "y1": 54,
              "x2": 546,
              "y2": 145
            }
          ]
        },
        "46": {
          "que": 46,
          "type": "nat",
          "marks": {
            "cm": 4,
            "im": 0
          },
          "pdfData": [
            {
              "page": 24,
              "x1": 51,
              "y1": 194,
              "x2": 546,
              "y2": 232
            }
          ]
        },
        "47": {
          "que": 47,
          "type": "nat",
          "marks": {
            "cm": 4,
            "im": 0
          },
          "pdfData": [
            {
              "page": 24,
              "x1": 51,
              "y1": 265,
              "x2": 546,
              "y2": 395
            }
          ]
        }
      },
      "C-DECPARA": {
        "48": {
          "que": 48,
          "type": "nat",
          "marks": {
            "cm": 3,
            "im": 0
          },
          "pdfData": [
            {
              "page": 25,
              "x1": 58,
              "y1": 328,
              "x2": 540,
              "y2": 479
            },
            {
              "page": 25,
              "x1": 91,
              "y1": 510,
              "x2": 333,
              "y2": 530
            }
          ]
        },
        "49": {
          "que": 49,
          "type": "nat",
          "marks": {
            "cm": 3,
            "im": 0
          },
          "pdfData": [
            {
              "page": 25,
              "x1": 57,
              "y1": 569,
              "x2": 539,
              "y2": 720
            },
            {
              "page": 25,
              "x1": 92,
              "y1": 743,
              "x2": 259,
              "y2": 762
            }
          ]
        },
        "50": {
          "que": 50,
          "type": "nat",
          "marks": {
            "cm": 3,
            "im": 0
          },
          "pdfData": [
            {
              "page": 26,
              "x1": 57,
              "y1": 91,
              "x2": 540,
              "y2": 165
            },
            {
              "page": 26,
              "x1": 89,
              "y1": 203,
              "x2": 482,
              "y2": 222
            }
          ]
        },
        "51": {
          "que": 51,
          "type": "nat",
          "marks": {
            "cm": 3,
            "im": 0
          },
          "pdfData": [
            {
              "page": 26,
              "x1": 58,
              "y1": 285,
              "x2": 540,
              "y2": 357
            },
            {
              "page": 26,
              "x1": 91,
              "y1": 398,
              "x2": 419,
              "y2": 416
            }
          ]
        }
      }
    }
  },
  "pdfFileHash": "2f01767b18f95ff9dd520879ae139afd0ea824d95c41f885db618db1f4326b4b",
  "testAnswerKey": {
    "Maths": {
      "M-MCQ": {
        "1": 2,
        "2": 2,
        "3": 2,
        "4": 4
      },
      "M-MSQ": {
        "5": [
          2,
          3
        ],
        "6": [
          1,
          3
        ],
        "7": [
          1,
          3
        ]
      },
      "M-INTNUM": {
        "8": "51",
        "9": "11",
        "10": "1",
        "11": "2",
        "12": "12",
        "13": "5"
      },
      "M-DECPARA": {
        "14": "19.99TO20.01",
        "15": "35.99TO36.01",
        "16": "0",
        "17": "0.24TO0.25"
      }
    },
    "Physics": {
      "P-MCQ": {
        "18": 1,
        "19": 1,
        "20": 1,
        "21": 1
      },
      "P-MSQ": {
        "22": [
          2,
          4
        ],
        "23": [
          1,
          2,
          4
        ],
        "24": [
          1,
          2
        ]
      },
      "P-INTNUM": {
        "25": "3",
        "26": "2",
        "27": "3",
        "28": "12",
        "29": "171",
        "30": "96"
      },
      "P-DECPARA": {
        "31": "598TO602",
        "32": "23.5TO24.5",
        "33": "0.74TO0.76",
        "34": "4.2TO4.3"
      }
    },
    "Chemistry": {
      "C-MCQ": {
        "35": 2,
        "36": 4,
        "37": 4,
        "38": 1
      },
      "C-MSQ": {
        "39": [
          1,
          3
        ],
        "40": [
          3,
          4
        ],
        "41": [
          2,
          4
        ]
      },
      "C-INTNUM": {
        "42": "2500",
        "43": "150",
        "44": "41",
        "45": "135TO151",
        "46": "4,5",
        "47": "6,12"
      },
      "C-DECPARA": {
        "48": "2",
        "49": "93018",
        "50": "2",
        "51": "2,3"
      }
    }
  }
}