{
  "testConfig": {
    "pdfFileHash": "b1ba878061613e75c2ad75bad25d2856a74d6a05f7ef377859260de4541738b1"
  },
  "pdfCropperData": {
    "Physics": {
      "P-MCQ": {
        "1": {
          "que": 1,
          "type": "mcq",
          "marks": {
            "cm": 3,
            "im": -1
          },
          "pdfData": [
            {
              "x1": 68.04998779296875,
              "x2": 546.449951171875,
              "y1": 350.3999938964844,
              "y2": 473.6000061035156,
              "page": 1
            }
          ],
          "answerOptions": "4"
        },
        "2": {
          "que": 2,
          "type": "mcq",
          "marks": {
            "cm": 3,
            "im": -1
          },
          "pdfData": [
            {
              "x1": 68.04998779296875,
              "x2": 546.449951171875,
              "y1": 650.3999938964844,
              "y2": 690.3999938964844,
              "page": 1
            },
            {
              "x1": 68.04998779296875,
              "x2": 546.449951171875,
              "y1": 68,
              "y2": 212,
              "page": 2
            }
          ],
          "answerOptions": "4"
        },
        "3": {
          "que": 3,
          "type": "mcq",
          "marks": {
            "cm": 3,
            "im": -1
          },
          "pdfData": [
            {
              "x1": 68.04998779296875,
              "x2": 546.449951171875,
              "y1": 337.6000061035156,
              "y2": 475.0000305175781,
              "page": 2
            }
          ],
          "answerOptions": "4"
        },
        "4": {
          "que": 4,
          "type": "mcq",
          "marks": {
            "cm": 3,
            "im": -1
          },
          "pdfData": [
            {
              "x1": 68.04998779296875,
              "x2": 546.449951171875,
              "y1": 676.0000305175781,
              "y2": 712.0000305175781,
              "page": 2
            },
            {
              "x1": 68.04998779296875,
              "x2": 546.449951171875,
              "y1": 71.20001220703125,
              "y2": 145.60000610351562,
              "page": 3
            }
          ],
          "answerOptions": "4"
        }
      },
      "P-MSQ": {
        "5": {
          "que": 5,
          "type": "msq",
          "marks": {
            "cm": 4,
            "pm": 1,
            "im": -2
          },
          "pdfData": [
            {
              "x1": 68.04998779296875,
              "x2": 546.449951171875,
              "y1": 580.0000305175781,
              "y2": 721.6000061035156,
              "page": 3
            },
            {
              "x1": 68.04998779296875,
              "x2": 546.449951171875,
              "y1": 70.40000915527344,
              "y2": 145.60000610351562,
              "page": 4
            }
          ],
          "answerOptions": "4"
        },
        "6": {
          "que": 6,
          "type": "msq",
          "marks": {
            "cm": 4,
            "pm": 1,
            "im": -2
          },
          "pdfData": [
            {
              "x1": 68.04998779296875,
              "x2": 546.449951171875,
              "y1": 317.6000061035156,
              "y2": 508.0000305175781,
              "page": 4
            }
          ],
          "answerOptions": "4"
        },
        "7": {
          "que": 7,
          "type": "msq",
          "marks": {
            "cm": 4,
            "pm": 1,
            "im": -2
          },
          "pdfData": [
            {
              "x1": 68.04998779296875,
              "x2": 546.449951171875,
              "y1": 72,
              "y2": 367.20001220703125,
              "page": 5
            }
          ],
          "answerOptions": "4"
        },
        "8": {
          "que": 8,
          "type": "msq",
          "marks": {
            "cm": 4,
            "pm": 1,
            "im": -2
          },
          "pdfData": [
            {
              "x1": 68.04998779296875,
              "x2": 546.449951171875,
              "y1": 534.3999938964844,
              "y2": 685.6000061035156,
              "page": 5
            }
          ],
          "answerOptions": "4"
        },
        "9": {
          "que": 9,
          "type": "msq",
          "marks": {
            "cm": 4,
            "pm": 1,
            "im": -2
          },
          "pdfData": [
            {
              "x1": 68.04998779296875,
              "x2": 546.449951171875,
              "y1": 425.6000061035156,
              "y2": 497.6000061035156,
              "page": 6
            }
          ],
          "answerOptions": "4"
        },
        "10": {
          "que": 10,
          "type": "msq",
          "marks": {
            "cm": 4,
            "pm": 1,
            "im": -2
          },
          "pdfData": [
            {
              "x1": 68.04998779296875,
              "x2": 546.449951171875,
              "y1": 70.40000915527344,
              "y2": 268.8000183105469,
              "page": 7
            }
          ],
          "answerOptions": "4"
        },
        "11": {
          "que": 11,
          "type": "msq",
          "marks": {
            "cm": 4,
            "pm": 1,
            "im": -2
          },
          "pdfData": [
            {
              "x1": 68.04998779296875,
              "x2": 546.449951171875,
              "y1": 70,
              "y2": 324,
              "page": 8
            }
          ],
          "answerOptions": "4"
        },
        "12": {
          "que": 12,
          "type": "msq",
          "marks": {
            "cm": 4,
            "pm": 1,
            "im": -2
          },
          "pdfData": [
            {
              "x1": 68.04998779296875,
              "x2": 546.449951171875,
              "y1": 511,
              "y2": 636,
              "page": 8
            }
          ],
          "answerOptions": "4"
        }
      },
      "P-DECNUM": {
        "13": {
          "que": 13,
          "type": "nat",
          "marks": {
            "cm": 3,
            "im": 0
          },
          "pdfData": [
            {
              "x1": 68.04998779296875,
              "x2": 546.449951171875,
              "y1": 470,
              "y2": 609,
              "page": 9
            }
          ]
        },
        "14": {
          "que": 14,
          "type": "nat",
          "marks": {
            "cm": 3,
            "im": 0
          },
          "pdfData": [
            {
              "x1": 68.04998779296875,
              "x2": 546.449951171875,
              "y1": 233,
              "y2": 377,
              "page": 10
            }
          ]
        },
        "15": {
          "que": 15,
          "type": "nat",
          "marks": {
            "cm": 3,
            "im": 0
          },
          "pdfData": [
            {
              "x1": 68.04998779296875,
              "x2": 546.449951171875,
              "y1": 572,
              "y2": 711,
              "page": 10
            }
          ]
        },
        "16": {
          "que": 16,
          "type": "nat",
          "marks": {
            "cm": 3,
            "im": 0
          },
          "pdfData": [
            {
              "x1": 68.04998779296875,
              "x2": 546.449951171875,
              "y1": 257,
              "y2": 329,
              "page": 11
            }
          ]
        },
        "17": {
          "que": 17,
          "type": "nat",
          "marks": {
            "cm": 3,
            "im": 0
          },
          "pdfData": [
            {
              "x1": 68.04998779296875,
              "x2": 546.449951171875,
              "y1": 434,
              "y2": 599,
              "page": 11
            }
          ]
        },
        "18": {
          "que": 18,
          "type": "nat",
          "marks": {
            "cm": 3,
            "im": 0
          },
          "pdfData": [
            {
              "x1": 68.04998779296875,
              "x2": 546.449951171875,
              "y1": 257,
              "y2": 377,
              "page": 12
            }
          ]
        }
      }
    },
    "Chemistry": {
      "C-MCQ": {
        "19": {
          "que": 19,
          "type": "mcq",
          "marks": {
            "cm": 3,
            "im": -1
          },
          "pdfData": [
            {
              "x1": 68.04998779296875,
              "x2": 546.449951171875,
              "y1": 222,
              "y2": 257,
              "page": 13
            }
          ],
          "answerOptions": "4"
        },
        "20": {
          "que": 20,
          "type": "mcq",
          "marks": {
            "cm": 3,
            "im": -1
          },
          "pdfData": [
            {
              "x1": 68.04998779296875,
              "x2": 546.449951171875,
              "y1": 328,
              "y2": 549,
              "page": 13
            }
          ],
          "answerOptions": "4"
        },
        "21": {
          "que": 21,
          "type": "mcq",
          "marks": {
            "cm": 3,
            "im": -1
          },
          "pdfData": [
            {
              "x1": 68.04998779296875,
              "x2": 546.449951171875,
              "y1": 578,
              "y2": 614,
              "page": 13
            }
          ],
          "answerOptions": "4"
        },
        "22": {
          "que": 22,
          "type": "mcq",
          "marks": {
            "cm": 3,
            "im": -1
          },
          "pdfData": [
            {
              "x1": 68.04998779296875,
              "x2": 546.449951171875,
              "y1": 69,
              "y2": 189,
              "page": 14
            }
          ],
          "answerOptions": "4"
        }
      },
      "C-MSQ": {
        "23": {
          "que": 23,
          "type": "msq",
          "marks": {
            "cm": 4,
            "pm": 1,
            "im": -2
          },
          "pdfData": [
            {
              "x1": 68.04998779296875,
              "x2": 546.449951171875,
              "y1": 523,
              "y2": 583,
              "page": 14
            }
          ],
          "answerOptions": "4"
        },
        "24": {
          "que": 24,
          "type": "msq",
          "marks": {
            "cm": 4,
            "pm": 1,
            "im": -2
          },
          "pdfData": [
            {
              "x1": 68.04998779296875,
              "x2": 546.449951171875,
              "y1": 82,
              "y2": 362,
              "page": 15
            }
          ],
          "answerOptions": "4"
        },
        "25": {
          "que": 25,
          "type": "msq",
          "marks": {
            "cm": 4,
            "pm": 1,
            "im": -2
          },
          "pdfData": [
            {
              "x1": 68.04998779296875,
              "x2": 546.449951171875,
              "y1": 586,
              "y2": 635,
              "page": 15
            }
          ],
          "answerOptions": "4"
        },
        "26": {
          "que": 26,
          "type": "msq",
          "marks": {
            "cm": 4,
            "pm": 1,
            "im": -2
          },
          "pdfData": [
            {
              "x1": 68.04998779296875,
              "x2": 546.449951171875,
              "y1": 233,
              "y2": 310,
              "page": 16
            }
          ],
          "answerOptions": "4"
        },
        "27": {
          "que": 27,
          "type": "msq",
          "marks": {
            "cm": 4,
            "pm": 1,
            "im": -2
          },
          "pdfData": [
            {
              "x1": 68.04998779296875,
              "x2": 546.449951171875,
              "y1": 353,
              "y2": 438,
              "page": 16
            }
          ],
          "answerOptions": "4"
        },
        "28": {
          "que": 28,
          "type": "msq",
          "marks": {
            "cm": 4,
            "pm": 1,
            "im": -2
          },
          "pdfData": [
            {
              "x1": 68.04998779296875,
              "x2": 546.449951171875,
              "y1": 543,
              "y2": 615,
              "page": 16
            }
          ],
          "answerOptions": "4"
        },
        "29": {
          "que": 29,
          "type": "msq",
          "marks": {
            "cm": 4,
            "pm": 1,
            "im": -2
          },
          "pdfData": [
            {
              "x1": 68.04998779296875,
              "x2": 546.449951171875,
              "y1": 71,
              "y2": 205,
              "page": 17
            }
          ],
          "answerOptions": "4"
        },
        "30": {
          "que": 30,
          "type": "msq",
          "marks": {
            "cm": 4,
            "pm": 1,
            "im": -2
          },
          "pdfData": [
            {
              "x1": 68.04998779296875,
              "x2": 546.449951171875,
              "y1": 300,
              "y2": 368,
              "page": 17
            }
          ],
          "answerOptions": "4"
        }
      },
      "C-DECNUM": {
        "31": {
          "que": 31,
          "type": "nat",
          "marks": {
            "cm": 3,
            "im": 0
          },
          "pdfData": [
            {
              "x1": 68.04998779296875,
              "x2": 546.449951171875,
              "y1": 545,
              "y2": 570,
              "page": 17
            }
          ]
        },
        "32": {
          "que": 32,
          "type": "nat",
          "marks": {
            "cm": 3,
            "im": 0
          },
          "pdfData": [
            {
              "x1": 68.04998779296875,
              "x2": 546.449951171875,
              "y1": 651,
              "y2": 718,
              "page": 17
            }
          ]
        },
        "33": {
          "que": 33,
          "type": "nat",
          "marks": {
            "cm": 3,
            "im": 0
          },
          "pdfData": [
            {
              "x1": 68.04998779296875,
              "x2": 546.449951171875,
              "y1": 199,
              "y2": 257,
              "page": 18
            }
          ]
        },
        "34": {
          "que": 34,
          "type": "nat",
          "marks": {
            "cm": 3,
            "im": 0
          },
          "pdfData": [
            {
              "x1": 68.04998779296875,
              "x2": 546.449951171875,
              "y1": 422,
              "y2": 533,
              "page": 18
            }
          ]
        },
        "35": {
          "que": 35,
          "type": "nat",
          "marks": {
            "cm": 3,
            "im": 0
          },
          "pdfData": [
            {
              "x1": 68.04998779296875,
              "x2": 546.449951171875,
              "y1": 108,
              "y2": 296,
              "page": 19
            }
          ]
        },
        "36": {
          "que": 36,
          "type": "nat",
          "marks": {
            "cm": 3,
            "im": 0
          },
          "pdfData": [
            {
              "x1": 68.04998779296875,
              "x2": 546.449951171875,
              "y1": 70,
              "y2": 97,
              "page": 20
            }
          ]
        }
      }
    },
    "Maths": {
      "M-MCQ": {
        "37": {
          "que": 37,
          "type": "mcq",
          "marks": {
            "cm": 3,
            "im": -1
          },
          "pdfData": [
            {
              "x1": 68.04998779296875,
              "x2": 546.449951171875,
              "y1": 367,
              "y2": 497,
              "page": 20
            }
          ],
          "answerOptions": "4"
        },
        "38": {
          "que": 38,
          "type": "mcq",
          "marks": {
            "cm": 3,
            "im": -1
          },
          "pdfData": [
            {
              "x1": 68.04998779296875,
              "x2": 546.449951171875,
              "y1": 189,
              "y2": 262,
              "page": 21
            }
          ],
          "answerOptions": "4"
        },
        "39": {
          "que": 39,
          "type": "mcq",
          "marks": {
            "cm": 3,
            "im": -1
          },
          "pdfData": [
            {
              "x1": 68.04998779296875,
              "x2": 546.449951171875,
              "y1": 385,
              "y2": 497,
              "page": 21
            }
          ],
          "answerOptions": "4"
        },
        "40": {
          "que": 40,
          "type": "mcq",
          "marks": {
            "cm": 3,
            "im": -1
          },
          "pdfData": [
            {
              "x1": 68.04998779296875,
              "x2": 546.449951171875,
              "y1": 599,
              "y2": 668,
              "page": 21
            }
          ],
          "answerOptions": "4"
        }
      },
      "M-MSQ": {
        "41": {
          "que": 41,
          "type": "msq",
          "marks": {
            "cm": 4,
            "pm": 1,
            "im": -2
          },
          "pdfData": [
            {
              "x1": 68.04998779296875,
              "x2": 546.449951171875,
              "y1": 477,
              "y2": 598,
              "page": 22
            }
          ],
          "answerOptions": "4"
        },
        "42": {
          "que": 42,
          "type": "msq",
          "marks": {
            "cm": 4,
            "pm": 1,
            "im": -2
          },
          "pdfData": [
            {
              "x1": 68.04998779296875,
              "x2": 546.449951171875,
              "y1": 666,
              "y2": 718,
              "page": 23
            },
            {
              "x1": 68.04998779296875,
              "x2": 546.449951171875,
              "y1": 73,
              "y2": 135,
              "page": 24
            }
          ],
          "answerOptions": "4"
        },
        "43": {
          "que": 43,
          "type": "msq",
          "marks": {
            "cm": 4,
            "pm": 1,
            "im": -2
          },
          "pdfData": [
            {
              "x1": 68.04998779296875,
              "x2": 546.449951171875,
              "y1": 414,
              "y2": 525,
              "page": 24
            }
          ],
          "answerOptions": "4"
        },
        "44": {
          "que": 44,
          "type": "msq",
          "marks": {
            "cm": 4,
            "pm": 1,
            "im": -2
          },
          "pdfData": [
            {
              "x1": 68.04998779296875,
              "x2": 546.449951171875,
              "y1": 284,
              "y2": 409,
              "page": 25
            }
          ],
          "answerOptions": "4"
        },
        "45": {
          "que": 45,
          "type": "msq",
          "marks": {
            "cm": 4,
            "pm": 1,
            "im": -2
          },
          "pdfData": [
            {
              "x1": 68.04998779296875,
              "x2": 546.449951171875,
              "y1": 604,
              "y2": 714,
              "page": 25
            },
            {
              "x1": 68.04998779296875,
              "x2": 546.449951171875,
              "y1": 74,
              "y2": 175,
              "page": 26
            }
          ],
          "answerOptions": "4"
        },
        "46": {
          "que": 46,
          "type": "msq",
          "marks": {
            "cm": 4,
            "pm": 1,
            "im": -2
          },
          "pdfData": [
            {
              "x1": 68.04998779296875,
              "x2": 546.449951171875,
              "y1": 150,
              "y2": 284,
              "page": 27
            }
          ],
          "answerOptions": "4"
        },
        "47": {
          "que": 47,
          "type": "msq",
          "marks": {
            "cm": 4,
            "pm": 1,
            "im": -2
          },
          "pdfData": [
            {
              "x1": 68.04998779296875,
              "x2": 546.449951171875,
              "y1": 549,
              "y2": 652,
              "page": 27
            }
          ],
          "answerOptions": "4"
        },
        "48": {
          "que": 48,
          "type": "msq",
          "marks": {
            "cm": 4,
            "pm": 1,
            "im": -2
          },
          "pdfData": [
            {
              "x1": 68.04998779296875,
              "x2": 546.449951171875,
              "y1": 427,
              "y2": 605,
              "page": 28
            }
          ],
          "answerOptions": "4"
        }
      },
      "M-DECNUM": {
        "49": {
          "que": 49,
          "type": "nat",
          "marks": {
            "cm": 3,
            "im": 0
          },
          "pdfData": [
            {
              "x1": 68.04998779296875,
              "x2": 546.449951171875,
              "y1": 316,
              "y2": 347,
              "page": 29
            }
          ]
        },
        "50": {
          "que": 50,
          "type": "nat",
          "marks": {
            "cm": 3,
            "im": 0
          },
          "pdfData": [
            {
              "x1": 68.04998779296875,
              "x2": 546.449951171875,
              "y1": 480,
              "y2": 520,
              "page": 29
            }
          ]
        },
        "51": {
          "que": 51,
          "type": "nat",
          "marks": {
            "cm": 3,
            "im": 0
          },
          "pdfData": [
            {
              "x1": 68.04998779296875,
              "x2": 546.449951171875,
              "y1": 81,
              "y2": 148,
              "page": 30
            }
          ]
        },
        "52": {
          "que": 52,
          "type": "nat",
          "marks": {
            "cm": 3,
            "im": 0
          },
          "pdfData": [
            {
              "x1": 68.04998779296875,
              "x2": 546.449951171875,
              "y1": 333,
              "y2": 387,
              "page": 30
            }
          ]
        },
        "53": {
          "que": 53,
          "type": "nat",
          "marks": {
            "cm": 3,
            "im": 0
          },
          "pdfData": [
            {
              "x1": 68.04998779296875,
              "x2": 546.449951171875,
              "y1": 510,
              "y2": 542,
              "page": 30
            }
          ]
        },
        "54": {
          "que": 54,
          "type": "nat",
          "marks": {
            "cm": 3,
            "im": 0
          },
          "pdfData": [
            {
              "x1": 68.04998779296875,
              "x2": 546.449951171875,
              "y1": 658,
              "y2": 707,
              "page": 30
            }
          ]
        }
      }
    }
  },
  "appVersion": "1.22.1",
  "generatedBy": "answerKeyPage",
  "generatedBasedOn": "pdfCropperPage",
  "testAnswerKey": {
    "Physics": {
      "P-MCQ": {
        "1": [
          2
        ],
        "2": [
          3
        ],
        "3": [
          4
        ],
        "4": [
          3
        ]
      },
      "P-MSQ": {
        "5": [
          1,
          2,
          4
        ],
        "6": [
          2,
          3,
          4
        ],
        "7": [
          1,
          3,
          4
        ],
        "8": [
          1,
          2,
          4
        ],
        "9": [
          1,
          2,
          4
        ],
        "10": [
          2,
          3
        ],
        "11": [
          1,
          2
        ],
        "12": [
          1,
          4
        ]
      },
      "P-DECNUM": {
        "13": "2",
        "14": "0.75",
        "15": "8.13",
        "16": "270",
        "17": "50",
        "18": "1"
      }
    },
    "Chemistry": {
      "C-MCQ": {
        "19": [
          4
        ],
        "20": [
          2
        ],
        "21": [
          2
        ],
        "22": [
          3
        ]
      },
      "C-MSQ": {
        "23": [
          2,
          3,
          4
        ],
        "24": [
          3,
          4
        ],
        "25": [
          1,
          4
        ],
        "26": [
          2,
          4
        ],
        "27": [
          1,
          2,
          4
        ],
        "28": [
          1,
          2,
          4
        ],
        "29": [
          2,
          3
        ],
        "30": [
          2,
          3,
          4
        ]
      },
      "C-DECNUM": {
        "31": "4",
        "32": "1.02",
        "33": "8.93",
        "34": "6.75",
        "35": "4",
        "36": "19"
      }
    },
    "Maths": {
      "M-MCQ": {
        "37": [
          4
        ],
        "38": [
          3
        ],
        "39": [
          3
        ],
        "40": [
          3
        ]
      },
      "M-MSQ": {
        "41": [
          2,
          3,
          4
        ],
        "42": [
          1,
          2,
          3
        ],
        "43": [
          1,
          2
        ],
        "44": [
          1,
          2,
          4
        ],
        "45": [
          1,
          4
        ],
        "46": [
          1,
          2,
          3
        ],
        "47": [
          1,
          2,
          3
        ],
        "48": [
          1,
          2
        ]
      },
      "M-DECNUM": {
        "49": "3",
        "50": "4",
        "51": "0.5",
        "52": "10",
        "53": "157",
        "54": "0.75"
      }
    }
  }
}