{
  "pdfCropperData": {
    "Physics": {
      "Physics": {
        "1": {
          "que": 1,
          "type": "mcq",
          "options": 4,
          "marks": {
            "cm": 3,
            "im": -1
          },
          "pdfData": [
            {
              "page": 1,
              "x1": 23,
              "y1": 295,
              "x2": 561,
              "y2": 369
            }
          ]
        },
        "2": {
          "que": 2,
          "type": "mcq",
          "options": 4,
          "marks": {
            "cm": 3,
            "im": -1
          },
          "pdfData": [
            {
              "page": 1,
              "x1": 23,
              "y1": 369,
              "x2": 561,
              "y2": 543
            }
          ]
        },
        "3": {
          "que": 3,
          "type": "mcq",
          "options": 4,
          "marks": {
            "cm": 3,
            "im": -1
          },
          "pdfData": [
            {
              "page": 1,
              "x1": 23,
              "y1": 543,
              "x2": 561,
              "y2": 588
            }
          ]
        },
        "4": {
          "que": 4,
          "type": "mcq",
          "options": 4,
          "marks": {
            "cm": 3,
            "im": -1
          },
          "pdfData": [
            {
              "page": 1,
              "x1": 23,
              "y1": 588,
              "x2": 561,
              "y2": 642
            }
          ]
        },
        "5": {
          "que": 5,
          "type": "mcq",
          "options": 4,
          "marks": {
            "cm": 3,
            "im": -1
          },
          "pdfData": [
            {
              "page": 1,
              "x1": 23,
              "y1": 642,
              "x2": 561,
              "y2": 717
            }
          ]
        },
        "6": {
          "que": 6,
          "type": "mcq",
          "options": 4,
          "marks": {
            "cm": 3,
            "im": -1
          },
          "pdfData": [
            {
              "page": 1,
              "x1": 23,
              "y1": 717,
              "x2": 561,
              "y2": 784
            }
          ]
        },
        "7": {
          "que": 7,
          "type": "mcq",
          "options": 4,
          "marks": {
            "cm": 3,
            "im": -1
          },
          "pdfData": [
            {
              "page": 2,
              "x1": 23,
              "y1": 55,
              "x2": 561,
              "y2": 109
            }
          ]
        },
        "8": {
          "que": 8,
          "type": "mcq",
          "options": 4,
          "marks": {
            "cm": 3,
            "im": -1
          },
          "pdfData": [
            {
              "page": 2,
              "x1": 23,
              "y1": 109,
              "x2": 561,
              "y2": 292
            }
          ]
        },
        "9": {
          "que": 9,
          "type": "mcq",
          "options": 4,
          "marks": {
            "cm": 3,
            "im": -1
          },
          "pdfData": [
            {
              "page": 2,
              "x1": 23,
              "y1": 292,
              "x2": 561,
              "y2": 386
            }
          ]
        },
        "10": {
          "que": 10,
          "type": "mcq",
          "options": 4,
          "marks": {
            "cm": 3,
            "im": -1
          },
          "pdfData": [
            {
              "page": 2,
              "x1": 23,
              "y1": 386,
              "x2": 561,
              "y2": 446
            }
          ]
        },
        "11": {
          "que": 11,
          "type": "mcq",
          "options": 4,
          "marks": {
            "cm": 3,
            "im": -1
          },
          "pdfData": [
            {
              "page": 2,
              "x1": 23,
              "y1": 446,
              "x2": 561,
              "y2": 516
            }
          ]
        },
        "12": {
          "que": 12,
          "type": "mcq",
          "options": 4,
          "marks": {
            "cm": 3,
            "im": -1
          },
          "pdfData": [
            {
              "page": 2,
              "x1": 23,
              "y1": 516,
              "x2": 561,
              "y2": 599
            }
          ]
        },
        "13": {
          "que": 13,
          "type": "mcq",
          "options": 4,
          "marks": {
            "cm": 3,
            "im": -1
          },
          "pdfData": [
            {
              "page": 2,
              "x1": 23,
              "y1": 599,
              "x2": 561,
              "y2": 681
            }
          ]
        },
        "14": {
          "que": 14,
          "type": "mcq",
          "options": 4,
          "marks": {
            "cm": 3,
            "im": -1
          },
          "pdfData": [
            {
              "page": 3,
              "x1": 23,
              "y1": 55,
              "x2": 561,
              "y2": 204
            }
          ]
        },
        "15": {
          "que": 15,
          "type": "mcq",
          "options": 4,
          "marks": {
            "cm": 3,
            "im": -1
          },
          "pdfData": [
            {
              "page": 3,
              "x1": 23,
              "y1": 204,
              "x2": 561,
              "y2": 276
            }
          ]
        },
        "16": {
          "que": 16,
          "type": "mcq",
          "options": 4,
          "marks": {
            "cm": 3,
            "im": -1
          },
          "pdfData": [
            {
              "page": 3,
              "x1": 23,
              "y1": 276,
              "x2": 561,
              "y2": 316
            }
          ]
        },
        "17": {
          "que": 17,
          "type": "mcq",
          "options": 4,
          "marks": {
            "cm": 3,
            "im": -1
          },
          "pdfData": [
            {
              "page": 3,
              "x1": 23,
              "y1": 316,
              "x2": 561,
              "y2": 404
            }
          ]
        },
        "18": {
          "que": 18,
          "type": "mcq",
          "options": 4,
          "marks": {
            "cm": 3,
            "im": -1
          },
          "pdfData": [
            {
              "page": 3,
              "x1": 23,
              "y1": 404,
              "x2": 561,
              "y2": 609
            }
          ]
        },
        "19": {
          "que": 19,
          "type": "mcq",
          "options": 4,
          "marks": {
            "cm": 3,
            "im": -1
          },
          "pdfData": [
            {
              "page": 3,
              "x1": 23,
              "y1": 609,
              "x2": 561,
              "y2": 695
            }
          ]
        },
        "20": {
          "que": 20,
          "type": "mcq",
          "options": 4,
          "marks": {
            "cm": 3,
            "im": -1
          },
          "pdfData": [
            {
              "page": 3,
              "x1": 23,
              "y1": 695,
              "x2": 561,
              "y2": 746
            }
          ]
        },
        "21": {
          "que": 21,
          "type": "mcq",
          "options": 4,
          "marks": {
            "cm": 3,
            "im": -1
          },
          "pdfData": [
            {
              "page": 4,
              "x1": 23,
              "y1": 59,
              "x2": 561,
              "y2": 111
            }
          ]
        },
        "22": {
          "que": 22,
          "type": "mcq",
          "options": 4,
          "marks": {
            "cm": 3,
            "im": -1
          },
          "pdfData": [
            {
              "page": 4,
              "x1": 23,
              "y1": 111,
              "x2": 561,
              "y2": 180
            }
          ]
        },
        "23": {
          "que": 23,
          "type": "mcq",
          "options": 4,
          "marks": {
            "cm": 3,
            "im": -1
          },
          "pdfData": [
            {
              "page": 4,
              "x1": 23,
              "y1": 180,
              "x2": 561,
              "y2": 408
            }
          ]
        },
        "24": {
          "que": 24,
          "type": "mcq",
          "options": 4,
          "marks": {
            "cm": 3,
            "im": -1
          },
          "pdfData": [
            {
              "page": 4,
              "x1": 23,
              "y1": 408,
              "x2": 561,
              "y2": 484
            }
          ]
        },
        "25": {
          "que": 25,
          "type": "mcq",
          "options": 4,
          "marks": {
            "cm": 3,
            "im": -1
          },
          "pdfData": [
            {
              "page": 4,
              "x1": 23,
              "y1": 484,
              "x2": 561,
              "y2": 557
            }
          ]
        },
        "26": {
          "que": 26,
          "type": "mcq",
          "options": 4,
          "marks": {
            "cm": 3,
            "im": -1
          },
          "pdfData": [
            {
              "page": 4,
              "x1": 23,
              "y1": 557,
              "x2": 561,
              "y2": 668
            }
          ]
        },
        "27": {
          "que": 27,
          "type": "mcq",
          "options": 4,
          "marks": {
            "cm": 3,
            "im": -1
          },
          "pdfData": [
            {
              "page": 4,
              "x1": 23,
              "y1": 668,
              "x2": 561,
              "y2": 738
            }
          ]
        },
        "28": {
          "que": 28,
          "type": "mcq",
          "options": 4,
          "marks": {
            "cm": 3,
            "im": -1
          },
          "pdfData": [
            {
              "page": 5,
              "x1": 23,
              "y1": 58,
              "x2": 561,
              "y2": 138
            }
          ]
        },
        "29": {
          "que": 29,
          "type": "mcq",
          "options": 4,
          "marks": {
            "cm": 3,
            "im": -1
          },
          "pdfData": [
            {
              "page": 5,
              "x1": 23,
              "y1": 138,
              "x2": 561,
              "y2": 180
            }
          ]
        },
        "30": {
          "que": 30,
          "type": "mcq",
          "options": 4,
          "marks": {
            "cm": 3,
            "im": -1
          },
          "pdfData": [
            {
              "page": 5,
              "x1": 23,
              "y1": 180,
              "x2": 561,
              "y2": 289
            }
          ]
        }
      }
    },
    "Chemistry": {
      "Chemistry": {
        "31": {
          "que": 31,
          "type": "mcq",
          "options": 4,
          "marks": {
            "cm": 3,
            "im": -1
          },
          "pdfData": [
            {
              "page": 6,
              "x1": 23,
              "y1": 137,
              "x2": 561,
              "y2": 244
            }
          ]
        },
        "32": {
          "que": 32,
          "type": "mcq",
          "options": 4,
          "marks": {
            "cm": 3,
            "im": -1
          },
          "pdfData": [
            {
              "page": 6,
              "x1": 23,
              "y1": 244,
              "x2": 561,
              "y2": 317
            }
          ]
        },
        "33": {
          "que": 33,
          "type": "mcq",
          "options": 4,
          "marks": {
            "cm": 3,
            "im": -1
          },
          "pdfData": [
            {
              "page": 6,
              "x1": 23,
              "y1": 317,
              "x2": 561,
              "y2": 362
            }
          ]
        },
        "34": {
          "que": 34,
          "type": "mcq",
          "options": 4,
          "marks": {
            "cm": 3,
            "im": -1
          },
          "pdfData": [
            {
              "page": 6,
              "x1": 23,
              "y1": 362,
              "x2": 561,
              "y2": 453
            }
          ]
        },
        "35": {
          "que": 35,
          "type": "mcq",
          "options": 4,
          "marks": {
            "cm": 3,
            "im": -1
          },
          "pdfData": [
            {
              "page": 6,
              "x1": 23,
              "y1": 453,
              "x2": 561,
              "y2": 550
            }
          ]
        },
        "36": {
          "que": 36,
          "type": "mcq",
          "options": 4,
          "marks": {
            "cm": 3,
            "im": -1
          },
          "pdfData": [
            {
              "page": 6,
              "x1": 23,
              "y1": 550,
              "x2": 561,
              "y2": 625
            }
          ]
        },
        "37": {
          "que": 37,
          "type": "mcq",
          "options": 4,
          "marks": {
            "cm": 3,
            "im": -1
          },
          "pdfData": [
            {
              "page": 6,
              "x1": 23,
              "y1": 625,
              "x2": 561,
              "y2": 681
            }
          ]
        },
        "38": {
          "que": 38,
          "type": "mcq",
          "options": 4,
          "marks": {
            "cm": 3,
            "im": -1
          },
          "pdfData": [
            {
              "page": 6,
              "x1": 23,
              "y1": 681,
              "x2": 561,
              "y2": 764
            }
          ]
        },
        "39": {
          "que": 39,
          "type": "mcq",
          "options": 4,
          "marks": {
            "cm": 3,
            "im": -1
          },
          "pdfData": [
            {
              "page": 7,
              "x1": 23,
              "y1": 57,
              "x2": 561,
              "y2": 274
            }
          ]
        },
        "40": {
          "que": 40,
          "type": "mcq",
          "options": 4,
          "marks": {
            "cm": 3,
            "im": -1
          },
          "pdfData": [
            {
              "page": 7,
              "x1": 23,
              "y1": 274,
              "x2": 561,
              "y2": 388
            }
          ]
        },
        "41": {
          "que": 41,
          "type": "mcq",
          "options": 4,
          "marks": {
            "cm": 3,
            "im": -1
          },
          "pdfData": [
            {
              "page": 7,
              "x1": 23,
              "y1": 388,
              "x2": 561,
              "y2": 623
            }
          ]
        },
        "42": {
          "que": 42,
          "type": "mcq",
          "options": 4,
          "marks": {
            "cm": 3,
            "im": -1
          },
          "pdfData": [
            {
              "page": 7,
              "x1": 23,
              "y1": 623,
              "x2": 561,
              "y2": 668
            }
          ]
        },
        "43": {
          "que": 43,
          "type": "mcq",
          "options": 4,
          "marks": {
            "cm": 3,
            "im": -1
          },
          "pdfData": [
            {
              "page": 7,
              "x1": 23,
              "y1": 668,
              "x2": 561,
              "y2": 794
            }
          ]
        },
        "44": {
          "que": 44,
          "type": "mcq",
          "options": 4,
          "marks": {
            "cm": 3,
            "im": -1
          },
          "pdfData": [
            {
              "page": 8,
              "x1": 23,
              "y1": 53,
              "x2": 561,
              "y2": 249
            }
          ]
        },
        "45": {
          "que": 45,
          "type": "mcq",
          "options": 4,
          "marks": {
            "cm": 3,
            "im": -1
          },
          "pdfData": [
            {
              "page": 8,
              "x1": 23,
              "y1": 249,
              "x2": 561,
              "y2": 292
            }
          ]
        },
        "46": {
          "que": 46,
          "type": "mcq",
          "options": 4,
          "marks": {
            "cm": 3,
            "im": -1
          },
          "pdfData": [
            {
              "page": 8,
              "x1": 23,
              "y1": 292,
              "x2": 561,
              "y2": 442
            }
          ]
        },
        "47": {
          "que": 47,
          "type": "mcq",
          "options": 4,
          "marks": {
            "cm": 3,
            "im": -1
          },
          "pdfData": [
            {
              "page": 8,
              "x1": 23,
              "y1": 442,
              "x2": 561,
              "y2": 544
            }
          ]
        },
        "48": {
          "que": 48,
          "type": "mcq",
          "options": 4,
          "marks": {
            "cm": 3,
            "im": -1
          },
          "pdfData": [
            {
              "page": 8,
              "x1": 23,
              "y1": 544,
              "x2": 561,
              "y2": 733
            }
          ]
        },
        "49": {
          "que": 49,
          "type": "mcq",
          "options": 4,
          "marks": {
            "cm": 3,
            "im": -1
          },
          "pdfData": [
            {
              "page": 8,
              "x1": 23,
              "y1": 733,
              "x2": 561,
              "y2": 796
            }
          ]
        },
        "50": {
          "que": 50,
          "type": "mcq",
          "options": 4,
          "marks": {
            "cm": 3,
            "im": -1
          },
          "pdfData": [
            {
              "page": 9,
              "x1": 23,
              "y1": 56,
              "x2": 561,
              "y2": 96
            }
          ]
        },
        "51": {
          "que": 51,
          "type": "mcq",
          "options": 4,
          "marks": {
            "cm": 3,
            "im": -1
          },
          "pdfData": [
            {
              "page": 9,
              "x1": 23,
              "y1": 96,
              "x2": 561,
              "y2": 140
            }
          ]
        },
        "52": {
          "que": 52,
          "type": "mcq",
          "options": 4,
          "marks": {
            "cm": 3,
            "im": -1
          },
          "pdfData": [
            {
              "page": 9,
              "x1": 23,
              "y1": 140,
              "x2": 561,
              "y2": 204
            }
          ]
        },
        "53": {
          "que": 53,
          "type": "mcq",
          "options": 4,
          "marks": {
            "cm": 3,
            "im": -1
          },
          "pdfData": [
            {
              "page": 9,
              "x1": 23,
              "y1": 204,
              "x2": 561,
              "y2": 332
            }
          ]
        },
        "54": {
          "que": 54,
          "type": "mcq",
          "options": 4,
          "marks": {
            "cm": 3,
            "im": -1
          },
          "pdfData": [
            {
              "page": 9,
              "x1": 23,
              "y1": 332,
              "x2": 561,
              "y2": 457
            }
          ]
        },
        "55": {
          "que": 55,
          "type": "mcq",
          "options": 4,
          "marks": {
            "cm": 3,
            "im": -1
          },
          "pdfData": [
            {
              "page": 9,
              "x1": 23,
              "y1": 457,
              "x2": 561,
              "y2": 514
            }
          ]
        },
        "56": {
          "que": 56,
          "type": "mcq",
          "options": 4,
          "marks": {
            "cm": 3,
            "im": -1
          },
          "pdfData": [
            {
              "page": 9,
              "x1": 23,
              "y1": 514,
              "x2": 561,
              "y2": 564
            }
          ]
        },
        "57": {
          "que": 57,
          "type": "mcq",
          "options": 4,
          "marks": {
            "cm": 3,
            "im": -1
          },
          "pdfData": [
            {
              "page": 9,
              "x1": 23,
              "y1": 564,
              "x2": 561,
              "y2": 692
            }
          ]
        },
        "58": {
          "que": 58,
          "type": "mcq",
          "options": 4,
          "marks": {
            "cm": 3,
            "im": -1
          },
          "pdfData": [
            {
              "page": 9,
              "x1": 23,
              "y1": 692,
              "x2": 561,
              "y2": 732
            }
          ]
        },
        "59": {
          "que": 59,
          "type": "mcq",
          "options": 4,
          "marks": {
            "cm": 3,
            "im": -1
          },
          "pdfData": [
            {
              "page": 10,
              "x1": 23,
              "y1": 52,
              "x2": 561,
              "y2": 167
            }
          ]
        },
        "60": {
          "que": 60,
          "type": "mcq",
          "options": 4,
          "marks": {
            "cm": 3,
            "im": -1
          },
          "pdfData": [
            {
              "page": 10,
              "x1": 23,
              "y1": 167,
              "x2": 561,
              "y2": 211
            }
          ]
        }
      }
    },
    "English": {
      "English": {
        "61": {
          "que": 61,
          "type": "mcq",
          "options": 4,
          "marks": {
            "cm": 3,
            "im": -1
          },
          "pdfData": [
            {
              "page": 11,
              "x1": 23,
              "y1": 133,
              "x2": 561,
              "y2": 404
            }
          ]
        },
        "62": {
          "que": 62,
          "type": "mcq",
          "options": 4,
          "marks": {
            "cm": 3,
            "im": -1
          },
          "pdfData": [
            {
              "page": 11,
              "x1": 23,
              "y1": 404,
              "x2": 561,
              "y2": 677
            }
          ]
        },
        "63": {
          "que": 63,
          "type": "mcq",
          "options": 4,
          "marks": {
            "cm": 3,
            "im": -1
          },
          "pdfData": [
            {
              "page": 11,
              "x1": 23,
              "y1": 677,
              "x2": 561,
              "y2": 741
            }
          ]
        },
        "64": {
          "que": 64,
          "type": "mcq",
          "options": 4,
          "marks": {
            "cm": 3,
            "im": -1
          },
          "pdfData": [
            {
              "page": 12,
              "x1": 23,
              "y1": 52,
              "x2": 561,
              "y2": 140
            }
          ]
        },
        "65": {
          "que": 65,
          "type": "mcq",
          "options": 4,
          "marks": {
            "cm": 3,
            "im": -1
          },
          "pdfData": [
            {
              "page": 12,
              "x1": 23,
              "y1": 140,
              "x2": 561,
              "y2": 206
            }
          ]
        },
        "66": {
          "que": 66,
          "type": "mcq",
          "options": 4,
          "marks": {
            "cm": 3,
            "im": -1
          },
          "pdfData": [
            {
              "page": 12,
              "x1": 23,
              "y1": 206,
              "x2": 561,
              "y2": 252
            }
          ]
        },
        "67": {
          "que": 67,
          "type": "mcq",
          "options": 4,
          "marks": {
            "cm": 3,
            "im": -1
          },
          "pdfData": [
            {
              "page": 12,
              "x1": 23,
              "y1": 252,
              "x2": 561,
              "y2": 306
            }
          ]
        },
        "68": {
          "que": 68,
          "type": "mcq",
          "options": 4,
          "marks": {
            "cm": 3,
            "im": -1
          },
          "pdfData": [
            {
              "page": 12,
              "x1": 23,
              "y1": 306,
              "x2": 561,
              "y2": 365
            }
          ]
        },
        "69": {
          "que": 69,
          "type": "mcq",
          "options": 4,
          "marks": {
            "cm": 3,
            "im": -1
          },
          "pdfData": [
            {
              "page": 12,
              "x1": 23,
              "y1": 365,
              "x2": 561,
              "y2": 506
            }
          ]
        },
        "70": {
          "que": 70,
          "type": "mcq",
          "options": 4,
          "marks": {
            "cm": 3,
            "im": -1
          },
          "pdfData": [
            {
              "page": 12,
              "x1": 23,
              "y1": 506,
              "x2": 561,
              "y2": 583
            }
          ]
        }
      }
    },
    "Logical Reasoning": {
      "Logical Reasoning": {
        "71": {
          "que": 71,
          "type": "mcq",
          "options": 4,
          "marks": {
            "cm": 3,
            "im": -1
          },
          "pdfData": [
            {
              "page": 13,
              "x1": 23,
              "y1": 134,
              "x2": 561,
              "y2": 217
            }
          ]
        },
        "72": {
          "que": 72,
          "type": "mcq",
          "options": 4,
          "marks": {
            "cm": 3,
            "im": -1
          },
          "pdfData": [
            {
              "page": 13,
              "x1": 23,
              "y1": 217,
              "x2": 561,
              "y2": 275
            }
          ]
        },
        "73": {
          "que": 73,
          "type": "mcq",
          "options": 4,
          "marks": {
            "cm": 3,
            "im": -1
          },
          "pdfData": [
            {
              "page": 13,
              "x1": 23,
              "y1": 275,
              "x2": 561,
              "y2": 326
            }
          ]
        },
        "74": {
          "que": 74,
          "type": "mcq",
          "options": 4,
          "marks": {
            "cm": 3,
            "im": -1
          },
          "pdfData": [
            {
              "page": 13,
              "x1": 23,
              "y1": 326,
              "x2": 561,
              "y2": 388
            }
          ]
        },
        "75": {
          "que": 75,
          "type": "mcq",
          "options": 4,
          "marks": {
            "cm": 3,
            "im": -1
          },
          "pdfData": [
            {
              "page": 13,
              "x1": 23,
              "y1": 388,
              "x2": 561,
              "y2": 440
            }
          ]
        },
        "76": {
          "que": 76,
          "type": "mcq",
          "options": 4,
          "marks": {
            "cm": 3,
            "im": -1
          },
          "pdfData": [
            {
              "page": 13,
              "x1": 23,
              "y1": 440,
              "x2": 561,
              "y2": 500
            }
          ]
        },
        "77": {
          "que": 77,
          "type": "mcq",
          "options": 4,
          "marks": {
            "cm": 3,
            "im": -1
          },
          "pdfData": [
            {
              "page": 13,
              "x1": 23,
              "y1": 500,
              "x2": 561,
              "y2": 555
            }
          ]
        },
        "78": {
          "que": 78,
          "type": "mcq",
          "options": 4,
          "marks": {
            "cm": 3,
            "im": -1
          },
          "pdfData": [
            {
              "page": 13,
              "x1": 23,
              "y1": 555,
              "x2": 561,
              "y2": 615
            }
          ]
        },
        "79": {
          "que": 79,
          "type": "mcq",
          "options": 4,
          "marks": {
            "cm": 3,
            "im": -1
          },
          "pdfData": [
            {
              "page": 13,
              "x1": 23,
              "y1": 615,
              "x2": 561,
              "y2": 756
            }
          ]
        },
        "80": {
          "que": 80,
          "type": "mcq",
          "options": 4,
          "marks": {
            "cm": 3,
            "im": -1
          },
          "pdfData": [
            {
              "page": 14,
              "x1": 23,
              "y1": 54,
              "x2": 561,
              "y2": 168
            }
          ]
        },
        "81": {
          "que": 81,
          "type": "mcq",
          "options": 4,
          "marks": {
            "cm": 3,
            "im": -1
          },
          "pdfData": [
            {
              "page": 14,
              "x1": 23,
              "y1": 168,
              "x2": 561,
              "y2": 241
            }
          ]
        },
        "82": {
          "que": 82,
          "type": "mcq",
          "options": 4,
          "marks": {
            "cm": 3,
            "im": -1
          },
          "pdfData": [
            {
              "page": 14,
              "x1": 23,
              "y1": 241,
              "x2": 561,
              "y2": 298
            }
          ]
        },
        "83": {
          "que": 83,
          "type": "mcq",
          "options": 4,
          "marks": {
            "cm": 3,
            "im": -1
          },
          "pdfData": [
            {
              "page": 14,
              "x1": 23,
              "y1": 298,
              "x2": 561,
              "y2": 504
            }
          ]
        },
        "84": {
          "que": 84,
          "type": "mcq",
          "options": 4,
          "marks": {
            "cm": 3,
            "im": -1
          },
          "pdfData": [
            {
              "page": 14,
              "x1": 23,
              "y1": 504,
              "x2": 561,
              "y2": 676
            }
          ]
        },
        "85": {
          "que": 85,
          "type": "mcq",
          "options": 4,
          "marks": {
            "cm": 3,
            "im": -1
          },
          "pdfData": [
            {
              "page": 14,
              "x1": 23,
              "y1": 676,
              "x2": 561,
              "y2": 734
            }
          ]
        },
        "86": {
          "que": 86,
          "type": "mcq",
          "options": 4,
          "marks": {
            "cm": 3,
            "im": -1
          },
          "pdfData": [
            {
              "page": 14,
              "x1": 23,
              "y1": 734,
              "x2": 561,
              "y2": 772
            }
          ]
        },
        "87": {
          "que": 87,
          "type": "mcq",
          "options": 4,
          "marks": {
            "cm": 3,
            "im": -1
          },
          "pdfData": [
            {
              "page": 15,
              "x1": 23,
              "y1": 57,
              "x2": 561,
              "y2": 108
            }
          ]
        },
        "88": {
          "que": 88,
          "type": "mcq",
          "options": 4,
          "marks": {
            "cm": 3,
            "im": -1
          },
          "pdfData": [
            {
              "page": 15,
              "x1": 23,
              "y1": 108,
              "x2": 561,
              "y2": 181
            }
          ]
        },
        "89": {
          "que": 89,
          "type": "mcq",
          "options": 4,
          "marks": {
            "cm": 3,
            "im": -1
          },
          "pdfData": [
            {
              "page": 15,
              "x1": 23,
              "y1": 181,
              "x2": 561,
              "y2": 338
            }
          ]
        },
        "90": {
          "que": 90,
          "type": "mcq",
          "options": 4,
          "marks": {
            "cm": 3,
            "im": -1
          },
          "pdfData": [
            {
              "page": 15,
              "x1": 23,
              "y1": 338,
              "x2": 561,
              "y2": 483
            }
          ]
        }
      }
    },
    "Maths": {
      "Maths": {
        "91": {
          "que": 91,
          "type": "mcq",
          "options": 4,
          "marks": {
            "cm": 3,
            "im": -1
          },
          "pdfData": [
            {
              "page": 16,
              "x1": 23,
              "y1": 132,
              "x2": 561,
              "y2": 222
            }
          ]
        },
        "92": {
          "que": 92,
          "type": "mcq",
          "options": 4,
          "marks": {
            "cm": 3,
            "im": -1
          },
          "pdfData": [
            {
              "page": 16,
              "x1": 23,
              "y1": 222,
              "x2": 561,
              "y2": 293
            }
          ]
        },
        "93": {
          "que": 93,
          "type": "mcq",
          "options": 4,
          "marks": {
            "cm": 3,
            "im": -1
          },
          "pdfData": [
            {
              "page": 16,
              "x1": 23,
              "y1": 293,
              "x2": 561,
              "y2": 383
            }
          ]
        },
        "94": {
          "que": 94,
          "type": "mcq",
          "options": 4,
          "marks": {
            "cm": 3,
            "im": -1
          },
          "pdfData": [
            {
              "page": 16,
              "x1": 23,
              "y1": 383,
              "x2": 561,
              "y2": 469
            }
          ]
        },
        "95": {
          "que": 95,
          "type": "mcq",
          "options": 4,
          "marks": {
            "cm": 3,
            "im": -1
          },
          "pdfData": [
            {
              "page": 16,
              "x1": 23,
              "y1": 469,
              "x2": 561,
              "y2": 524
            }
          ]
        },
        "96": {
          "que": 96,
          "type": "mcq",
          "options": 4,
          "marks": {
            "cm": 3,
            "im": -1
          },
          "pdfData": [
            {
              "page": 16,
              "x1": 23,
              "y1": 524,
              "x2": 561,
              "y2": 597
            }
          ]
        },
        "97": {
          "que": 97,
          "type": "mcq",
          "options": 4,
          "marks": {
            "cm": 3,
            "im": -1
          },
          "pdfData": [
            {
              "page": 16,
              "x1": 23,
              "y1": 597,
              "x2": 561,
              "y2": 684
            }
          ]
        },
        "98": {
          "que": 98,
          "type": "mcq",
          "options": 4,
          "marks": {
            "cm": 3,
            "im": -1
          },
          "pdfData": [
            {
              "page": 16,
              "x1": 23,
              "y1": 684,
              "x2": 561,
              "y2": 755
            }
          ]
        },
        "99": {
          "que": 99,
          "type": "mcq",
          "options": 4,
          "marks": {
            "cm": 3,
            "im": -1
          },
          "pdfData": [
            {
              "page": 17,
              "x1": 23,
              "y1": 58,
              "x2": 561,
              "y2": 126
            }
          ]
        },
        "100": {
          "que": 100,
          "type": "mcq",
          "options": 4,
          "marks": {
            "cm": 3,
            "im": -1
          },
          "pdfData": [
            {
              "page": 17,
              "x1": 23,
              "y1": 126,
              "x2": 561,
              "y2": 184
            }
          ]
        },
        "101": {
          "que": 101,
          "type": "mcq",
          "options": 4,
          "marks": {
            "cm": 3,
            "im": -1
          },
          "pdfData": [
            {
              "page": 17,
              "x1": 23,
              "y1": 184,
              "x2": 561,
              "y2": 257
            }
          ]
        },
        "102": {
          "que": 102,
          "type": "mcq",
          "options": 4,
          "marks": {
            "cm": 3,
            "im": -1
          },
          "pdfData": [
            {
              "page": 17,
              "x1": 23,
              "y1": 257,
              "x2": 561,
              "y2": 349
            }
          ]
        },
        "103": {
          "que": 103,
          "type": "mcq",
          "options": 4,
          "marks": {
            "cm": 3,
            "im": -1
          },
          "pdfData": [
            {
              "page": 17,
              "x1": 23,
              "y1": 349,
              "x2": 561,
              "y2": 388
            }
          ]
        },
        "104": {
          "que": 104,
          "type": "mcq",
          "options": 4,
          "marks": {
            "cm": 3,
            "im": -1
          },
          "pdfData": [
            {
              "page": 17,
              "x1": 23,
              "y1": 388,
              "x2": 561,
              "y2": 463
            }
          ]
        },
        "105": {
          "que": 105,
          "type": "mcq",
          "options": 4,
          "marks": {
            "cm": 3,
            "im": -1
          },
          "pdfData": [
            {
              "page": 17,
              "x1": 23,
              "y1": 463,
              "x2": 561,
              "y2": 533
            }
          ]
        },
        "106": {
          "que": 106,
          "type": "mcq",
          "options": 4,
          "marks": {
            "cm": 3,
            "im": -1
          },
          "pdfData": [
            {
              "page": 17,
              "x1": 23,
              "y1": 533,
              "x2": 561,
              "y2": 625
            }
          ]
        },
        "107": {
          "que": 107,
          "type": "mcq",
          "options": 4,
          "marks": {
            "cm": 3,
            "im": -1
          },
          "pdfData": [
            {
              "page": 17,
              "x1": 23,
              "y1": 625,
              "x2": 561,
              "y2": 690
            }
          ]
        },
        "108": {
          "que": 108,
          "type": "mcq",
          "options": 4,
          "marks": {
            "cm": 3,
            "im": -1
          },
          "pdfData": [
            {
              "page": 17,
              "x1": 23,
              "y1": 690,
              "x2": 561,
              "y2": 748
            }
          ]
        },
        "109": {
          "que": 109,
          "type": "mcq",
          "options": 4,
          "marks": {
            "cm": 3,
            "im": -1
          },
          "pdfData": [
            {
              "page": 18,
              "x1": 23,
              "y1": 51,
              "x2": 561,
              "y2": 142
            }
          ]
        },
        "110": {
          "que": 110,
          "type": "mcq",
          "options": 4,
          "marks": {
            "cm": 3,
            "im": -1
          },
          "pdfData": [
            {
              "page": 18,
              "x1": 23,
              "y1": 142,
              "x2": 561,
              "y2": 229
            }
          ]
        },
        "111": {
          "que": 111,
          "type": "mcq",
          "options": 4,
          "marks": {
            "cm": 3,
            "im": -1
          },
          "pdfData": [
            {
              "page": 18,
              "x1": 23,
              "y1": 229,
              "x2": 561,
              "y2": 300
            }
          ]
        },
        "112": {
          "que": 112,
          "type": "mcq",
          "options": 4,
          "marks": {
            "cm": 3,
            "im": -1
          },
          "pdfData": [
            {
              "page": 18,
              "x1": 23,
              "y1": 300,
              "x2": 561,
              "y2": 356
            }
          ]
        },
        "113": {
          "que": 113,
          "type": "mcq",
          "options": 4,
          "marks": {
            "cm": 3,
            "im": -1
          },
          "pdfData": [
            {
              "page": 18,
              "x1": 23,
              "y1": 356,
              "x2": 561,
              "y2": 429
            }
          ]
        },
        "114": {
          "que": 114,
          "type": "mcq",
          "options": 4,
          "marks": {
            "cm": 3,
            "im": -1
          },
          "pdfData": [
            {
              "page": 18,
              "x1": 23,
              "y1": 429,
              "x2": 561,
              "y2": 593
            }
          ]
        },
        "115": {
          "que": 115,
          "type": "mcq",
          "options": 4,
          "marks": {
            "cm": 3,
            "im": -1
          },
          "pdfData": [
            {
              "page": 18,
              "x1": 23,
              "y1": 593,
              "x2": 561,
              "y2": 666
            }
          ]
        },
        "116": {
          "que": 116,
          "type": "mcq",
          "options": 4,
          "marks": {
            "cm": 3,
            "im": -1
          },
          "pdfData": [
            {
              "page": 18,
              "x1": 23,
              "y1": 666,
              "x2": 561,
              "y2": 711
            }
          ]
        },
        "117": {
          "que": 117,
          "type": "mcq",
          "options": 4,
          "marks": {
            "cm": 3,
            "im": -1
          },
          "pdfData": [
            {
              "page": 18,
              "x1": 23,
              "y1": 711,
              "x2": 561,
              "y2": 788
            }
          ]
        },
        "118": {
          "que": 118,
          "type": "mcq",
          "options": 4,
          "marks": {
            "cm": 3,
            "im": -1
          },
          "pdfData": [
            {
              "page": 19,
              "x1": 23,
              "y1": 57,
              "x2": 561,
              "y2": 106
            }
          ]
        },
        "119": {
          "que": 119,
          "type": "mcq",
          "options": 4,
          "marks": {
            "cm": 3,
            "im": -1
          },
          "pdfData": [
            {
              "page": 19,
              "x1": 23,
              "y1": 106,
              "x2": 561,
              "y2": 175
            }
          ]
        },
        "120": {
          "que": 120,
          "type": "mcq",
          "options": 4,
          "marks": {
            "cm": 3,
            "im": -1
          },
          "pdfData": [
            {
              "page": 19,
              "x1": 23,
              "y1": 175,
              "x2": 561,
              "y2": 244
            }
          ]
        },
        "121": {
          "que": 121,
          "type": "mcq",
          "options": 4,
          "marks": {
            "cm": 3,
            "im": -1
          },
          "pdfData": [
            {
              "page": 19,
              "x1": 23,
              "y1": 244,
              "x2": 561,
              "y2": 337
            }
          ]
        },
        "122": {
          "que": 122,
          "type": "mcq",
          "options": 4,
          "marks": {
            "cm": 3,
            "im": -1
          },
          "pdfData": [
            {
              "page": 19,
              "x1": 23,
              "y1": 337,
              "x2": 561,
              "y2": 453
            }
          ]
        },
        "123": {
          "que": 123,
          "type": "mcq",
          "options": 4,
          "marks": {
            "cm": 3,
            "im": -1
          },
          "pdfData": [
            {
              "page": 19,
              "x1": 23,
              "y1": 453,
              "x2": 561,
              "y2": 523
            }
          ]
        },
        "124": {
          "que": 124,
          "type": "mcq",
          "options": 4,
          "marks": {
            "cm": 3,
            "im": -1
          },
          "pdfData": [
            {
              "page": 19,
              "x1": 23,
              "y1": 523,
              "x2": 561,
              "y2": 664
            }
          ]
        },
        "125": {
          "que": 125,
          "type": "mcq",
          "options": 4,
          "marks": {
            "cm": 3,
            "im": -1
          },
          "pdfData": [
            {
              "page": 19,
              "x1": 23,
              "y1": 664,
              "x2": 561,
              "y2": 764
            }
          ]
        },
        "126": {
          "que": 126,
          "type": "mcq",
          "options": 4,
          "marks": {
            "cm": 3,
            "im": -1
          },
          "pdfData": [
            {
              "page": 20,
              "x1": 23,
              "y1": 55,
              "x2": 561,
              "y2": 206
            }
          ]
        },
        "127": {
          "que": 127,
          "type": "mcq",
          "options": 4,
          "marks": {
            "cm": 3,
            "im": -1
          },
          "pdfData": [
            {
              "page": 20,
              "x1": 23,
              "y1": 206,
              "x2": 561,
              "y2": 300
            }
          ]
        },
        "128": {
          "que": 128,
          "type": "mcq",
          "options": 4,
          "marks": {
            "cm": 3,
            "im": -1
          },
          "pdfData": [
            {
              "page": 20,
              "x1": 23,
              "y1": 300,
              "x2": 561,
              "y2": 357
            }
          ]
        },
        "129": {
          "que": 129,
          "type": "mcq",
          "options": 4,
          "marks": {
            "cm": 3,
            "im": -1
          },
          "pdfData": [
            {
              "page": 20,
              "x1": 23,
              "y1": 357,
              "x2": 561,
              "y2": 428
            }
          ]
        },
        "130": {
          "que": 130,
          "type": "mcq",
          "options": 4,
          "marks": {
            "cm": 3,
            "im": -1
          },
          "pdfData": [
            {
              "page": 20,
              "x1": 23,
              "y1": 428,
              "x2": 561,
              "y2": 484
            }
          ]
        }
      }
    }
  },
  "pdfFileHash": "69761a721799ddb9d5c4191855160f0ebe6bc857600f522f330a8aa65a901a43",
  "testAnswerKey": {
    "Physics": {
      "Physics": {
        "1": [
          4
        ],
        "2": [
          4
        ],
        "3": [
          3
        ],
        "4": [
          1
        ],
        "5": [
          1
        ],
        "6": [
          3
        ],
        "7": [
          3
        ],
        "8": [
          1
        ],
        "9": [
          2
        ],
        "10": [
          1
        ],
        "11": [
          3
        ],
        "12": [
          3
        ],
        "13": [
          3
        ],
        "14": [
          1
        ],
        "15": [
          1
        ],
        "16": [
          2
        ],
        "17": [
          2
        ],
        "18": [
          4
        ],
        "19": [
          3
        ],
        "20": [
          1
        ],
        "21": [
          2
        ],
        "22": [
          1
        ],
        "23": [
          2
        ],
        "24": [
          4
        ],
        "25": [
          3
        ],
        "26": [
          1
        ],
        "27": [
          1
        ],
        "28": [
          1
        ],
        "29": [
          2
        ],
        "30": [
          1
        ]
      }
    },
    "Chemistry": {
      "Chemistry": {
        "31": [
          3
        ],
        "32": [
          2
        ],
        "33": [
          4
        ],
        "34": [
          1
        ],
        "35": [
          3
        ],
        "36": [
          1
        ],
        "37": [
          1
        ],
        "38": [
          3
        ],
        "39": [
          1
        ],
        "40": [
          2
        ],
        "41": [
          3
        ],
        "42": [
          2
        ],
        "43": [
          2
        ],
        "44": [
          4
        ],
        "45": [
          4
        ],
        "46": [
          2
        ],
        "47": [
          1
        ],
        "48": [
          2
        ],
        "49": [
          4
        ],
        "50": [
          2
        ],
        "51": [
          2
        ],
        "52": [
          4
        ],
        "53": [
          2
        ],
        "54": [
          3
        ],
        "55": [
          4
        ],
        "56": [
          3
        ],
        "57": [
          1
        ],
        "58": [
          3
        ],
        "59": [
          4
        ],
        "60": [
          3
        ]
      }
    },
    "English": {
      "English": {
        "61": [
          1
        ],
        "62": [
          3
        ],
        "63": [
          1
        ],
        "64": [
          1
        ],
        "65": [
          3
        ],
        "66": [
          2
        ],
        "67": [
          3
        ],
        "68": [
          1
        ],
        "69": [
          3
        ],
        "70": [
          2
        ]
      }
    },
    "Logical Reasoning": {
      "Logical Reasoning": {
        "71": [
          2
        ],
        "72": [
          1
        ],
        "73": [
          1
        ],
        "74": [
          2
        ],
        "75": [
          4
        ],
        "76": [
          3
        ],
        "77": [
          4
        ],
        "78": [
          4
        ],
        "79": [
          3
        ],
        "80": [
          3
        ],
        "81": [
          3
        ],
        "82": [
          1
        ],
        "83": [
          4
        ],
        "84": [
          1
        ],
        "85": [
          2
        ],
        "86": [
          4
        ],
        "87": [
          3
        ],
        "88": [
          3
        ],
        "89": [
          4
        ],
        "90": [
          2
        ]
      }
    },
    "Maths": {
      "Maths": {
        "91": [
          3
        ],
        "92": [
          1
        ],
        "93": [
          4
        ],
        "94": [
          2
        ],
        "95": [
          4
        ],
        "96": [
          4
        ],
        "97": [
          3
        ],
        "98": [
          1
        ],
        "99": [
          4
        ],
        "100": [
          2
        ],
        "101": [
          3
        ],
        "102": [
          1
        ],
        "103": [
          1
        ],
        "104": [
          2
        ],
        "105": [
          1
        ],
        "106": [
          2
        ],
        "107": [
          3
        ],
        "108": [
          1
        ],
        "109": [
          2
        ],
        "110": [
          2
        ],
        "111": [
          1
        ],
        "112": [
          3
        ],
        "113": [
          2
        ],
        "114": [
          2
        ],
        "115": [
          3
        ],
        "116": [
          2
        ],
        "117": [
          4
        ],
        "118": [
          2
        ],
        "119": [
          1
        ],
        "120": [
          1
        ],
        "121": [
          1
        ],
        "122": [
          4
        ],
        "123": [
          3
        ],
        "124": [
          4
        ],
        "125": [
          1
        ],
        "126": [
          3
        ],
        "127": [
          2
        ],
        "128": [
          3
        ],
        "129": [
          4
        ],
        "130": [
          4
        ]
      }
    }
  }
}