{
  "pdfCropperData": {
    "Maths": {
      "M-MCQ": {
        "1": {
          "que": 1,
          "type": "mcq",
          "marks": {
            "cm": 4,
            "im": -1
          },
          "pdfData": [
            {
              "x1": 27.933349609375,
              "x2": 565,
              "y1": 102.90000915527344,
              "y2": 280.45001220703125,
              "page": 1
            }
          ],
          "answerOptions": "4"
        },
        "2": {
          "que": 2,
          "type": "mcq",
          "marks": {
            "cm": 4,
            "im": -1
          },
          "pdfData": [
            {
              "x1": 27.933349609375,
              "x2": 565,
              "y1": 331.683349609375,
              "y2": 502.1666564941406,
              "page": 1
            }
          ],
          "answerOptions": "4"
        },
        "3": {
          "que": 3,
          "type": "mcq",
          "marks": {
            "cm": 4,
            "im": -1
          },
          "pdfData": [
            {
              "x1": 27.933349609375,
              "x2": 565,
              "y1": 550.7500305175781,
              "y2": 745.9666442871094,
              "page": 1
            }
          ],
          "answerOptions": "4"
        },
        "4": {
          "que": 4,
          "type": "mcq",
          "marks": {
            "cm": 4,
            "im": -1
          },
          "pdfData": [
            {
              "x1": 27.933349609375,
              "x2": 565,
              "y1": 102.90000915527344,
              "y2": 290.16668701171875,
              "page": 2
            }
          ],
          "answerOptions": "4"
        },
        "5": {
          "que": 5,
          "type": "mcq",
          "marks": {
            "cm": 4,
            "im": -1
          },
          "pdfData": [
            {
              "x1": 27.933349609375,
              "x2": 565,
              "y1": 332.5666809082031,
              "y2": 509.2333679199219,
              "page": 2
            }
          ],
          "answerOptions": "4"
        },
        "6": {
          "que": 6,
          "type": "mcq",
          "marks": {
            "cm": 4,
            "im": -1
          },
          "pdfData": [
            {
              "x1": 27.933349609375,
              "x2": 565,
              "y1": 553.3999938964844,
              "y2": 713.2833557128906,
              "page": 2
            }
          ],
          "answerOptions": "4"
        },
        "7": {
          "que": 7,
          "type": "mcq",
          "marks": {
            "cm": 4,
            "im": -1
          },
          "pdfData": [
            {
              "x1": 27.933349609375,
              "x2": 565,
              "y1": 78.16667175292969,
              "y2": 230.98333740234375,
              "page": 3
            }
          ],
          "answerOptions": "4"
        },
        "8": {
          "que": 8,
          "type": "mcq",
          "marks": {
            "cm": 4,
            "im": -1
          },
          "pdfData": [
            {
              "x1": 27.933349609375,
              "x2": 565,
              "y1": 274.26666259765625,
              "y2": 409.41668701171875,
              "page": 3
            }
          ],
          "answerOptions": "4"
        },
        "9": {
          "que": 9,
          "type": "mcq",
          "marks": {
            "cm": 4,
            "im": -1
          },
          "pdfData": [
            {
              "x1": 27.933349609375,
              "x2": 565,
              "y1": 459.7666931152344,
              "y2": 634.6666564941406,
              "page": 3
            }
          ],
          "answerOptions": "4"
        },
        "10": {
          "que": 10,
          "type": "mcq",
          "marks": {
            "cm": 4,
            "im": -1
          },
          "pdfData": [
            {
              "x1": 27.933349609375,
              "x2": 565,
              "y1": 685.8999938964844,
              "y2": 767.1666564941406,
              "page": 3
            },
            {
              "x1": 27.933349609375,
              "x2": 565,
              "y1": 78.16667175292969,
              "y2": 151.48333740234375,
              "page": 4
            }
          ],
          "answerOptions": "4"
        },
        "11": {
          "que": 11,
          "type": "mcq",
          "marks": {
            "cm": 4,
            "im": -1
          },
          "pdfData": [
            {
              "x1": 27.933349609375,
              "x2": 565,
              "y1": 198.30001831054688,
              "y2": 327.26666259765625,
              "page": 4
            }
          ],
          "answerOptions": "4"
        },
        "12": {
          "que": 12,
          "type": "mcq",
          "marks": {
            "cm": 4,
            "im": -1
          },
          "pdfData": [
            {
              "x1": 27.933349609375,
              "x2": 565,
              "y1": 374.0833435058594,
              "y2": 529.5500183105469,
              "page": 4
            }
          ],
          "answerOptions": "4"
        },
        "13": {
          "que": 13,
          "type": "mcq",
          "marks": {
            "cm": 4,
            "im": -1
          },
          "pdfData": [
            {
              "x1": 27.933349609375,
              "x2": 565,
              "y1": 574.6000061035156,
              "y2": 754.8000183105469,
              "page": 4
            }
          ],
          "answerOptions": "4"
        },
        "14": {
          "que": 14,
          "type": "mcq",
          "marks": {
            "cm": 4,
            "im": -1
          },
          "pdfData": [
            {
              "x1": 27.933349609375,
              "x2": 565,
              "y1": 104.66667175292969,
              "y2": 263.66668701171875,
              "page": 5
            }
          ],
          "answerOptions": "4"
        },
        "15": {
          "que": 15,
          "type": "mcq",
          "marks": {
            "cm": 4,
            "im": -1
          },
          "pdfData": [
            {
              "x1": 27.933349609375,
              "x2": 565,
              "y1": 319.3166809082031,
              "y2": 448.2833557128906,
              "page": 5
            }
          ],
          "answerOptions": "4"
        },
        "16": {
          "que": 16,
          "type": "mcq",
          "marks": {
            "cm": 4,
            "im": -1
          },
          "pdfData": [
            {
              "x1": 27.933349609375,
              "x2": 565,
              "y1": 503.0500183105469,
              "y2": 675.3000183105469,
              "page": 5
            }
          ],
          "answerOptions": "4"
        },
        "17": {
          "que": 17,
          "type": "mcq",
          "marks": {
            "cm": 4,
            "im": -1
          },
          "pdfData": [
            {
              "x1": 27.933349609375,
              "x2": 565,
              "y1": 79.05000305175781,
              "y2": 229.2166748046875,
              "page": 6
            }
          ],
          "answerOptions": "4"
        },
        "18": {
          "que": 18,
          "type": "mcq",
          "marks": {
            "cm": 4,
            "im": -1
          },
          "pdfData": [
            {
              "x1": 27.933349609375,
              "x2": 565,
              "y1": 278.683349609375,
              "y2": 453.5833435058594,
              "page": 6
            }
          ],
          "answerOptions": "4"
        },
        "19": {
          "que": 19,
          "type": "mcq",
          "marks": {
            "cm": 4,
            "im": -1
          },
          "pdfData": [
            {
              "x1": 27.933349609375,
              "x2": 565,
              "y1": 502.1666564941406,
              "y2": 660.2833557128906,
              "page": 6
            }
          ],
          "answerOptions": "4"
        },
        "20": {
          "que": 20,
          "type": "mcq",
          "marks": {
            "cm": 4,
            "im": -1
          },
          "pdfData": [
            {
              "x1": 27.933349609375,
              "x2": 565,
              "y1": 699.1499938964844,
              "y2": 750.3833312988281,
              "page": 6
            },
            {
              "x1": 27.933349609375,
              "x2": 565,
              "y1": 80.81666564941406,
              "y2": 171.8000030517578,
              "page": 7
            }
          ],
          "answerOptions": "4"
        }
      },
      "M-NUM": {
        "21": {
          "que": 21,
          "type": "nat",
          "marks": {
            "cm": 4,
            "im": -1
          },
          "pdfData": [
            {
              "x1": 27.933349609375,
              "x2": 565,
              "y1": 223.91668701171875,
              "y2": 269.8500061035156,
              "page": 7
            }
          ]
        },
        "22": {
          "que": 22,
          "type": "nat",
          "marks": {
            "cm": 4,
            "im": -1
          },
          "pdfData": [
            {
              "x1": 27.933349609375,
              "x2": 565,
              "y1": 323.73333740234375,
              "y2": 374.9666748046875,
              "page": 7
            }
          ]
        },
        "23": {
          "que": 23,
          "type": "nat",
          "marks": {
            "cm": 4,
            "im": -1
          },
          "pdfData": [
            {
              "x1": 27.933349609375,
              "x2": 565,
              "y1": 421.7833251953125,
              "y2": 495.1000061035156,
              "page": 7
            }
          ]
        },
        "24": {
          "que": 24,
          "type": "nat",
          "marks": {
            "cm": 4,
            "im": -1
          },
          "pdfData": [
            {
              "x1": 27.933349609375,
              "x2": 565,
              "y1": 544.5666809082031,
              "y2": 616.1166687011719,
              "page": 7
            }
          ]
        },
        "25": {
          "que": 25,
          "type": "nat",
          "marks": {
            "cm": 4,
            "im": -1
          },
          "pdfData": [
            {
              "x1": 27.933349609375,
              "x2": 565,
              "y1": 664.6999816894531,
              "y2": 723.0000305175781,
              "page": 7
            }
          ]
        }
      }
    },
    "Physics": {
      "P-MCQ": {
        "26": {
          "que": 26,
          "type": "mcq",
          "marks": {
            "cm": 4,
            "im": -1
          },
          "pdfData": [
            {
              "x1": 27.933349609375,
              "x2": 565,
              "y1": 82.58334350585938,
              "y2": 574.6000061035156,
              "page": 8
            }
          ],
          "answerOptions": "4"
        },
        "27": {
          "que": 27,
          "type": "mcq",
          "marks": {
            "cm": 4,
            "im": -1
          },
          "pdfData": [
            {
              "x1": 27.933349609375,
              "x2": 565,
              "y1": 639.9666442871094,
              "y2": 760.1000061035156,
              "page": 8
            },
            {
              "x1": 27.933349609375,
              "x2": 565,
              "y1": 83.4666748046875,
              "y2": 147.06666564941406,
              "page": 9
            }
          ],
          "answerOptions": "4"
        },
        "28": {
          "que": 28,
          "type": "mcq",
          "marks": {
            "cm": 4,
            "im": -1
          },
          "pdfData": [
            {
              "x1": 27.933349609375,
              "x2": 565,
              "y1": 202.7166748046875,
              "y2": 519.8333435058594,
              "page": 9
            }
          ],
          "answerOptions": "4"
        },
        "29": {
          "que": 29,
          "type": "mcq",
          "marks": {
            "cm": 4,
            "im": -1
          },
          "pdfData": [
            {
              "x1": 27.933349609375,
              "x2": 565,
              "y1": 569.3000183105469,
              "y2": 724.7666931152344,
              "page": 9
            }
          ],
          "answerOptions": "4"
        },
        "30": {
          "que": 30,
          "type": "mcq",
          "marks": {
            "cm": 4,
            "im": -1
          },
          "pdfData": [
            {
              "x1": 27.933349609375,
              "x2": 565,
              "y1": 107.31666564941406,
              "y2": 374.9666748046875,
              "page": 10
            }
          ],
          "answerOptions": "4"
        },
        "31": {
          "que": 31,
          "type": "mcq",
          "marks": {
            "cm": 4,
            "im": -1
          },
          "pdfData": [
            {
              "x1": 27.933349609375,
              "x2": 565,
              "y1": 418.25,
              "y2": 593.1499938964844,
              "page": 10
            }
          ],
          "answerOptions": "4"
        },
        "32": {
          "que": 32,
          "type": "mcq",
          "marks": {
            "cm": 4,
            "im": -1
          },
          "pdfData": [
            {
              "x1": 27.933349609375,
              "x2": 565,
              "y1": 641.7333679199219,
              "y2": 688.5500183105469,
              "page": 10
            },
            {
              "x1": 27.933349609375,
              "x2": 565,
              "y1": 94.06666564941406,
              "y2": 401.4666748046875,
              "page": 11
            }
          ],
          "answerOptions": "4"
        },
        "33": {
          "que": 33,
          "type": "mcq",
          "marks": {
            "cm": 4,
            "im": -1
          },
          "pdfData": [
            {
              "x1": 27.933349609375,
              "x2": 565,
              "y1": 451.8166809082031,
              "y2": 605.5166931152344,
              "page": 11
            }
          ],
          "answerOptions": "4"
        },
        "34": {
          "que": 34,
          "type": "mcq",
          "marks": {
            "cm": 4,
            "im": -1
          },
          "pdfData": [
            {
              "x1": 27.933349609375,
              "x2": 565,
              "y1": 654.1000061035156,
              "y2": 719.4666442871094,
              "page": 11
            },
            {
              "x1": 27.933349609375,
              "x2": 565,
              "y1": 81.70001220703125,
              "y2": 297.23333740234375,
              "page": 12
            }
          ],
          "answerOptions": "4"
        },
        "35": {
          "que": 35,
          "type": "mcq",
          "marks": {
            "cm": 4,
            "im": -1
          },
          "pdfData": [
            {
              "x1": 27.933349609375,
              "x2": 565,
              "y1": 350.23333740234375,
              "y2": 745.9666442871094,
              "page": 12
            },
            {
              "x1": 27.933349609375,
              "x2": 565,
              "y1": 80.81666564941406,
              "y2": 183.2833251953125,
              "page": 13
            }
          ],
          "answerOptions": "4"
        },
        "36": {
          "que": 36,
          "type": "mcq",
          "marks": {
            "cm": 4,
            "im": -1
          },
          "pdfData": [
            {
              "x1": 27.933349609375,
              "x2": 565,
              "y1": 246.88333129882812,
              "y2": 442.9833679199219,
              "page": 13
            }
          ],
          "answerOptions": "4"
        },
        "37": {
          "que": 37,
          "type": "mcq",
          "marks": {
            "cm": 4,
            "im": -1
          },
          "pdfData": [
            {
              "x1": 27.933349609375,
              "x2": 565,
              "y1": 505.6999816894531,
              "y2": 738.8999938964844,
              "page": 13
            },
            {
              "x1": 27.933349609375,
              "x2": 565,
              "y1": 81.70001220703125,
              "y2": 174.45001220703125,
              "page": 14
            }
          ],
          "answerOptions": "4"
        },
        "38": {
          "que": 38,
          "type": "mcq",
          "marks": {
            "cm": 4,
            "im": -1
          },
          "pdfData": [
            {
              "x1": 27.933349609375,
              "x2": 565,
              "y1": 223.0333251953125,
              "y2": 531.3166809082031,
              "page": 14
            }
          ],
          "answerOptions": "4"
        },
        "39": {
          "que": 39,
          "type": "mcq",
          "marks": {
            "cm": 4,
            "im": -1
          },
          "pdfData": [
            {
              "x1": 27.933349609375,
              "x2": 565,
              "y1": 586.9666442871094,
              "y2": 734.4833679199219,
              "page": 14
            }
          ],
          "answerOptions": "4"
        },
        "40": {
          "que": 40,
          "type": "mcq",
          "marks": {
            "cm": 4,
            "im": -1
          },
          "pdfData": [
            {
              "x1": 27.933349609375,
              "x2": 565,
              "y1": 104.66667175292969,
              "y2": 254.83334350585938,
              "page": 15
            }
          ],
          "answerOptions": "4"
        },
        "41": {
          "que": 41,
          "type": "mcq",
          "marks": {
            "cm": 4,
            "im": -1
          },
          "pdfData": [
            {
              "x1": 27.933349609375,
              "x2": 565,
              "y1": 306.0666809082031,
              "y2": 482.7333679199219,
              "page": 15
            }
          ],
          "answerOptions": "4"
        },
        "42": {
          "que": 42,
          "type": "mcq",
          "marks": {
            "cm": 4,
            "im": -1
          },
          "pdfData": [
            {
              "x1": 27.933349609375,
              "x2": 565,
              "y1": 531.3166809082031,
              "y2": 707.1000061035156,
              "page": 15
            }
          ],
          "answerOptions": "4"
        },
        "43": {
          "que": 43,
          "type": "mcq",
          "marks": {
            "cm": 4,
            "im": -1
          },
          "pdfData": [
            {
              "x1": 27.933349609375,
              "x2": 565,
              "y1": 80.81666564941406,
              "y2": 229.2166748046875,
              "page": 16
            }
          ],
          "answerOptions": "4"
        },
        "44": {
          "que": 44,
          "type": "mcq",
          "marks": {
            "cm": 4,
            "im": -1
          },
          "pdfData": [
            {
              "x1": 27.933349609375,
              "x2": 565,
              "y1": 277.8000183105469,
              "y2": 431.5,
              "page": 16
            }
          ],
          "answerOptions": "4"
        },
        "45": {
          "que": 45,
          "type": "mcq",
          "marks": {
            "cm": 4,
            "im": -1
          },
          "pdfData": [
            {
              "x1": 27.933349609375,
              "x2": 565,
              "y1": 476.5500183105469,
              "y2": 651.4499816894531,
              "page": 16
            }
          ],
          "answerOptions": "4"
        }
      },
      "P-NUM": {
        "46": {
          "que": 46,
          "type": "nat",
          "marks": {
            "cm": 4,
            "im": -1
          },
          "pdfData": [
            {
              "x1": 27.933349609375,
              "x2": 565,
              "y1": 703.5666809082031,
              "y2": 750.3833312988281,
              "page": 16
            },
            {
              "x1": 27.933349609375,
              "x2": 565,
              "y1": 79.05000305175781,
              "y2": 266.3166809082031,
              "page": 17
            }
          ]
        },
        "47": {
          "que": 47,
          "type": "nat",
          "marks": {
            "cm": 4,
            "im": -1
          },
          "pdfData": [
            {
              "x1": 27.933349609375,
              "x2": 565,
              "y1": 319.3166809082031,
              "y2": 459.7666931152344,
              "page": 17
            }
          ]
        },
        "48": {
          "que": 48,
          "type": "nat",
          "marks": {
            "cm": 4,
            "im": -1
          },
          "pdfData": [
            {
              "x1": 27.933349609375,
              "x2": 565,
              "y1": 511.0000305175781,
              "y2": 587.8500061035156,
              "page": 17
            }
          ]
        },
        "49": {
          "que": 49,
          "type": "nat",
          "marks": {
            "cm": 4,
            "im": -1
          },
          "pdfData": [
            {
              "x1": 27.933349609375,
              "x2": 565,
              "y1": 636.4333190917969,
              "y2": 732.7166442871094,
              "page": 17
            }
          ]
        },
        "50": {
          "que": 50,
          "type": "nat",
          "marks": {
            "cm": 4,
            "im": -1
          },
          "pdfData": [
            {
              "x1": 27.933349609375,
              "x2": 565,
              "y1": 102.90000915527344,
              "y2": 156.78334045410156,
              "page": 18
            }
          ]
        }
      }
    },
    "Chemistry": {
      "C-MCQ": {
        "51": {
          "que": 51,
          "type": "mcq",
          "marks": {
            "cm": 4,
            "im": -1
          },
          "pdfData": [
            {
              "x1": 27.933349609375,
              "x2": 565,
              "y1": 201.83334350585938,
              "y2": 352,
              "page": 18
            }
          ],
          "answerOptions": "4"
        },
        "52": {
          "que": 52,
          "type": "mcq",
          "marks": {
            "cm": 4,
            "im": -1
          },
          "pdfData": [
            {
              "x1": 27.933349609375,
              "x2": 565,
              "y1": 405.8833312988281,
              "y2": 609.0500183105469,
              "page": 18
            }
          ],
          "answerOptions": "4"
        },
        "53": {
          "que": 53,
          "type": "mcq",
          "marks": {
            "cm": 4,
            "im": -1
          },
          "pdfData": [
            {
              "x1": 27.933349609375,
              "x2": 565,
              "y1": 665.5833435058594,
              "y2": 756.5666809082031,
              "page": 18
            },
            {
              "x1": 27.933349609375,
              "x2": 565,
              "y1": 76.40000915527344,
              "y2": 298.1166687011719,
              "page": 19
            }
          ],
          "answerOptions": "4"
        },
        "54": {
          "que": 54,
          "type": "mcq",
          "marks": {
            "cm": 4,
            "im": -1
          },
          "pdfData": [
            {
              "x1": 27.933349609375,
              "x2": 565,
              "y1": 347.5833435058594,
              "y2": 710.6333312988281,
              "page": 19
            }
          ],
          "answerOptions": "4"
        },
        "55": {
          "que": 55,
          "type": "mcq",
          "marks": {
            "cm": 4,
            "im": -1
          },
          "pdfData": [
            {
              "x1": 27.933349609375,
              "x2": 565,
              "y1": 78.16667175292969,
              "y2": 261.01666259765625,
              "page": 20
            }
          ],
          "answerOptions": "4"
        },
        "56": {
          "que": 56,
          "type": "mcq",
          "marks": {
            "cm": 4,
            "im": -1
          },
          "pdfData": [
            {
              "x1": 27.933349609375,
              "x2": 565,
              "y1": 312.25,
              "y2": 471.2500305175781,
              "page": 20
            }
          ],
          "answerOptions": "4"
        },
        "57": {
          "que": 57,
          "type": "mcq",
          "marks": {
            "cm": 4,
            "im": -1
          },
          "pdfData": [
            {
              "x1": 27.933349609375,
              "x2": 565,
              "y1": 516.3000183105469,
              "y2": 646.1499938964844,
              "page": 20
            }
          ],
          "answerOptions": "4"
        },
        "58": {
          "que": 58,
          "type": "mcq",
          "marks": {
            "cm": 4,
            "im": -1
          },
          "pdfData": [
            {
              "x1": 27.933349609375,
              "x2": 565,
              "y1": 694.7333679199219,
              "y2": 741.5500183105469,
              "page": 20
            },
            {
              "x1": 27.933349609375,
              "x2": 565,
              "y1": 81.70001220703125,
              "y2": 207.13333129882812,
              "page": 21
            }
          ],
          "answerOptions": "4"
        },
        "59": {
          "que": 59,
          "type": "mcq",
          "marks": {
            "cm": 4,
            "im": -1
          },
          "pdfData": [
            {
              "x1": 27.933349609375,
              "x2": 565,
              "y1": 259.25,
              "y2": 628.4833679199219,
              "page": 21
            }
          ],
          "answerOptions": "4"
        },
        "60": {
          "que": 60,
          "type": "mcq",
          "marks": {
            "cm": 4,
            "im": -1
          },
          "pdfData": [
            {
              "x1": 27.933349609375,
              "x2": 565,
              "y1": 675.3000183105469,
              "y2": 720.3500061035156,
              "page": 21
            },
            {
              "x1": 27.933349609375,
              "x2": 565,
              "y1": 80.81666564941406,
              "y2": 242.4666748046875,
              "page": 22
            }
          ],
          "answerOptions": "4"
        },
        "61": {
          "que": 61,
          "type": "mcq",
          "marks": {
            "cm": 4,
            "im": -1
          },
          "pdfData": [
            {
              "x1": 27.933349609375,
              "x2": 565,
              "y1": 299,
              "y2": 467.7166442871094,
              "page": 22
            }
          ],
          "answerOptions": "4"
        },
        "62": {
          "que": 62,
          "type": "mcq",
          "marks": {
            "cm": 4,
            "im": -1
          },
          "pdfData": [
            {
              "x1": 27.933349609375,
              "x2": 565,
              "y1": 524.2500305175781,
              "y2": 668.2333679199219,
              "page": 22
            }
          ],
          "answerOptions": "4"
        },
        "63": {
          "que": 63,
          "type": "mcq",
          "marks": {
            "cm": 4,
            "im": -1
          },
          "pdfData": [
            {
              "x1": 27.933349609375,
              "x2": 565,
              "y1": 79.93333435058594,
              "y2": 226.56668090820312,
              "page": 23
            }
          ],
          "answerOptions": "4"
        },
        "64": {
          "que": 64,
          "type": "mcq",
          "marks": {
            "cm": 4,
            "im": -1
          },
          "pdfData": [
            {
              "x1": 27.933349609375,
              "x2": 565,
              "y1": 281.3333435058594,
              "y2": 730.433349609375,
              "page": 23
            },
            {
              "x1": 27.933349609375,
              "x2": 565,
              "y1": 78.16667175292969,
              "y2": 168.2666778564453,
              "page": 24
            }
          ],
          "answerOptions": "4"
        },
        "65": {
          "que": 65,
          "type": "mcq",
          "marks": {
            "cm": 4,
            "im": -1
          },
          "pdfData": [
            {
              "x1": 27.933349609375,
              "x2": 565,
              "y1": 222.14999389648438,
              "y2": 370.5500183105469,
              "page": 24
            }
          ],
          "answerOptions": "4"
        },
        "66": {
          "que": 66,
          "type": "mcq",
          "marks": {
            "cm": 4,
            "im": -1
          },
          "pdfData": [
            {
              "x1": 27.933349609375,
              "x2": 565,
              "y1": 426.20001220703125,
              "y2": 562.2333679199219,
              "page": 24
            }
          ],
          "answerOptions": "4"
        },
        "67": {
          "que": 67,
          "type": "mcq",
          "marks": {
            "cm": 4,
            "im": -1
          },
          "pdfData": [
            {
              "x1": 27.933349609375,
              "x2": 565,
              "y1": 610.8166809082031,
              "y2": 753.9166564941406,
              "page": 24
            },
            {
              "x1": 27.933349609375,
              "x2": 565,
              "y1": 76.40000915527344,
              "y2": 415.6000061035156,
              "page": 25
            }
          ],
          "answerOptions": "4"
        },
        "68": {
          "que": 68,
          "type": "mcq",
          "marks": {
            "cm": 4,
            "im": -1
          },
          "pdfData": [
            {
              "x1": 27.933349609375,
              "x2": 565,
              "y1": 474.7833557128906,
              "y2": 768.0500183105469,
              "page": 25
            },
            {
              "x1": 27.933349609375,
              "x2": 565,
              "y1": 80.81666564941406,
              "y2": 203.60000610351562,
              "page": 26
            }
          ],
          "answerOptions": "4"
        },
        "69": {
          "que": 69,
          "type": "mcq",
          "marks": {
            "cm": 4,
            "im": -1
          },
          "pdfData": [
            {
              "x1": 27.933349609375,
              "x2": 565,
              "y1": 256.6000061035156,
              "y2": 525.1333312988281,
              "page": 26
            }
          ],
          "answerOptions": "4"
        },
        "70": {
          "que": 70,
          "type": "mcq",
          "marks": {
            "cm": 4,
            "im": -1
          },
          "pdfData": [
            {
              "x1": 27.933349609375,
              "x2": 565,
              "y1": 577.2500305175781,
              "y2": 700.9166564941406,
              "page": 26
            }
          ],
          "answerOptions": "4"
        }
      },
      "C-NUM": {
        "71": {
          "que": 71,
          "type": "nat",
          "marks": {
            "cm": 4,
            "im": -1
          },
          "pdfData": [
            {
              "x1": 27.933349609375,
              "x2": 565,
              "y1": 97.60000610351562,
              "y2": 171.8000030517578,
              "page": 27
            }
          ]
        },
        "72": {
          "que": 72,
          "type": "nat",
          "marks": {
            "cm": 4,
            "im": -1
          },
          "pdfData": [
            {
              "x1": 27.933349609375,
              "x2": 565,
              "y1": 234.51666259765625,
              "y2": 315.7833251953125,
              "page": 27
            }
          ]
        },
        "73": {
          "que": 73,
          "type": "nat",
          "marks": {
            "cm": 4,
            "im": -1
          },
          "pdfData": [
            {
              "x1": 27.933349609375,
              "x2": 565,
              "y1": 370.5500183105469,
              "y2": 438.5666809082031,
              "page": 27
            }
          ]
        },
        "74": {
          "que": 74,
          "type": "nat",
          "marks": {
            "cm": 4,
            "im": -1
          },
          "pdfData": [
            {
              "x1": 27.933349609375,
              "x2": 565,
              "y1": 485.3833312988281,
              "y2": 539.2666931152344,
              "page": 27
            }
          ]
        },
        "75": {
          "que": 75,
          "type": "nat",
          "marks": {
            "cm": 4,
            "im": -1
          },
          "pdfData": [
            {
              "x1": 27.933349609375,
              "x2": 565,
              "y1": 587.8500061035156,
              "y2": 647.0333557128906,
              "page": 27
            }
          ]
        }
      }
    }
  },
  "testConfig": {
    "pdfFileHash": "37c6d578e086d4e8842a683ca52e788eee160263c51608dcdabb35cf20a980b8"
  },
  "appVersion": "1.19.0",
  "generatedBy": "answerKeyPage",
  "generatedBasedOn": "pdfCropperPage",
  "testAnswerKey": {
    "Maths": {
      "M-MCQ": {
        "1": [
          3
        ],
        "2": [
          2
        ],
        "3": [
          4
        ],
        "4": [
          3
        ],
        "5": [
          2
        ],
        "6": [
          1
        ],
        "7": [
          2
        ],
        "8": [
          4
        ],
        "9": [
          2
        ],
        "10": [
          1
        ],
        "11": [
          3
        ],
        "12": [
          3
        ],
        "13": [
          1
        ],
        "14": [
          3
        ],
        "15": [
          3
        ],
        "16": [
          1
        ],
        "17": [
          2
        ],
        "18": [
          1
        ],
        "19": [
          4
        ],
        "20": [
          4
        ]
      },
      "M-NUM": {
        "21": "19",
        "22": "3",
        "23": "10",
        "24": "3",
        "25": "5"
      }
    },
    "Physics": {
      "P-MCQ": {
        "26": [
          1
        ],
        "27": [
          1
        ],
        "28": [
          3
        ],
        "29": [
          4
        ],
        "30": [
          4
        ],
        "31": [
          4
        ],
        "32": [
          4
        ],
        "33": [
          2
        ],
        "34": [
          1
        ],
        "35": [
          2
        ],
        "36": [
          4
        ],
        "37": [
          4
        ],
        "38": [
          2
        ],
        "39": [
          2
        ],
        "40": [
          1
        ],
        "41": [
          3
        ],
        "42": [
          1
        ],
        "43": [
          4
        ],
        "44": [
          4
        ],
        "45": [
          1
        ]
      },
      "P-NUM": {
        "46": "5",
        "47": "7",
        "48": "8",
        "49": "8",
        "50": "2"
      }
    },
    "Chemistry": {
      "C-MCQ": {
        "51": [
          2
        ],
        "52": [
          1
        ],
        "53": [
          4
        ],
        "54": [
          3
        ],
        "55": [
          3
        ],
        "56": [
          1
        ],
        "57": [
          1
        ],
        "58": [
          4
        ],
        "59": [
          2
        ],
        "60": [
          2
        ],
        "61": [
          3
        ],
        "62": [
          1
        ],
        "63": [
          4
        ],
        "64": [
          2
        ],
        "65": [
          4
        ],
        "66": [
          1
        ],
        "67": [
          4
        ],
        "68": [
          4
        ],
        "69": [
          3
        ],
        "70": [
          3
        ]
      },
      "C-NUM": {
        "71": "8",
        "72": "2",
        "73": "17",
        "74": "8",
        "75": "4"
      }
    }
  }
}