{
  "pdfCropperData": {
    "Physics": {
      "P-MCQ": {
        "1": {
          "que": 1,
          "type": "mcq",
          "marks": {
            "cm": 3,
            "im": -1
          },
          "pdfData": [
            {
              "x1": 63.5,
              "x2": 544.0333862304688,
              "y1": 224.80001831054688,
              "y2": 462.4166564941406,
              "page": 1
            }
          ],
          "answerOptions": "4"
        },
        "2": {
          "que": 2,
          "type": "mcq",
          "marks": {
            "cm": 3,
            "im": -1
          },
          "pdfData": [
            {
              "x1": 63.5,
              "x2": 544.0333862304688,
              "y1": 500.3999938964844,
              "y2": 734.4833679199219,
              "page": 1
            }
          ],
          "answerOptions": "4"
        },
        "3": {
          "que": 3,
          "type": "mcq",
          "marks": {
            "cm": 3,
            "im": -1
          },
          "pdfData": [
            {
              "x1": 63.5,
              "x2": 544.0333862304688,
              "y1": 66.68333435058594,
              "y2": 286.6333312988281,
              "page": 2
            }
          ],
          "answerOptions": "4"
        },
        "4": {
          "que": 4,
          "type": "mcq",
          "marks": {
            "cm": 3,
            "im": -1
          },
          "pdfData": [
            {
              "x1": 63.5,
              "x2": 544.0333862304688,
              "y1": 361.7166748046875,
              "y2": 465.0666809082031,
              "page": 2
            }
          ],
          "answerOptions": "4"
        }
      },
      "P-DECPARA": {
        "5": {
          "que": 5,
          "type": "nat",
          "marks": {
            "cm": 2,
            "im": 0
          },
          "pdfData": [
            {
              "x1": 100.5,
              "x2": 544.0333862304688,
              "y1": 336.98333740234375,
              "y2": 412.95001220703125,
              "page": 3
            },
            {
              "x1": 63.5,
              "x2": 544.0333862304688,
              "y1": 449.1666564941406,
              "y2": 467.7166442871094,
              "page": 3
            }
          ]
        },
        "6": {
          "que": 6,
          "type": "nat",
          "marks": {
            "cm": 2,
            "im": 0
          },
          "pdfData": [
            {
              "x1": 102.5,
              "x2": 544.0333862304688,
              "y1": 337.8666687011719,
              "y2": 413.8333435058594,
              "page": 3
            },
            {
              "x1": 63.5,
              "x2": 544.0333862304688,
              "y1": 487.1499938964844,
              "y2": 505.6999816894531,
              "page": 3
            }
          ]
        },
        "7": {
          "que": 7,
          "type": "nat",
          "marks": {
            "cm": 2,
            "im": 0
          },
          "pdfData": [
            {
              "x1": 93.5,
              "x2": 544.0333862304688,
              "y1": 591.3833312988281,
              "y2": 741.5500183105469,
              "page": 3
            },
            {
              "x1": 63.5,
              "x2": 544.0333862304688,
              "y1": 80.81666564941406,
              "y2": 100.25,
              "page": 4
            }
          ]
        },
        "8": {
          "que": 8,
          "type": "nat",
          "marks": {
            "cm": 2,
            "im": 0
          },
          "pdfData": [
            {
              "x1": 93.5,
              "x2": 544.0333862304688,
              "y1": 592.2666931152344,
              "y2": 741.5500183105469,
              "page": 3
            },
            {
              "x1": 63.5,
              "x2": 544.0333862304688,
              "y1": 118.80000305175781,
              "y2": 135.58334350585938,
              "page": 4
            }
          ]
        },
        "9": {
          "que": 9,
          "type": "nat",
          "marks": {
            "cm": 2,
            "im": 0
          },
          "pdfData": [
            {
              "x1": 91.5,
              "x2": 544.0333862304688,
              "y1": 246.88333129882812,
              "y2": 420.8999938964844,
              "page": 4
            },
            {
              "x1": 63.5,
              "x2": 544.0333862304688,
              "y1": 442.9833679199219,
              "y2": 465.0666809082031,
              "page": 4
            }
          ]
        },
        "10": {
          "que": 10,
          "type": "nat",
          "marks": {
            "cm": 2,
            "im": 0
          },
          "pdfData": [
            {
              "x1": 92.5,
              "x2": 544.0333862304688,
              "y1": 246,
              "y2": 420.8999938964844,
              "page": 4
            },
            {
              "x1": 63.5,
              "x2": 544.0333862304688,
              "y1": 487.1499938964844,
              "y2": 506.5833435058594,
              "page": 4
            }
          ]
        }
      },
      "P-MSQ": {
        "11": {
          "que": 11,
          "type": "msq",
          "marks": {
            "cm": 4,
            "pm": 1,
            "im": -2
          },
          "pdfData": [
            {
              "x1": 63.5,
              "x2": 544.0333862304688,
              "y1": 54.31666564941406,
              "y2": 423.5500183105469,
              "page": 6
            }
          ],
          "answerOptions": "4"
        },
        "12": {
          "que": 12,
          "type": "msq",
          "marks": {
            "cm": 4,
            "pm": 1,
            "im": -2
          },
          "pdfData": [
            {
              "x1": 63.5,
              "x2": 544.0333862304688,
              "y1": 462.4166564941406,
              "y2": 632.8999938964844,
              "page": 6
            },
            {
              "x1": 63.5,
              "x2": 544.0333862304688,
              "y1": 56.083343505859375,
              "y2": 194.76666259765625,
              "page": 7
            }
          ],
          "answerOptions": "4"
        },
        "13": {
          "que": 13,
          "type": "msq",
          "marks": {
            "cm": 4,
            "pm": 1,
            "im": -2
          },
          "pdfData": [
            {
              "x1": 63.5,
              "x2": 544.0333862304688,
              "y1": 236.2833251953125,
              "y2": 475.6666564941406,
              "page": 7
            }
          ],
          "answerOptions": "4"
        },
        "14": {
          "que": 14,
          "type": "msq",
          "marks": {
            "cm": 4,
            "pm": 1,
            "im": -2
          },
          "pdfData": [
            {
              "x1": 63.5,
              "x2": 544.0333862304688,
              "y1": 513.6499938964844,
              "y2": 711.5166931152344,
              "page": 7
            }
          ],
          "answerOptions": "4"
        },
        "15": {
          "que": 15,
          "type": "msq",
          "marks": {
            "cm": 4,
            "pm": 1,
            "im": -2
          },
          "pdfData": [
            {
              "x1": 63.5,
              "x2": 544.0333862304688,
              "y1": 54.31666564941406,
              "y2": 506.5833435058594,
              "page": 8
            }
          ],
          "answerOptions": "4"
        },
        "16": {
          "que": 16,
          "type": "msq",
          "marks": {
            "cm": 4,
            "pm": 1,
            "im": -2
          },
          "pdfData": [
            {
              "x1": 63.5,
              "x2": 544.0333862304688,
              "y1": 52.55000305175781,
              "y2": 408.5333251953125,
              "page": 9
            }
          ],
          "answerOptions": "4"
        }
      },
      "P-INTNUM": {
        "17": {
          "que": 17,
          "type": "nat",
          "marks": {
            "cm": 4,
            "im": 0
          },
          "pdfData": [
            {
              "x1": 63.5,
              "x2": 544.0333862304688,
              "y1": 312.25,
              "y2": 397.0500183105469,
              "page": 10
            }
          ]
        },
        "18": {
          "que": 18,
          "type": "nat",
          "marks": {
            "cm": 4,
            "im": 0
          },
          "pdfData": [
            {
              "x1": 63.5,
              "x2": 544.0333862304688,
              "y1": 462.4166564941406,
              "y2": 718.5833435058594,
              "page": 10
            }
          ]
        },
        "19": {
          "que": 19,
          "type": "nat",
          "marks": {
            "cm": 4,
            "im": 0
          },
          "pdfData": [
            {
              "x1": 63.5,
              "x2": 544.0333862304688,
              "y1": 66.68333435058594,
              "y2": 163.85000610351562,
              "page": 11
            }
          ]
        }
      }
    },
    "Chemistry": {
      "C-MCQ": {
        "20": {
          "que": 20,
          "type": "mcq",
          "marks": {
            "cm": 3,
            "im": -1
          },
          "pdfData": [
            {
              "x1": 63.5,
              "x2": 544.0333862304688,
              "y1": 227.45001220703125,
              "y2": 508.3500061035156,
              "page": 12
            }
          ],
          "answerOptions": "4"
        },
        "21": {
          "que": 21,
          "type": "mcq",
          "marks": {
            "cm": 3,
            "im": -1
          },
          "pdfData": [
            {
              "x1": 63.5,
              "x2": 544.0333862304688,
              "y1": 545.4499816894531,
              "y2": 760.1000061035156,
              "page": 12
            }
          ],
          "answerOptions": "4"
        },
        "22": {
          "que": 22,
          "type": "mcq",
          "marks": {
            "cm": 3,
            "im": -1
          },
          "pdfData": [
            {
              "x1": 63.5,
              "x2": 544.0333862304688,
              "y1": 95.83334350585938,
              "y2": 344.933349609375,
              "page": 13
            }
          ],
          "answerOptions": "4"
        },
        "23": {
          "que": 23,
          "type": "mcq",
          "marks": {
            "cm": 3,
            "im": -1
          },
          "pdfData": [
            {
              "x1": 63.5,
              "x2": 544.0333862304688,
              "y1": 397.0500183105469,
              "y2": 529.5500183105469,
              "page": 13
            }
          ],
          "answerOptions": "4"
        }
      },
      "C-DECPARA": {
        "24": {
          "que": 24,
          "type": "nat",
          "marks": {
            "cm": 2,
            "im": 0
          },
          "pdfData": [
            {
              "x1": 63.5,
              "x2": 544.0333862304688,
              "y1": 661.1666564941406,
              "y2": 679.7166442871094,
              "page": 14
            },
            {
              "x1": 63.5,
              "x2": 544.0333862304688,
              "y1": 422.433349609375,
              "y2": 632.0166931152344,
              "page": 14
            }
          ]
        },
        "25": {
          "que": 25,
          "type": "nat",
          "marks": {
            "cm": 2,
            "im": 0
          },
          "pdfData": [
            {
              "x1": 63.5,
              "x2": 544.0333862304688,
              "y1": 712.3999938964844,
              "y2": 732.7166442871094,
              "page": 14
            },
            {
              "x1": 63.5,
              "x2": 544.0333862304688,
              "y1": 422.3166809082031,
              "y2": 632.0166931152344,
              "page": 14
            }
          ]
        },
        "26": {
          "que": 26,
          "type": "nat",
          "marks": {
            "cm": 2,
            "im": 0
          },
          "pdfData": [
            {
              "x1": 63.5,
              "x2": 544.0333862304688,
              "y1": 440.3333435058594,
              "y2": 462.4166564941406,
              "page": 15
            },
            {
              "x1": 63.5,
              "x2": 544.0333862304688,
              "y1": 115.73333740234375,
              "y2": 414.6000061035156,
              "page": 15
            }
          ]
        },
        "27": {
          "que": 27,
          "type": "nat",
          "marks": {
            "cm": 2,
            "im": 0
          },
          "pdfData": [
            {
              "x1": 63.5,
              "x2": 544.0333862304688,
              "y1": 494.2166442871094,
              "y2": 513.6499938964844,
              "page": 15
            },
            {
              "x1": 63.5,
              "x2": 544.0333862304688,
              "y1": 115.61666870117188,
              "y2": 415.6000061035156,
              "page": 15
            }
          ]
        },
        "28": {
          "que": 28,
          "type": "nat",
          "marks": {
            "cm": 2,
            "im": 0
          },
          "pdfData": [
            {
              "x1": 63.5,
              "x2": 544.0333862304688,
              "y1": 591.2666931152344,
              "y2": 732.7166442871094,
              "page": 15
            },
            {
              "x1": 63.5,
              "x2": 544.0333862304688,
              "y1": 56.083343505859375,
              "y2": 73.75,
              "page": 16
            }
          ]
        },
        "29": {
          "que": 29,
          "type": "nat",
          "marks": {
            "cm": 2,
            "im": 0
          },
          "pdfData": [
            {
              "x1": 63.5,
              "x2": 544.0333862304688,
              "y1": 591.1499938964844,
              "y2": 732.7166442871094,
              "page": 15
            },
            {
              "x1": 63.5,
              "x2": 544.0333862304688,
              "y1": 91.41667175292969,
              "y2": 107.31666564941406,
              "page": 16
            }
          ]
        }
      },
      "C-MSQ": {
        "30": {
          "que": 30,
          "type": "msq",
          "marks": {
            "cm": 4,
            "pm": 1,
            "im": -2
          },
          "pdfData": [
            {
              "x1": 63.5,
              "x2": 544.0333862304688,
              "y1": 54.31666564941406,
              "y2": 467.7166442871094,
              "page": 18
            }
          ],
          "answerOptions": "4"
        },
        "31": {
          "que": 31,
          "type": "msq",
          "marks": {
            "cm": 4,
            "pm": 1,
            "im": -2
          },
          "pdfData": [
            {
              "x1": 63.5,
              "x2": 544.0333862304688,
              "y1": 525.1333312988281,
              "y2": 776.0000305175781,
              "page": 18
            }
          ],
          "answerOptions": "4"
        },
        "32": {
          "que": 32,
          "type": "msq",
          "marks": {
            "cm": 4,
            "pm": 1,
            "im": -2
          },
          "pdfData": [
            {
              "x1": 63.5,
              "x2": 544.0333862304688,
              "y1": 105.55000305175781,
              "y2": 276.91668701171875,
              "page": 19
            }
          ],
          "answerOptions": "4"
        },
        "33": {
          "que": 33,
          "type": "msq",
          "marks": {
            "cm": 4,
            "pm": 1,
            "im": -2
          },
          "pdfData": [
            {
              "x1": 63.5,
              "x2": 544.0333862304688,
              "y1": 299,
              "y2": 677.0666809082031,
              "page": 19
            }
          ],
          "answerOptions": "4"
        },
        "34": {
          "que": 34,
          "type": "msq",
          "marks": {
            "cm": 4,
            "pm": 1,
            "im": -2
          },
          "pdfData": [
            {
              "x1": 63.5,
              "x2": 544.0333862304688,
              "y1": 80.81666564941406,
              "y2": 273.3833312988281,
              "page": 20
            }
          ],
          "answerOptions": "4"
        },
        "35": {
          "que": 35,
          "type": "msq",
          "marks": {
            "cm": 4,
            "pm": 1,
            "im": -2
          },
          "pdfData": [
            {
              "x1": 63.5,
              "x2": 544.0333862304688,
              "y1": 297.23333740234375,
              "y2": 489.8000183105469,
              "page": 20
            }
          ],
          "answerOptions": "4"
        }
      },
      "C-INTNUM": {
        "36": {
          "que": 36,
          "type": "nat",
          "marks": {
            "cm": 4,
            "im": 0
          },
          "pdfData": [
            {
              "x1": 63.5,
              "x2": 544.0333862304688,
              "y1": 64.91667175292969,
              "y2": 131.1666717529297,
              "page": 21
            }
          ]
        },
        "37": {
          "que": 37,
          "type": "nat",
          "marks": {
            "cm": 4,
            "im": 0
          },
          "pdfData": [
            {
              "x1": 63.5,
              "x2": 544.0333862304688,
              "y1": 179.75,
              "y2": 294.5833435058594,
              "page": 21
            }
          ]
        },
        "38": {
          "que": 38,
          "type": "nat",
          "marks": {
            "cm": 4,
            "im": 0
          },
          "pdfData": [
            {
              "x1": 63.5,
              "x2": 544.0333862304688,
              "y1": 354.6499938964844,
              "y2": 375.8500061035156,
              "page": 21
            }
          ]
        }
      }
    },
    "Maths": {
      "M-MCQ": {
        "39": {
          "que": 39,
          "type": "mcq",
          "marks": {
            "cm": 3,
            "im": -1
          },
          "pdfData": [
            {
              "x1": 63.5,
              "x2": 544.0333862304688,
              "y1": 227.45001220703125,
              "y2": 337.8666687011719,
              "page": 22
            }
          ],
          "answerOptions": "4"
        },
        "40": {
          "que": 40,
          "type": "mcq",
          "marks": {
            "cm": 3,
            "im": -1
          },
          "pdfData": [
            {
              "x1": 63.5,
              "x2": 544.0333862304688,
              "y1": 382.91668701171875,
              "y2": 509.2333679199219,
              "page": 22
            }
          ],
          "answerOptions": "4"
        },
        "41": {
          "que": 41,
          "type": "mcq",
          "marks": {
            "cm": 3,
            "im": -1
          },
          "pdfData": [
            {
              "x1": 63.5,
              "x2": 544.0333862304688,
              "y1": 557.8166809082031,
              "y2": 767.1666564941406,
              "page": 22
            }
          ],
          "answerOptions": "4"
        },
        "42": {
          "que": 42,
          "type": "mcq",
          "marks": {
            "cm": 3,
            "im": -1
          },
          "pdfData": [
            {
              "x1": 63.5,
              "x2": 544.0333862304688,
              "y1": 94.06666564941406,
              "y2": 357.3000183105469,
              "page": 23
            }
          ],
          "answerOptions": "4"
        }
      },
      "M-DECPARA": {
        "43": {
          "que": 43,
          "type": "nat",
          "marks": {
            "cm": 2,
            "im": 0
          },
          "pdfData": [
            {
              "x1": 63.5,
              "x2": 544.0333862304688,
              "y1": 440.3333435058594,
              "y2": 503.0500183105469,
              "page": 24
            },
            {
              "x1": 63.5,
              "x2": 544.0333862304688,
              "y1": 511.8833312988281,
              "y2": 540.1499938964844,
              "page": 24
            }
          ]
        },
        "44": {
          "que": 44,
          "type": "nat",
          "marks": {
            "cm": 2,
            "im": 0
          },
          "pdfData": [
            {
              "x1": 63.5,
              "x2": 544.0333862304688,
              "y1": 441.2166442871094,
              "y2": 503.0500183105469,
              "page": 24
            },
            {
              "x1": 63.5,
              "x2": 544.0333862304688,
              "y1": 564.8833312988281,
              "y2": 593.1499938964844,
              "page": 24
            }
          ]
        },
        "45": {
          "que": 45,
          "type": "nat",
          "marks": {
            "cm": 2,
            "im": 0
          },
          "pdfData": [
            {
              "x1": 63.5,
              "x2": 544.0333862304688,
              "y1": 140,
              "y2": 366.1333312988281,
              "page": 25
            },
            {
              "x1": 63.5,
              "x2": 544.0333862304688,
              "y1": 401.4666748046875,
              "y2": 423.5500183105469,
              "page": 25
            }
          ]
        },
        "46": {
          "que": 46,
          "type": "nat",
          "marks": {
            "cm": 2,
            "im": 0
          },
          "pdfData": [
            {
              "x1": 63.5,
              "x2": 544.0333862304688,
              "y1": 140.8833465576172,
              "y2": 366.1333312988281,
              "page": 25
            },
            {
              "x1": 63.5,
              "x2": 544.0333862304688,
              "y1": 440.3333435058594,
              "y2": 458.0000305175781,
              "page": 25
            }
          ]
        },
        "47": {
          "que": 47,
          "type": "nat",
          "marks": {
            "cm": 2,
            "im": 0
          },
          "pdfData": [
            {
              "x1": 63.5,
              "x2": 544.0333862304688,
              "y1": 534.8500061035156,
              "y2": 694.7333679199219,
              "page": 25
            },
            {
              "x1": 63.5,
              "x2": 544.0333862304688,
              "y1": 715.9333190917969,
              "y2": 735.3666687011719,
              "page": 25
            }
          ]
        },
        "48": {
          "que": 48,
          "type": "nat",
          "marks": {
            "cm": 2,
            "im": 0
          },
          "pdfData": [
            {
              "x1": 63.5,
              "x2": 544.0333862304688,
              "y1": 535.7333679199219,
              "y2": 694.7333679199219,
              "page": 25
            },
            {
              "x1": 63.5,
              "x2": 544.0333862304688,
              "y1": 754.8000183105469,
              "y2": 769.8166809082031,
              "page": 25
            }
          ]
        }
      },
      "M-MSQ": {
        "49": {
          "que": 49,
          "type": "msq",
          "marks": {
            "cm": 4,
            "pm": 1,
            "im": -2
          },
          "pdfData": [
            {
              "x1": 63.5,
              "x2": 544.0333862304688,
              "y1": 522.4833679199219,
              "y2": 640.8500061035156,
              "page": 26
            },
            {
              "x1": 63.5,
              "x2": 544.0333862304688,
              "y1": 54.31666564941406,
              "y2": 187.70001220703125,
              "page": 27
            }
          ],
          "answerOptions": "4"
        },
        "50": {
          "que": 50,
          "type": "msq",
          "marks": {
            "cm": 4,
            "pm": 1,
            "im": -2
          },
          "pdfData": [
            {
              "x1": 63.5,
              "x2": 544.0333862304688,
              "y1": 236.2833251953125,
              "y2": 449.1666564941406,
              "page": 27
            }
          ],
          "answerOptions": "4"
        },
        "51": {
          "que": 51,
          "type": "msq",
          "marks": {
            "cm": 4,
            "pm": 1,
            "im": -2
          },
          "pdfData": [
            {
              "x1": 63.5,
              "x2": 544.0333862304688,
              "y1": 472.1333312988281,
              "y2": 640.8500061035156,
              "page": 27
            }
          ],
          "answerOptions": "4"
        },
        "52": {
          "que": 52,
          "type": "msq",
          "marks": {
            "cm": 4,
            "pm": 1,
            "im": -2
          },
          "pdfData": [
            {
              "x1": 63.5,
              "x2": 544.0333862304688,
              "y1": 672.6499938964844,
              "y2": 768.0500183105469,
              "page": 27
            },
            {
              "x1": 63.5,
              "x2": 544.0333862304688,
              "y1": 52.55000305175781,
              "y2": 71.98333740234375,
              "page": 28
            }
          ],
          "answerOptions": "4"
        },
        "53": {
          "que": 53,
          "type": "msq",
          "marks": {
            "cm": 4,
            "pm": 1,
            "im": -2
          },
          "pdfData": [
            {
              "x1": 63.5,
              "x2": 544.0333862304688,
              "y1": 89.65000915527344,
              "y2": 350.23333740234375,
              "page": 28
            }
          ],
          "answerOptions": "4"
        },
        "54": {
          "que": 54,
          "type": "msq",
          "marks": {
            "cm": 4,
            "pm": 1,
            "im": -2
          },
          "pdfData": [
            {
              "x1": 63.5,
              "x2": 544.0333862304688,
              "y1": 366.1333312988281,
              "y2": 525.1333312988281,
              "page": 28
            }
          ],
          "answerOptions": "4"
        }
      },
      "M-INTNUM": {
        "55": {
          "que": 55,
          "type": "nat",
          "marks": {
            "cm": 4,
            "im": 0
          },
          "pdfData": [
            {
              "x1": 63.5,
              "x2": 544.0333862304688,
              "y1": 246.88333129882812,
              "y2": 310.48333740234375,
              "page": 29
            }
          ]
        },
        "56": {
          "que": 56,
          "type": "nat",
          "marks": {
            "cm": 4,
            "im": 0
          },
          "pdfData": [
            {
              "x1": 63.5,
              "x2": 544.0333862304688,
              "y1": 341.3999938964844,
              "y2": 423.5500183105469,
              "page": 29
            }
          ]
        },
        "57": {
          "que": 57,
          "type": "nat",
          "marks": {
            "cm": 4,
            "im": 0
          },
          "pdfData": [
            {
              "x1": 63.5,
              "x2": 544.0333862304688,
              "y1": 456.2333679199219,
              "y2": 573.7166442871094,
              "page": 29
            }
          ]
        }
      }
    }
  },
  "testConfig": {
    "pdfFileHash": "513d0c9bd4bb602f4326d343edb2ab66a2bbe91f269b90381a99924b2d24fd40"
  },
  "appVersion": "1.19.0",
  "generatedBy": "answerKeyPage",
  "generatedBasedOn": "pdfCropperPage",
  "testAnswerKey": {
    "Physics": {
      "P-MCQ": {
        "1": [
          3
        ],
        "2": [
          3
        ],
        "3": [
          2
        ],
        "4": [
          4
        ]
      },
      "P-DECPARA": {
        "5": "0.45TO0.55",
        "6": "7.3TO7.7",
        "7": "1.3TO1.4",
        "8": "0.6TO0.72",
        "9": "1.7TO1.8",
        "10": "2.9TO3.1"
      },
      "P-MSQ": {
        "11": [
          2,
          4
        ],
        "12": [
          2,
          3,
          4
        ],
        "13": [
          1,
          2,
          3
        ],
        "14": [
          1,
          4
        ],
        "15": [
          1,
          3
        ],
        "16": [
          1,
          3
        ]
      },
      "P-INTNUM": {
        "17": "4",
        "18": "49",
        "19": "9"
      }
    },
    "Chemistry": {
      "C-MCQ": {
        "20": [
          2
        ],
        "21": [
          2
        ],
        "22": [
          2
        ],
        "23": [
          1
        ]
      },
      "C-DECPARA": {
        "24": "1.62",
        "25": "3.9TO3.91,3.2",
        "26": "166.2TO166.3",
        "27": "141TO142",
        "28": "100.1",
        "29": "2.5"
      },
      "C-MSQ": {
        "30": [
          3,
          4
        ],
        "31": [
          1,
          4
        ],
        "32": [
          2,
          3
        ],
        "33": [
          1,
          2,
          4
        ],
        "34": [
          1,
          3,
          4
        ],
        "35": [
          1,
          2
        ]
      },
      "C-INTNUM": {
        "36": "9,13,14",
        "37": "8,12",
        "38": "6"
      }
    },
    "Maths": {
      "M-MCQ": {
        "39": [
          2
        ],
        "40": [
          1
        ],
        "41": [
          1
        ],
        "42": [
          3
        ]
      },
      "M-DECPARA": {
        "43": "76.1TO76.4",
        "44": "24.4TO24.6",
        "45": "0.95TO1.05",
        "46": "1.45TO1.55",
        "47": "8.95TO9.05",
        "48": "77.1TO77.18"
      },
      "M-MSQ": {
        "49": [
          1,
          2,
          4
        ],
        "50": [
          1,
          2
        ],
        "51": [
          1,
          2,
          3
        ],
        "52": [
          1,
          2,
          3
        ],
        "53": [
          1,
          2
        ],
        "54": [
          2,
          4
        ]
      },
      "M-INTNUM": {
        "55": "4",
        "56": "2",
        "57": "7"
      }
    }
  }
}