{
  "pdfCropperData": {
    "Physics": {
      "P-MCQ": {
        "1": {
          "que": 1,
          "type": "mcq",
          "marks": {
            "cm": 4,
            "im": -1
          },
          "pdfData": [
            {
              "x1": 27.04998779296875,
              "x2": 570.300048828125,
              "y1": 102.01667785644531,
              "y2": 245.11666870117188,
              "page": 1
            }
          ],
          "answerOptions": "4"
        },
        "2": {
          "que": 2,
          "type": "mcq",
          "marks": {
            "cm": 4,
            "im": -1
          },
          "pdfData": [
            {
              "x1": 27.04998779296875,
              "x2": 570.300048828125,
              "y1": 295.4666748046875,
              "y2": 460.6499938964844,
              "page": 1
            }
          ],
          "answerOptions": "4"
        },
        "3": {
          "que": 3,
          "type": "mcq",
          "marks": {
            "cm": 4,
            "im": -1
          },
          "pdfData": [
            {
              "x1": 27.04998779296875,
              "x2": 570.300048828125,
              "y1": 507.4666442871094,
              "y2": 654.9833679199219,
              "page": 1
            }
          ],
          "answerOptions": "4"
        },
        "4": {
          "que": 4,
          "type": "mcq",
          "marks": {
            "cm": 4,
            "im": -1
          },
          "pdfData": [
            {
              "x1": 27.04998779296875,
              "x2": 570.300048828125,
              "y1": 702.6833190917969,
              "y2": 738.0166931152344,
              "page": 1
            },
            {
              "x1": 27.04998779296875,
              "x2": 570.300048828125,
              "y1": 64.03334045410156,
              "y2": 336.1000061035156,
              "page": 2
            }
          ],
          "answerOptions": "4"
        },
        "5": {
          "que": 5,
          "type": "mcq",
          "marks": {
            "cm": 4,
            "im": -1
          },
          "pdfData": [
            {
              "x1": 27.04998779296875,
              "x2": 570.300048828125,
              "y1": 375.8500061035156,
              "y2": 609.9333190917969,
              "page": 2
            }
          ],
          "answerOptions": "4"
        },
        "6": {
          "que": 6,
          "type": "mcq",
          "marks": {
            "cm": 4,
            "im": -1
          },
          "pdfData": [
            {
              "x1": 27.04998779296875,
              "x2": 570.300048828125,
              "y1": 650.5666809082031,
              "y2": 684.1333312988281,
              "page": 2
            },
            {
              "x1": 27.04998779296875,
              "x2": 570.300048828125,
              "y1": 64.03334045410156,
              "y2": 403.23333740234375,
              "page": 3
            }
          ],
          "answerOptions": "4"
        },
        "7": {
          "que": 7,
          "type": "mcq",
          "marks": {
            "cm": 4,
            "im": -1
          },
          "pdfData": [
            {
              "x1": 27.04998779296875,
              "x2": 570.300048828125,
              "y1": 446.5166931152344,
              "y2": 742.4333190917969,
              "page": 3
            }
          ],
          "answerOptions": "4"
        },
        "8": {
          "que": 8,
          "type": "mcq",
          "marks": {
            "cm": 4,
            "im": -1
          },
          "pdfData": [
            {
              "x1": 27.04998779296875,
              "x2": 570.300048828125,
              "y1": 64.03334045410156,
              "y2": 227.45001220703125,
              "page": 4
            }
          ],
          "answerOptions": "4"
        },
        "9": {
          "que": 9,
          "type": "mcq",
          "marks": {
            "cm": 4,
            "im": -1
          },
          "pdfData": [
            {
              "x1": 27.04998779296875,
              "x2": 570.300048828125,
              "y1": 274.26666259765625,
              "y2": 596.6833190917969,
              "page": 4
            }
          ],
          "answerOptions": "4"
        },
        "10": {
          "que": 10,
          "type": "mcq",
          "marks": {
            "cm": 4,
            "im": -1
          },
          "pdfData": [
            {
              "x1": 27.04998779296875,
              "x2": 570.300048828125,
              "y1": 640.8500061035156,
              "y2": 660.2833557128906,
              "page": 4
            },
            {
              "x1": 27.04998779296875,
              "x2": 570.300048828125,
              "y1": 64.91667175292969,
              "y2": 622.3000183105469,
              "page": 5
            }
          ],
          "answerOptions": "4"
        },
        "11": {
          "que": 11,
          "type": "mcq",
          "marks": {
            "cm": 4,
            "im": -1
          },
          "pdfData": [
            {
              "x1": 27.04998779296875,
              "x2": 570.300048828125,
              "y1": 64.91667175292969,
              "y2": 305.183349609375,
              "page": 6
            }
          ],
          "answerOptions": "4"
        },
        "12": {
          "que": 12,
          "type": "mcq",
          "marks": {
            "cm": 4,
            "im": -1
          },
          "pdfData": [
            {
              "x1": 27.04998779296875,
              "x2": 570.300048828125,
              "y1": 351.1166687011719,
              "y2": 505.6999816894531,
              "page": 6
            }
          ],
          "answerOptions": "4"
        },
        "13": {
          "que": 13,
          "type": "mcq",
          "marks": {
            "cm": 4,
            "im": -1
          },
          "pdfData": [
            {
              "x1": 27.04998779296875,
              "x2": 570.300048828125,
              "y1": 548.1000061035156,
              "y2": 702.6833190917969,
              "page": 6
            }
          ],
          "answerOptions": "4"
        },
        "14": {
          "que": 14,
          "type": "mcq",
          "marks": {
            "cm": 4,
            "im": -1
          },
          "pdfData": [
            {
              "x1": 27.04998779296875,
              "x2": 570.300048828125,
              "y1": 64.91667175292969,
              "y2": 333.45001220703125,
              "page": 7
            }
          ],
          "answerOptions": "4"
        },
        "15": {
          "que": 15,
          "type": "mcq",
          "marks": {
            "cm": 4,
            "im": -1
          },
          "pdfData": [
            {
              "x1": 27.04998779296875,
              "x2": 570.300048828125,
              "y1": 370.5500183105469,
              "y2": 775.1166687011719,
              "page": 7
            }
          ],
          "answerOptions": "4"
        },
        "16": {
          "que": 16,
          "type": "mcq",
          "marks": {
            "cm": 4,
            "im": -1
          },
          "pdfData": [
            {
              "x1": 27.04998779296875,
              "x2": 570.300048828125,
              "y1": 87.88334655761719,
              "y2": 235.39999389648438,
              "page": 8
            }
          ],
          "answerOptions": "4"
        },
        "17": {
          "que": 17,
          "type": "mcq",
          "marks": {
            "cm": 4,
            "im": -1
          },
          "pdfData": [
            {
              "x1": 27.04998779296875,
              "x2": 570.300048828125,
              "y1": 288.3999938964844,
              "y2": 473.8999938964844,
              "page": 8
            }
          ],
          "answerOptions": "4"
        },
        "18": {
          "que": 18,
          "type": "mcq",
          "marks": {
            "cm": 4,
            "im": -1
          },
          "pdfData": [
            {
              "x1": 27.04998779296875,
              "x2": 570.300048828125,
              "y1": 513.6499938964844,
              "y2": 780.4166564941406,
              "page": 8
            },
            {
              "x1": 27.04998779296875,
              "x2": 570.300048828125,
              "y1": 62.26667785644531,
              "y2": 79.93333435058594,
              "page": 9
            }
          ],
          "answerOptions": "4"
        },
        "19": {
          "que": 19,
          "type": "mcq",
          "marks": {
            "cm": 4,
            "im": -1
          },
          "pdfData": [
            {
              "x1": 27.04998779296875,
              "x2": 570.300048828125,
              "y1": 131.1666717529297,
              "y2": 281.3333435058594,
              "page": 9
            }
          ],
          "answerOptions": "4"
        },
        "20": {
          "que": 20,
          "type": "mcq",
          "marks": {
            "cm": 4,
            "im": -1
          },
          "pdfData": [
            {
              "x1": 27.04998779296875,
              "x2": 570.300048828125,
              "y1": 323.73333740234375,
              "y2": 707.1000061035156,
              "page": 9
            }
          ],
          "answerOptions": "4"
        }
      },
      "P-NUM": {
        "21": {
          "que": 21,
          "type": "nat",
          "marks": {
            "cm": 4,
            "im": -1
          },
          "pdfData": [
            {
              "x1": 27.04998779296875,
              "x2": 570.300048828125,
              "y1": 65.80000305175781,
              "y2": 115.26667785644531,
              "page": 10
            }
          ]
        },
        "22": {
          "que": 22,
          "type": "nat",
          "marks": {
            "cm": 4,
            "im": -1
          },
          "pdfData": [
            {
              "x1": 27.04998779296875,
              "x2": 570.300048828125,
              "y1": 162.08334350585938,
              "y2": 246.88333129882812,
              "page": 10
            }
          ]
        },
        "23": {
          "que": 23,
          "type": "nat",
          "marks": {
            "cm": 4,
            "im": -1
          },
          "pdfData": [
            {
              "x1": 27.04998779296875,
              "x2": 570.300048828125,
              "y1": 297.23333740234375,
              "y2": 441.2166442871094,
              "page": 10
            }
          ]
        },
        "24": {
          "que": 24,
          "type": "nat",
          "marks": {
            "cm": 4,
            "im": -1
          },
          "pdfData": [
            {
              "x1": 27.04998779296875,
              "x2": 570.300048828125,
              "y1": 489.8000183105469,
              "y2": 548.1000061035156,
              "page": 10
            }
          ]
        },
        "25": {
          "que": 25,
          "type": "nat",
          "marks": {
            "cm": 4,
            "im": -1
          },
          "pdfData": [
            {
              "x1": 27.04998779296875,
              "x2": 570.300048828125,
              "y1": 592.2666931152344,
              "y2": 685.0166931152344,
              "page": 10
            },
            {
              "x1": 27.04998779296875,
              "x2": 570.300048828125,
              "y1": 82,
              "y2": 162,
              "page": 11
            }
          ]
        }
      }
    },
    "Chemistry": {
      "C-MCQ": {
        "26": {
          "que": 26,
          "type": "mcq",
          "marks": {
            "cm": 4,
            "im": -1
          },
          "pdfData": [
            {
              "x1": 27.04998779296875,
              "x2": 570.300048828125,
              "y1": 228,
              "y2": 534,
              "page": 11
            }
          ],
          "answerOptions": "4"
        },
        "27": {
          "que": 27,
          "type": "mcq",
          "marks": {
            "cm": 4,
            "im": -1
          },
          "pdfData": [
            {
              "x1": 27.04998779296875,
              "x2": 570.300048828125,
              "y1": 585,
              "y2": 701,
              "page": 11
            },
            {
              "x1": 27.04998779296875,
              "x2": 570.300048828125,
              "y1": 64,
              "y2": 310,
              "page": 12
            }
          ],
          "answerOptions": "4"
        },
        "28": {
          "que": 28,
          "type": "mcq",
          "marks": {
            "cm": 4,
            "im": -1
          },
          "pdfData": [
            {
              "x1": 27.04998779296875,
              "x2": 570.300048828125,
              "y1": 364,
              "y2": 493,
              "page": 12
            }
          ],
          "answerOptions": "4"
        },
        "29": {
          "que": 29,
          "type": "mcq",
          "marks": {
            "cm": 4,
            "im": -1
          },
          "pdfData": [
            {
              "x1": 27.04998779296875,
              "x2": 570.300048828125,
              "y1": 541,
              "y2": 672,
              "page": 12
            }
          ],
          "answerOptions": "4"
        },
        "30": {
          "que": 30,
          "type": "mcq",
          "marks": {
            "cm": 4,
            "im": -1
          },
          "pdfData": [
            {
              "x1": 27.04998779296875,
              "x2": 570.300048828125,
              "y1": 718,
              "y2": 771,
              "page": 12
            },
            {
              "x1": 27.04998779296875,
              "x2": 570.300048828125,
              "y1": 64,
              "y2": 163,
              "page": 13
            }
          ],
          "answerOptions": "4"
        },
        "31": {
          "que": 31,
          "type": "mcq",
          "marks": {
            "cm": 4,
            "im": -1
          },
          "pdfData": [
            {
              "x1": 27.04998779296875,
              "x2": 570.300048828125,
              "y1": 211,
              "y2": 461,
              "page": 13
            }
          ],
          "answerOptions": "4"
        },
        "32": {
          "que": 32,
          "type": "mcq",
          "marks": {
            "cm": 4,
            "im": -1
          },
          "pdfData": [
            {
              "x1": 27.04998779296875,
              "x2": 570.300048828125,
              "y1": 505,
              "y2": 779,
              "page": 13
            }
          ],
          "answerOptions": "4"
        },
        "33": {
          "que": 33,
          "type": "mcq",
          "marks": {
            "cm": 4,
            "im": -1
          },
          "pdfData": [
            {
              "x1": 27.04998779296875,
              "x2": 570.300048828125,
              "y1": 91,
              "y2": 248,
              "page": 14
            }
          ],
          "answerOptions": "4"
        },
        "34": {
          "que": 34,
          "type": "mcq",
          "marks": {
            "cm": 4,
            "im": -1
          },
          "pdfData": [
            {
              "x1": 27.04998779296875,
              "x2": 570.300048828125,
              "y1": 287,
              "y2": 518,
              "page": 14
            }
          ],
          "answerOptions": "4"
        },
        "35": {
          "que": 35,
          "type": "mcq",
          "marks": {
            "cm": 4,
            "im": -1
          },
          "pdfData": [
            {
              "x1": 27.04998779296875,
              "x2": 570.300048828125,
              "y1": 565,
              "y2": 705,
              "page": 14
            }
          ],
          "answerOptions": "4"
        },
        "36": {
          "que": 36,
          "type": "mcq",
          "marks": {
            "cm": 4,
            "im": -1
          },
          "pdfData": [
            {
              "x1": 27.04998779296875,
              "x2": 570.300048828125,
              "y1": 738,
              "y2": 779,
              "page": 14
            },
            {
              "x1": 27.04998779296875,
              "x2": 570.300048828125,
              "y1": 80,
              "y2": 214,
              "page": 15
            }
          ],
          "answerOptions": "4"
        },
        "37": {
          "que": 37,
          "type": "mcq",
          "marks": {
            "cm": 4,
            "im": -1
          },
          "pdfData": [
            {
              "x1": 27.04998779296875,
              "x2": 570.300048828125,
              "y1": 258,
              "y2": 551,
              "page": 15
            }
          ],
          "answerOptions": "4"
        },
        "38": {
          "que": 38,
          "type": "mcq",
          "marks": {
            "cm": 4,
            "im": -1
          },
          "pdfData": [
            {
              "x1": 27.04998779296875,
              "x2": 570.300048828125,
              "y1": 596,
              "y2": 732,
              "page": 15
            }
          ],
          "answerOptions": "4"
        },
        "39": {
          "que": 39,
          "type": "mcq",
          "marks": {
            "cm": 4,
            "im": -1
          },
          "pdfData": [
            {
              "x1": 27.04998779296875,
              "x2": 570.300048828125,
              "y1": 65,
              "y2": 208,
              "page": 16
            }
          ],
          "answerOptions": "4"
        },
        "40": {
          "que": 40,
          "type": "mcq",
          "marks": {
            "cm": 4,
            "im": -1
          },
          "pdfData": [
            {
              "x1": 27.04998779296875,
              "x2": 570.300048828125,
              "y1": 253,
              "y2": 402,
              "page": 16
            }
          ],
          "answerOptions": "4"
        },
        "41": {
          "que": 41,
          "type": "mcq",
          "marks": {
            "cm": 4,
            "im": -1
          },
          "pdfData": [
            {
              "x1": 27.04998779296875,
              "x2": 570.300048828125,
              "y1": 450,
              "y2": 638,
              "page": 16
            }
          ],
          "answerOptions": "4"
        },
        "42": {
          "que": 42,
          "type": "mcq",
          "marks": {
            "cm": 4,
            "im": -1
          },
          "pdfData": [
            {
              "x1": 27.04998779296875,
              "x2": 570.300048828125,
              "y1": 683,
              "y2": 780,
              "page": 16
            },
            {
              "x1": 27.04998779296875,
              "x2": 570.300048828125,
              "y1": 65,
              "y2": 142,
              "page": 17
            }
          ],
          "answerOptions": "4"
        },
        "43": {
          "que": 43,
          "type": "mcq",
          "marks": {
            "cm": 4,
            "im": -1
          },
          "pdfData": [
            {
              "x1": 27.04998779296875,
              "x2": 570.300048828125,
              "y1": 188,
              "y2": 342,
              "page": 17
            }
          ],
          "answerOptions": "4"
        },
        "44": {
          "que": 44,
          "type": "mcq",
          "marks": {
            "cm": 4,
            "im": -1
          },
          "pdfData": [
            {
              "x1": 27.04998779296875,
              "x2": 570.300048828125,
              "y1": 378,
              "y2": 662,
              "page": 17
            },
            {
              "x1": 27.04998779296875,
              "x2": 570.300048828125,
              "y1": 62,
              "y2": 484,
              "page": 18
            }
          ],
          "answerOptions": "4"
        },
        "45": {
          "que": 45,
          "type": "mcq",
          "marks": {
            "cm": 4,
            "im": -1
          },
          "pdfData": [
            {
              "x1": 27.04998779296875,
              "x2": 570.300048828125,
              "y1": 537,
              "y2": 682,
              "page": 18
            }
          ],
          "answerOptions": "4"
        }
      },
      "C-NUM": {
        "46": {
          "que": 46,
          "type": "nat",
          "marks": {
            "cm": 4,
            "im": -1
          },
          "pdfData": [
            {
              "x1": 27.04998779296875,
              "x2": 570.300048828125,
              "y1": 65,
              "y2": 132,
              "page": 19
            }
          ]
        },
        "47": {
          "que": 47,
          "type": "nat",
          "marks": {
            "cm": 4,
            "im": -1
          },
          "pdfData": [
            {
              "x1": 27.04998779296875,
              "x2": 570.300048828125,
              "y1": 179,
              "y2": 215,
              "page": 19
            }
          ]
        },
        "48": {
          "que": 48,
          "type": "nat",
          "marks": {
            "cm": 4,
            "im": -1
          },
          "pdfData": [
            {
              "x1": 27.04998779296875,
              "x2": 570.300048828125,
              "y1": 265,
              "y2": 322,
              "page": 19
            }
          ]
        },
        "49": {
          "que": 49,
          "type": "nat",
          "marks": {
            "cm": 4,
            "im": -1
          },
          "pdfData": [
            {
              "x1": 27.04998779296875,
              "x2": 570.300048828125,
              "y1": 370,
              "y2": 524,
              "page": 19
            }
          ]
        },
        "50": {
          "que": 50,
          "type": "nat",
          "marks": {
            "cm": 4,
            "im": -1
          },
          "pdfData": [
            {
              "x1": 27.04998779296875,
              "x2": 570.300048828125,
              "y1": 576,
              "y2": 675,
              "page": 19
            }
          ]
        }
      }
    },
    "Mathematics": {
      "M-MCQ": {
        "51": {
          "que": 51,
          "type": "mcq",
          "marks": {
            "cm": 4,
            "im": -1
          },
          "pdfData": [
            {
              "x1": 27.04998779296875,
              "x2": 570.300048828125,
              "y1": 735,
              "y2": 768,
              "page": 19
            },
            {
              "x1": 27.04998779296875,
              "x2": 570.300048828125,
              "y1": 64,
              "y2": 169,
              "page": 20
            }
          ],
          "answerOptions": "4"
        },
        "52": {
          "que": 52,
          "type": "mcq",
          "marks": {
            "cm": 4,
            "im": -1
          },
          "pdfData": [
            {
              "x1": 27.04998779296875,
              "x2": 570.300048828125,
              "y1": 212,
              "y2": 369,
              "page": 20
            }
          ],
          "answerOptions": "4"
        },
        "53": {
          "que": 53,
          "type": "mcq",
          "marks": {
            "cm": 4,
            "im": -1
          },
          "pdfData": [
            {
              "x1": 27.04998779296875,
              "x2": 570.300048828125,
              "y1": 415,
              "y2": 562,
              "page": 20
            }
          ],
          "answerOptions": "4"
        },
        "54": {
          "que": 54,
          "type": "mcq",
          "marks": {
            "cm": 4,
            "im": -1
          },
          "pdfData": [
            {
              "x1": 27.04998779296875,
              "x2": 570.300048828125,
              "y1": 611,
              "y2": 754,
              "page": 20
            }
          ],
          "answerOptions": "4"
        },
        "55": {
          "que": 55,
          "type": "mcq",
          "marks": {
            "cm": 4,
            "im": -1
          },
          "pdfData": [
            {
              "x1": 27.04998779296875,
              "x2": 570.300048828125,
              "y1": 87,
              "y2": 268,
              "page": 21
            }
          ],
          "answerOptions": "4"
        },
        "56": {
          "que": 56,
          "type": "mcq",
          "marks": {
            "cm": 4,
            "im": -1
          },
          "pdfData": [
            {
              "x1": 27.04998779296875,
              "x2": 570.300048828125,
              "y1": 312,
              "y2": 446,
              "page": 21
            }
          ],
          "answerOptions": "4"
        },
        "57": {
          "que": 57,
          "type": "mcq",
          "marks": {
            "cm": 4,
            "im": -1
          },
          "pdfData": [
            {
              "x1": 27.04998779296875,
              "x2": 570.300048828125,
              "y1": 495,
              "y2": 652,
              "page": 21
            }
          ],
          "answerOptions": "4"
        },
        "58": {
          "que": 58,
          "type": "mcq",
          "marks": {
            "cm": 4,
            "im": -1
          },
          "pdfData": [
            {
              "x1": 27.04998779296875,
              "x2": 570.300048828125,
              "y1": 696,
              "y2": 772,
              "page": 21
            },
            {
              "x1": 27.04998779296875,
              "x2": 570.300048828125,
              "y1": 63,
              "y2": 147,
              "page": 22
            }
          ],
          "answerOptions": "4"
        },
        "59": {
          "que": 59,
          "type": "mcq",
          "marks": {
            "cm": 4,
            "im": -1
          },
          "pdfData": [
            {
              "x1": 27.04998779296875,
              "x2": 570.300048828125,
              "y1": 195,
              "y2": 357,
              "page": 22
            }
          ],
          "answerOptions": "4"
        },
        "60": {
          "que": 60,
          "type": "mcq",
          "marks": {
            "cm": 4,
            "im": -1
          },
          "pdfData": [
            {
              "x1": 27.04998779296875,
              "x2": 570.300048828125,
              "y1": 401,
              "y2": 571,
              "page": 22
            }
          ],
          "answerOptions": "4"
        },
        "61": {
          "que": 61,
          "type": "mcq",
          "marks": {
            "cm": 4,
            "im": -1
          },
          "pdfData": [
            {
              "x1": 27.04998779296875,
              "x2": 570.300048828125,
              "y1": 606,
              "y2": 764,
              "page": 22
            }
          ],
          "answerOptions": "4"
        },
        "62": {
          "que": 62,
          "type": "mcq",
          "marks": {
            "cm": 4,
            "im": -1
          },
          "pdfData": [
            {
              "x1": 27.04998779296875,
              "x2": 570.300048828125,
              "y1": 92,
              "y2": 240,
              "page": 23
            }
          ],
          "answerOptions": "4"
        },
        "63": {
          "que": 63,
          "type": "mcq",
          "marks": {
            "cm": 4,
            "im": -1
          },
          "pdfData": [
            {
              "x1": 27.04998779296875,
              "x2": 570.300048828125,
              "y1": 288,
              "y2": 447,
              "page": 23
            }
          ],
          "answerOptions": "4"
        },
        "64": {
          "que": 64,
          "type": "mcq",
          "marks": {
            "cm": 4,
            "im": -1
          },
          "pdfData": [
            {
              "x1": 27.04998779296875,
              "x2": 570.300048828125,
              "y1": 487,
              "y2": 688,
              "page": 23
            }
          ],
          "answerOptions": "4"
        },
        "65": {
          "que": 65,
          "type": "mcq",
          "marks": {
            "cm": 4,
            "im": -1
          },
          "pdfData": [
            {
              "x1": 27.04998779296875,
              "x2": 570.300048828125,
              "y1": 730,
              "y2": 771,
              "page": 23
            },
            {
              "x1": 27.04998779296875,
              "x2": 570.300048828125,
              "y1": 63,
              "y2": 171,
              "page": 24
            }
          ],
          "answerOptions": "4"
        },
        "66": {
          "que": 66,
          "type": "mcq",
          "marks": {
            "cm": 4,
            "im": -1
          },
          "pdfData": [
            {
              "x1": 27.04998779296875,
              "x2": 570.300048828125,
              "y1": 218,
              "y2": 373,
              "page": 24
            }
          ],
          "answerOptions": "4"
        },
        "67": {
          "que": 67,
          "type": "mcq",
          "marks": {
            "cm": 4,
            "im": -1
          },
          "pdfData": [
            {
              "x1": 27.04998779296875,
              "x2": 570.300048828125,
              "y1": 416,
              "y2": 563,
              "page": 24
            }
          ],
          "answerOptions": "4"
        },
        "68": {
          "que": 68,
          "type": "mcq",
          "marks": {
            "cm": 4,
            "im": -1
          },
          "pdfData": [
            {
              "x1": 27.04998779296875,
              "x2": 570.300048828125,
              "y1": 604,
              "y2": 777,
              "page": 24
            }
          ],
          "answerOptions": "4"
        },
        "69": {
          "que": 69,
          "type": "mcq",
          "marks": {
            "cm": 4,
            "im": -1
          },
          "pdfData": [
            {
              "x1": 27.04998779296875,
              "x2": 570.300048828125,
              "y1": 89,
              "y2": 251,
              "page": 25
            }
          ],
          "answerOptions": "4"
        },
        "70": {
          "que": 70,
          "type": "mcq",
          "marks": {
            "cm": 4,
            "im": -1
          },
          "pdfData": [
            {
              "x1": 27.04998779296875,
              "x2": 570.300048828125,
              "y1": 299,
              "y2": 465,
              "page": 25
            }
          ],
          "answerOptions": "4"
        }
      },
      "M-NUM": {
        "71": {
          "que": 71,
          "type": "nat",
          "marks": {
            "cm": 4,
            "im": -1
          },
          "pdfData": [
            {
              "x1": 27.04998779296875,
              "x2": 570.300048828125,
              "y1": 510,
              "y2": 550,
              "page": 25
            }
          ]
        },
        "72": {
          "que": 72,
          "type": "nat",
          "marks": {
            "cm": 4,
            "im": -1
          },
          "pdfData": [
            {
              "x1": 27.04998779296875,
              "x2": 570.300048828125,
              "y1": 594,
              "y2": 634,
              "page": 25
            }
          ]
        },
        "73": {
          "que": 73,
          "type": "nat",
          "marks": {
            "cm": 4,
            "im": -1
          },
          "pdfData": [
            {
              "x1": 27.04998779296875,
              "x2": 570.300048828125,
              "y1": 680,
              "y2": 719,
              "page": 25
            }
          ]
        },
        "74": {
          "que": 74,
          "type": "nat",
          "marks": {
            "cm": 4,
            "im": -1
          },
          "pdfData": [
            {
              "x1": 27.04998779296875,
              "x2": 570.300048828125,
              "y1": 62,
              "y2": 87,
              "page": 26
            }
          ]
        },
        "75": {
          "que": 75,
          "type": "nat",
          "marks": {
            "cm": 4,
            "im": -1
          },
          "pdfData": [
            {
              "x1": 27.04998779296875,
              "x2": 570.300048828125,
              "y1": 131,
              "y2": 177,
              "page": 26
            }
          ]
        }
      }
    }
  },
  "testConfig": {
    "pdfFileHash": "9a21fd3fc597400087b0735f05514a5f21a3ed1584a12cb9e98893d94e060146"
  },
  "appVersion": "1.19.0",
  "generatedBy": "answerKeyPage",
  "generatedBasedOn": "pdfCropperPage",
  "testAnswerKey": {
    "Physics": {
      "P-MCQ": {
        "1": [
          4
        ],
        "2": [
          4
        ],
        "3": [
          3
        ],
        "4": [
          3
        ],
        "5": [
          1
        ],
        "6": [
          3
        ],
        "7": [
          1
        ],
        "8": [
          1
        ],
        "9": [
          2
        ],
        "10": [
          1
        ],
        "11": [
          2
        ],
        "12": [
          3
        ],
        "13": [
          1
        ],
        "14": [
          3
        ],
        "15": [
          2
        ],
        "16": [
          4
        ],
        "17": [
          3
        ],
        "18": [
          2
        ],
        "19": [
          4
        ],
        "20": [
          1
        ]
      },
      "P-NUM": {
        "21": "20",
        "22": "3",
        "23": "8",
        "24": "5",
        "25": "7"
      }
    },
    "Chemistry": {
      "C-MCQ": {
        "26": [
          4
        ],
        "27": [
          1
        ],
        "28": [
          4
        ],
        "29": [
          3
        ],
        "30": [
          4
        ],
        "31": [
          2
        ],
        "32": [
          2
        ],
        "33": [
          4
        ],
        "34": [
          3
        ],
        "35": [
          3
        ],
        "36": [
          3
        ],
        "37": [
          1
        ],
        "38": [
          4
        ],
        "39": [
          1
        ],
        "40": [
          3
        ],
        "41": [
          4
        ],
        "42": [
          1
        ],
        "43": [
          3
        ],
        "44": [
          2
        ],
        "45": [
          2
        ]
      },
      "C-NUM": {
        "46": "5",
        "47": "6000",
        "48": "20",
        "49": "4",
        "50": "5"
      }
    },
    "Mathematics": {
      "M-MCQ": {
        "51": [
          4
        ],
        "52": [
          1
        ],
        "53": [
          1
        ],
        "54": [
          1
        ],
        "55": [
          1
        ],
        "56": [
          2
        ],
        "57": [
          1
        ],
        "58": [
          1
        ],
        "59": [
          2
        ],
        "60": [
          2
        ],
        "61": [
          1
        ],
        "62": [
          3
        ],
        "63": [
          3
        ],
        "64": [
          4
        ],
        "65": [
          2
        ],
        "66": [
          2
        ],
        "67": [
          4
        ],
        "68": [
          4
        ],
        "69": [
          3
        ],
        "70": [
          3
        ]
      },
      "M-NUM": {
        "71": "7",
        "72": "3",
        "73": "7",
        "74": "0",
        "75": "3"
      }
    }
  }
}