{
  "pdfCropperData": {
    "Maths": {
      "M-MCQ": {
        "1": {
          "que": 1,
          "type": "mcq",
          "marks": {
            "cm": 3,
            "im": -1
          },
          "pdfData": [
            {
              "x1": 85.91668701171875,
              "x2": 441.01666259765625,
              "y1": 153.25,
              "y2": 329.91668701171875,
              "page": 1
            }
          ],
          "answerOptions": "4"
        },
        "2": {
          "que": 2,
          "type": "mcq",
          "marks": {
            "cm": 3,
            "im": -1
          },
          "pdfData": [
            {
              "x1": 85.91668701171875,
              "x2": 441.01666259765625,
              "y1": 376.73333740234375,
              "y2": 562.2333679199219,
              "page": 1
            }
          ],
          "answerOptions": "4"
        },
        "3": {
          "que": 3,
          "type": "mcq",
          "marks": {
            "cm": 3,
            "im": -1
          },
          "pdfData": [
            {
              "x1": 85.91668701171875,
              "x2": 441.01666259765625,
              "y1": 609.0500183105469,
              "y2": 721.2333679199219,
              "page": 1
            }
          ],
          "answerOptions": "4"
        },
        "4": {
          "que": 4,
          "type": "mcq",
          "marks": {
            "cm": 3,
            "im": -1
          },
          "pdfData": [
            {
              "x1": 85.91668701171875,
              "x2": 514.3333129882812,
              "y1": 66.68333435058594,
              "y2": 162.08334350585938,
              "page": 2
            }
          ],
          "answerOptions": "4"
        }
      },
      "M-MSQ": {
        "5": {
          "que": 5,
          "type": "msq",
          "marks": {
            "cm": 4,
            "pm": 1,
            "im": 0
          },
          "pdfData": [
            {
              "x1": 85.91668701171875,
              "x2": 514.3333129882812,
              "y1": 288.3999938964844,
              "y2": 345.8166809082031,
              "page": 2
            }
          ],
          "answerOptions": "4"
        },
        "6": {
          "que": 6,
          "type": "msq",
          "marks": {
            "cm": 4,
            "pm": 1,
            "im": 0
          },
          "pdfData": [
            {
              "x1": 85.91668701171875,
              "x2": 514.3333129882812,
              "y1": 390.8666687011719,
              "y2": 520.7166442871094,
              "page": 2
            }
          ],
          "answerOptions": "4"
        },
        "7": {
          "que": 7,
          "type": "msq",
          "marks": {
            "cm": 4,
            "pm": 1,
            "im": 0
          },
          "pdfData": [
            {
              "x1": 85.91668701171875,
              "x2": 514.3333129882812,
              "y1": 544.5666809082031,
              "y2": 692.9666442871094,
              "page": 2
            }
          ],
          "answerOptions": "4"
        },
        "8": {
          "que": 8,
          "type": "msq",
          "marks": {
            "cm": 4,
            "pm": 1,
            "im": 0
          },
          "pdfData": [
            {
              "x1": 85.91668701171875,
              "x2": 514.3333129882812,
              "y1": 88.76667785644531,
              "y2": 215.9666748046875,
              "page": 3
            }
          ],
          "answerOptions": "4"
        }
      },
      "M-INTNUM": {
        "9": {
          "que": 9,
          "type": "nat",
          "marks": {
            "cm": 4,
            "im": 0
          },
          "pdfData": [
            {
              "x1": 85.91668701171875,
              "x2": 514.3333129882812,
              "y1": 331.683349609375,
              "y2": 382.0333251953125,
              "page": 3
            }
          ]
        },
        "10": {
          "que": 10,
          "type": "nat",
          "marks": {
            "cm": 4,
            "im": 0
          },
          "pdfData": [
            {
              "x1": 85.91668701171875,
              "x2": 514.3333129882812,
              "y1": 405.8833312988281,
              "y2": 461.5333557128906,
              "page": 3
            }
          ]
        },
        "11": {
          "que": 11,
          "type": "nat",
          "marks": {
            "cm": 4,
            "im": 0
          },
          "pdfData": [
            {
              "x1": 85.91668701171875,
              "x2": 514.3333129882812,
              "y1": 483.6166687011719,
              "y2": 570.1833190917969,
              "page": 3
            }
          ]
        },
        "12": {
          "que": 12,
          "type": "nat",
          "marks": {
            "cm": 4,
            "im": 0
          },
          "pdfData": [
            {
              "x1": 85.91668701171875,
              "x2": 514.3333129882812,
              "y1": 595.8000183105469,
              "y2": 667.3500061035156,
              "page": 3
            }
          ]
        },
        "13": {
          "que": 13,
          "type": "nat",
          "marks": {
            "cm": 4,
            "im": 0
          },
          "pdfData": [
            {
              "x1": 85.91668701171875,
              "x2": 514.3333129882812,
              "y1": 64.91667175292969,
              "y2": 117.91667175292969,
              "page": 4
            }
          ]
        },
        "14": {
          "que": 14,
          "type": "nat",
          "marks": {
            "cm": 4,
            "im": 0
          },
          "pdfData": [
            {
              "x1": 85.91668701171875,
              "x2": 514.3333129882812,
              "y1": 143.53334045410156,
              "y2": 416.48333740234375,
              "page": 4
            }
          ]
        }
      },
      "M-MCQPARA": {
        "15": {
          "que": 15,
          "type": "mcq",
          "marks": {
            "cm": 3,
            "im": -1
          },
          "pdfData": [
            {
              "x1": 85.91668701171875,
              "x2": 514.3333129882812,
              "y1": 539.2666931152344,
              "y2": 575.4833679199219,
              "page": 4
            },
            {
              "x1": 85.91668701171875,
              "x2": 514.3333129882812,
              "y1": 600.2166442871094,
              "y2": 658.5166931152344,
              "page": 4
            }
          ],
          "answerOptions": "4"
        },
        "16": {
          "que": 16,
          "type": "mcq",
          "marks": {
            "cm": 3,
            "im": -1
          },
          "pdfData": [
            {
              "x1": 85.91668701171875,
              "x2": 514.3333129882812,
              "y1": 540.1499938964844,
              "y2": 575.4833679199219,
              "page": 4
            },
            {
              "x1": 85.91668701171875,
              "x2": 514.3333129882812,
              "y1": 680.6000061035156,
              "y2": 721.2333679199219,
              "page": 4
            }
          ],
          "answerOptions": "4"
        },
        "17": {
          "que": 17,
          "type": "mcq",
          "marks": {
            "cm": 3,
            "im": -1
          },
          "pdfData": [
            {
              "x1": 85.91668701171875,
              "x2": 514.3333129882812,
              "y1": 88.76667785644531,
              "y2": 210.66668701171875,
              "page": 5
            },
            {
              "x1": 85.91668701171875,
              "x2": 514.3333129882812,
              "y1": 237.16668701171875,
              "y2": 306.95001220703125,
              "page": 5
            }
          ],
          "answerOptions": "4"
        },
        "18": {
          "que": 18,
          "type": "mcq",
          "marks": {
            "cm": 3,
            "im": -1
          },
          "pdfData": [
            {
              "x1": 85.91668701171875,
              "x2": 514.3333129882812,
              "y1": 89.65000915527344,
              "y2": 210.66668701171875,
              "page": 5
            },
            {
              "x1": 85.91668701171875,
              "x2": 514.3333129882812,
              "y1": 334.3333435058594,
              "y2": 374.9666748046875,
              "page": 5
            }
          ],
          "answerOptions": "4"
        }
      }
    }
  },
  "testConfig": {
    "pdfFileHash": "f6c2f72c014684cba21dcd690be56e239f259d5945c314e3edba2243d168b949"
  },
  "appVersion": "1.19.1",
  "generatedBy": "answerKeyPage",
  "generatedBasedOn": "pdfCropperPage",
  "testAnswerKey": {
    "Maths": {
      "M-MCQ": {
        "1": [
          1
        ],
        "2": [
          4
        ],
        "3": [
          2
        ],
        "4": [
          2
        ]
      },
      "M-MSQ": {
        "5": [
          1,
          4
        ],
        "6": [
          1,
          4
        ],
        "7": [
          1,
          2,
          4
        ],
        "8": [
          1,
          3,
          4
        ]
      },
      "M-INTNUM": {
        "9": "10",
        "10": "2",
        "11": "-4",
        "12": "2",
        "13": "1",
        "14": "2"
      },
      "M-MCQPARA": {
        "15": [
          1
        ],
        "16": [
          2
        ],
        "17": [
          4
        ],
        "18": [
          1
        ]
      }
    }
  }
}