{
  "testConfig": {
    "pdfFileHash": "aec96af9d9e03b865a799ba09ef859834edb852b43d40b84abfabed3ae152e3c"
  },
  "pdfCropperData": {
    "Physics": {
      "P-MSQ": {
        "1": {
          "que": 1,
          "type": "msq",
          "marks": {
            "cm": 4,
            "pm": 1,
            "im": -2
          },
          "pdfData": [
            {
              "x1": 52,
              "x2": 544,
              "y1": 414,
              "y2": 697,
              "page": 1
            }
          ],
          "answerOptions": "4"
        },
        "2": {
          "que": 2,
          "type": "msq",
          "marks": {
            "cm": 4,
            "pm": 1,
            "im": -2
          },
          "pdfData": [
            {
              "x1": 52,
              "x2": 544,
              "y1": 53,
              "y2": 265,
              "page": 2
            }
          ],
          "answerOptions": "4"
        },
        "3": {
          "que": 3,
          "type": "msq",
          "marks": {
            "cm": 4,
            "pm": 1,
            "im": -2
          },
          "pdfData": [
            {
              "x1": 52,
              "x2": 544,
              "y1": 336,
              "y2": 528,
              "page": 2
            }
          ],
          "answerOptions": "4"
        },
        "4": {
          "que": 4,
          "type": "msq",
          "marks": {
            "cm": 4,
            "pm": 1,
            "im": -2
          },
          "pdfData": [
            {
              "x1": 52,
              "x2": 544,
              "y1": 53,
              "y2": 354,
              "page": 3
            }
          ],
          "answerOptions": "4"
        },
        "5": {
          "que": 5,
          "type": "msq",
          "marks": {
            "cm": 4,
            "pm": 1,
            "im": -2
          },
          "pdfData": [
            {
              "x1": 52,
              "x2": 544,
              "y1": 411,
              "y2": 680,
              "page": 3
            }
          ],
          "answerOptions": "4"
        },
        "6": {
          "que": 6,
          "type": "msq",
          "marks": {
            "cm": 4,
            "pm": 1,
            "im": -2
          },
          "pdfData": [
            {
              "x1": 52,
              "x2": 544,
              "y1": 52,
              "y2": 395,
              "page": 4
            }
          ],
          "answerOptions": "4"
        }
      },
      "P-DECNUM": {
        "7": {
          "que": 7,
          "type": "nat",
          "marks": {
            "cm": 3,
            "im": 0
          },
          "pdfData": [
            {
              "x1": 52,
              "x2": 544,
              "y1": 223,
              "y2": 281,
              "page": 5
            }
          ]
        },
        "8": {
          "que": 8,
          "type": "nat",
          "marks": {
            "cm": 3,
            "im": 0
          },
          "pdfData": [
            {
              "x1": 52,
              "x2": 544,
              "y1": 345,
              "y2": 466,
              "page": 5
            }
          ]
        },
        "9": {
          "que": 9,
          "type": "nat",
          "marks": {
            "cm": 3,
            "im": 0
          },
          "pdfData": [
            {
              "x1": 52,
              "x2": 544,
              "y1": 527,
              "y2": 615,
              "page": 5
            }
          ]
        },
        "10": {
          "que": 10,
          "type": "nat",
          "marks": {
            "cm": 3,
            "im": 0
          },
          "pdfData": [
            {
              "x1": 52,
              "x2": 544,
              "y1": 54,
              "y2": 305,
              "page": 6
            }
          ]
        },
        "11": {
          "que": 11,
          "type": "nat",
          "marks": {
            "cm": 3,
            "im": 0
          },
          "pdfData": [
            {
              "x1": 52,
              "x2": 544,
              "y1": 402,
              "y2": 728,
              "page": 6
            }
          ]
        },
        "12": {
          "que": 12,
          "type": "nat",
          "marks": {
            "cm": 3,
            "im": 0
          },
          "pdfData": [
            {
              "x1": 52,
              "x2": 544,
              "y1": 53,
              "y2": 428,
              "page": 7
            }
          ]
        },
        "13": {
          "que": 13,
          "type": "nat",
          "marks": {
            "cm": 3,
            "im": 0
          },
          "pdfData": [
            {
              "x1": 52,
              "x2": 544,
              "y1": 525,
              "y2": 593,
              "page": 7
            }
          ]
        },
        "14": {
          "que": 14,
          "type": "nat",
          "marks": {
            "cm": 3,
            "im": 0
          },
          "pdfData": [
            {
              "x1": 52,
              "x2": 544,
              "y1": 52,
              "y2": 301,
              "page": 8
            }
          ]
        }
      },
      "P-MCQPARA": {
        "15": {
          "que": 15,
          "type": "mcq",
          "marks": {
            "cm": 3,
            "im": -1
          },
          "pdfData": [
            {
              "x1": 56,
              "x2": 544,
              "y1": 368,
              "y2": 459,
              "page": 9
            },
            {
              "x1": 89,
              "x2": 514,
              "y1": 242,
              "y2": 348,
              "page": 9
            }
          ],
          "answerOptions": "4"
        },
        "16": {
          "que": 16,
          "type": "mcq",
          "marks": {
            "cm": 3,
            "im": -1
          },
          "pdfData": [
            {
              "x1": 56,
              "x2": 544,
              "y1": 203,
              "y2": 297,
              "page": 10
            },
            {
              "x1": 89,
              "x2": 514,
              "y1": 242,
              "y2": 348,
              "page": 9
            }
          ],
          "answerOptions": "4"
        },
        "17": {
          "que": 17,
          "type": "mcq",
          "marks": {
            "cm": 3,
            "im": -1
          },
          "pdfData": [
            {
              "x1": 83,
              "x2": 529,
              "y1": 67,
              "y2": 268,
              "page": 11
            },
            {
              "x1": 48,
              "x2": 544,
              "y1": 287,
              "y2": 462,
              "page": 11
            }
          ],
          "answerOptions": "4"
        },
        "18": {
          "que": 18,
          "type": "mcq",
          "marks": {
            "cm": 3,
            "im": -1
          },
          "pdfData": [
            {
              "x1": 83,
              "x2": 529,
              "y1": 67,
              "y2": 268,
              "page": 11
            },
            {
              "x1": 48,
              "x2": 544,
              "y1": 320,
              "y2": 406,
              "page": 12
            }
          ],
          "answerOptions": "4"
        }
      }
    },
    "Chemistry": {
      "C-MSQ": {
        "19": {
          "que": 19,
          "type": "msq",
          "marks": {
            "cm": 4,
            "pm": 1,
            "im": -2
          },
          "pdfData": [
            {
              "x1": 48,
              "x2": 544,
              "y1": 435,
              "y2": 577,
              "page": 13
            }
          ],
          "answerOptions": "4"
        },
        "20": {
          "que": 20,
          "type": "msq",
          "marks": {
            "cm": 4,
            "pm": 1,
            "im": -2
          },
          "pdfData": [
            {
              "x1": 48,
              "x2": 544,
              "y1": 614,
              "y2": 748,
              "page": 13
            }
          ],
          "answerOptions": "4"
        },
        "21": {
          "que": 21,
          "type": "msq",
          "marks": {
            "cm": 4,
            "pm": 1,
            "im": -2
          },
          "pdfData": [
            {
              "x1": 48,
              "x2": 544,
              "y1": 66,
              "y2": 181,
              "page": 14
            }
          ],
          "answerOptions": "4"
        },
        "22": {
          "que": 22,
          "type": "msq",
          "marks": {
            "cm": 4,
            "pm": 1,
            "im": -2
          },
          "pdfData": [
            {
              "x1": 48,
              "x2": 544,
              "y1": 207,
              "y2": 435,
              "page": 14
            }
          ],
          "answerOptions": "4"
        },
        "23": {
          "que": 23,
          "type": "msq",
          "marks": {
            "cm": 4,
            "pm": 1,
            "im": -2
          },
          "pdfData": [
            {
              "x1": 48,
              "x2": 544,
              "y1": 53,
              "y2": 504,
              "page": 15
            }
          ],
          "answerOptions": "4"
        },
        "24": {
          "que": 24,
          "type": "msq",
          "marks": {
            "cm": 4,
            "pm": 1,
            "im": -2
          },
          "pdfData": [
            {
              "x1": 48,
              "x2": 544,
              "y1": 78,
              "y2": 425,
              "page": 16
            }
          ],
          "answerOptions": "4"
        }
      },
      "C-DECNUM": {
        "25": {
          "que": 25,
          "type": "nat",
          "marks": {
            "cm": 3,
            "im": 0
          },
          "pdfData": [
            {
              "x1": 48,
              "x2": 544,
              "y1": 224,
              "y2": 297,
              "page": 17
            }
          ]
        },
        "26": {
          "que": 26,
          "type": "nat",
          "marks": {
            "cm": 3,
            "im": 0
          },
          "pdfData": [
            {
              "x1": 48,
              "x2": 544,
              "y1": 368,
              "y2": 490,
              "page": 17
            }
          ]
        },
        "27": {
          "que": 27,
          "type": "nat",
          "marks": {
            "cm": 3,
            "im": 0
          },
          "pdfData": [
            {
              "x1": 48,
              "x2": 544,
              "y1": 54,
              "y2": 245,
              "page": 18
            }
          ]
        },
        "28": {
          "que": 28,
          "type": "nat",
          "marks": {
            "cm": 3,
            "im": 0
          },
          "pdfData": [
            {
              "x1": 48,
              "x2": 544,
              "y1": 405,
              "y2": 552,
              "page": 18
            }
          ]
        },
        "29": {
          "que": 29,
          "type": "nat",
          "marks": {
            "cm": 3,
            "im": 0
          },
          "pdfData": [
            {
              "x1": 63,
              "x2": 545,
              "y1": 103,
              "y2": 415,
              "page": 19
            }
          ]
        },
        "30": {
          "que": 30,
          "type": "nat",
          "marks": {
            "cm": 3,
            "im": 0
          },
          "pdfData": [
            {
              "x1": 63,
              "x2": 545,
              "y1": 495,
              "y2": 597,
              "page": 19
            }
          ]
        },
        "31": {
          "que": 31,
          "type": "nat",
          "marks": {
            "cm": 3,
            "im": 0
          },
          "pdfData": [
            {
              "x1": 63,
              "x2": 545,
              "y1": 52,
              "y2": 118,
              "page": 20
            }
          ]
        },
        "32": {
          "que": 32,
          "type": "nat",
          "marks": {
            "cm": 3,
            "im": 0
          },
          "pdfData": [
            {
              "x1": 63,
              "x2": 545,
              "y1": 254,
              "y2": 668,
              "page": 20
            }
          ]
        }
      },
      "C-MCQPARA": {
        "33": {
          "que": 33,
          "type": "mcq",
          "marks": {
            "cm": 3,
            "im": -1
          },
          "pdfData": [
            {
              "x1": 102,
              "x2": 513,
              "y1": 250,
              "y2": 352,
              "page": 21
            },
            {
              "x1": 62,
              "x2": 545,
              "y1": 374,
              "y2": 548,
              "page": 21
            }
          ],
          "answerOptions": "4"
        },
        "34": {
          "que": 34,
          "type": "mcq",
          "marks": {
            "cm": 3,
            "im": -1
          },
          "pdfData": [
            {
              "x1": 102,
              "x2": 513,
              "y1": 250,
              "y2": 352,
              "page": 21
            },
            {
              "x1": 62,
              "x2": 545,
              "y1": 239,
              "y2": 435,
              "page": 22
            }
          ],
          "answerOptions": "4"
        },
        "35": {
          "que": 35,
          "type": "mcq",
          "marks": {
            "cm": 3,
            "im": -1
          },
          "pdfData": [
            {
              "x1": 102,
              "x2": 529,
              "y1": 95,
              "y2": 262,
              "page": 23
            },
            {
              "x1": 62,
              "x2": 544,
              "y1": 283,
              "y2": 472,
              "page": 23
            }
          ],
          "answerOptions": "4"
        },
        "36": {
          "que": 36,
          "type": "mcq",
          "marks": {
            "cm": 3,
            "im": -1
          },
          "pdfData": [
            {
              "x1": 102,
              "x2": 529,
              "y1": 95,
              "y2": 262,
              "page": 23
            },
            {
              "x1": 62,
              "x2": 544,
              "y1": 308,
              "y2": 458,
              "page": 24
            }
          ],
          "answerOptions": "4"
        }
      }
    },
    "Maths": {
      "M-MSQ": {
        "37": {
          "que": 37,
          "type": "msq",
          "marks": {
            "cm": 4,
            "pm": 1,
            "im": -2
          },
          "pdfData": [
            {
              "x1": 57,
              "x2": 545,
              "y1": 53,
              "y2": 420,
              "page": 26
            }
          ],
          "answerOptions": "4"
        },
        "38": {
          "que": 38,
          "type": "msq",
          "marks": {
            "cm": 4,
            "pm": 1,
            "im": -2
          },
          "pdfData": [
            {
              "x1": 57,
              "x2": 545,
              "y1": 452,
              "y2": 634,
              "page": 26
            }
          ],
          "answerOptions": "4"
        },
        "39": {
          "que": 39,
          "type": "msq",
          "marks": {
            "cm": 4,
            "pm": 1,
            "im": -2
          },
          "pdfData": [
            {
              "x1": 57,
              "x2": 545,
              "y1": 54,
              "y2": 325,
              "page": 27
            }
          ],
          "answerOptions": "4"
        },
        "40": {
          "que": 40,
          "type": "msq",
          "marks": {
            "cm": 4,
            "pm": 1,
            "im": -2
          },
          "pdfData": [
            {
              "x1": 57,
              "x2": 545,
              "y1": 341,
              "y2": 526,
              "page": 27
            }
          ],
          "answerOptions": "4"
        },
        "41": {
          "que": 41,
          "type": "msq",
          "marks": {
            "cm": 4,
            "pm": 1,
            "im": -2
          },
          "pdfData": [
            {
              "x1": 57,
              "x2": 545,
              "y1": 563,
              "y2": 703,
              "page": 27
            }
          ],
          "answerOptions": "4"
        },
        "42": {
          "que": 42,
          "type": "msq",
          "marks": {
            "cm": 4,
            "pm": 1,
            "im": -2
          },
          "pdfData": [
            {
              "x1": 57,
              "x2": 545,
              "y1": 53,
              "y2": 289,
              "page": 28
            }
          ],
          "answerOptions": "4"
        }
      },
      "M-DECNUM": {
        "43": {
          "que": 43,
          "type": "nat",
          "marks": {
            "cm": 3,
            "im": 0
          },
          "pdfData": [
            {
              "x1": 57,
              "x2": 545,
              "y1": 212,
              "y2": 272,
              "page": 29
            }
          ]
        },
        "44": {
          "que": 44,
          "type": "nat",
          "marks": {
            "cm": 3,
            "im": 0
          },
          "pdfData": [
            {
              "x1": 57,
              "x2": 545,
              "y1": 292,
              "y2": 335,
              "page": 29
            }
          ]
        },
        "45": {
          "que": 45,
          "type": "nat",
          "marks": {
            "cm": 3,
            "im": 0
          },
          "pdfData": [
            {
              "x1": 57,
              "x2": 545,
              "y1": 366,
              "y2": 426,
              "page": 29
            }
          ]
        },
        "46": {
          "que": 46,
          "type": "nat",
          "marks": {
            "cm": 3,
            "im": 0
          },
          "pdfData": [
            {
              "x1": 57,
              "x2": 545,
              "y1": 449,
              "y2": 593,
              "page": 29
            }
          ]
        },
        "47": {
          "que": 47,
          "type": "nat",
          "marks": {
            "cm": 3,
            "im": 0
          },
          "pdfData": [
            {
              "x1": 57,
              "x2": 545,
              "y1": 625,
              "y2": 726,
              "page": 29
            }
          ]
        },
        "48": {
          "que": 48,
          "type": "nat",
          "marks": {
            "cm": 3,
            "im": 0
          },
          "pdfData": [
            {
              "x1": 57,
              "x2": 545,
              "y1": 52,
              "y2": 122,
              "page": 30
            }
          ]
        },
        "49": {
          "que": 49,
          "type": "nat",
          "marks": {
            "cm": 3,
            "im": 0
          },
          "pdfData": [
            {
              "x1": 57,
              "x2": 545,
              "y1": 144,
              "y2": 230,
              "page": 30
            }
          ]
        },
        "50": {
          "que": 50,
          "type": "nat",
          "marks": {
            "cm": 3,
            "im": 0
          },
          "pdfData": [
            {
              "x1": 57,
              "x2": 545,
              "y1": 263,
              "y2": 365,
              "page": 30
            }
          ]
        }
      },
      "M-MCQPARA": {
        "51": {
          "que": 51,
          "type": "mcq",
          "marks": {
            "cm": 3,
            "im": -1
          },
          "pdfData": [
            {
              "x1": 98,
              "x2": 454,
              "y1": 233,
              "y2": 254,
              "page": 31
            },
            {
              "x1": 58,
              "x2": 540,
              "y1": 276,
              "y2": 430,
              "page": 31
            }
          ],
          "answerOptions": "4"
        },
        "52": {
          "que": 52,
          "type": "mcq",
          "marks": {
            "cm": 3,
            "im": -1
          },
          "pdfData": [
            {
              "x1": 98,
              "x2": 454,
              "y1": 233,
              "y2": 254,
              "page": 31
            },
            {
              "x1": 58,
              "x2": 540,
              "y1": 517,
              "y2": 629,
              "page": 31
            }
          ],
          "answerOptions": "4"
        },
        "53": {
          "que": 53,
          "type": "mcq",
          "marks": {
            "cm": 3,
            "im": -1
          },
          "pdfData": [
            {
              "x1": 55,
              "x2": 540,
              "y1": 177,
              "y2": 240,
              "page": 32
            },
            {
              "x1": 97,
              "x2": 517,
              "y1": 92,
              "y2": 160,
              "page": 32
            }
          ],
          "answerOptions": "4"
        },
        "54": {
          "que": 54,
          "type": "mcq",
          "marks": {
            "cm": 3,
            "im": -1
          },
          "pdfData": [
            {
              "x1": 55,
              "x2": 540,
              "y1": 397,
              "y2": 475,
              "page": 32
            },
            {
              "x1": 97,
              "x2": 517,
              "y1": 92,
              "y2": 160,
              "page": 32
            }
          ],
          "answerOptions": "4"
        }
      }
    }
  },
  "appVersion": "1.22.1",
  "generatedBy": "answerKeyPage",
  "generatedBasedOn": "pdfCropperPage",
  "testAnswerKey": {
    "Physics": {
      "P-MSQ": {
        "1": [
          2,
          3
        ],
        "2": [
          1,
          3
        ],
        "3": [
          1,
          3
        ],
        "4": [
          2,
          4
        ],
        "5": [
          1,
          2,
          4
        ],
        "6": [
          2,
          3,
          4
        ]
      },
      "P-DECNUM": {
        "7": "2",
        "8": "5",
        "9": "0.75",
        "10": "2TO2.2",
        "11": "1.5",
        "12": "1.2,2",
        "13": "130",
        "14": "4"
      },
      "P-MCQPARA": {
        "15": [
          3
        ],
        "16": [
          4
        ],
        "17": [
          2
        ],
        "18": [
          3
        ]
      }
    },
    "Chemistry": {
      "C-MSQ": {
        "19": [
          2,
          3
        ],
        "20": [
          2,
          3
        ],
        "21": [
          1,
          2,
          3
        ],
        "22": [
          2
        ],
        "23": [
          1,
          2,
          4
        ],
        "24": [
          2,
          3
        ]
      },
      "C-DECNUM": {
        "25": "1",
        "26": "2989TO2995",
        "27": "3",
        "28": "2.2TO2.23",
        "29": "9.9TO10.1",
        "30": "18.5TO19.5",
        "31": "4.3TO4.6",
        "32": "0.05"
      },
      "C-MCQPARA": {
        "33": [
          3
        ],
        "34": [
          1
        ],
        "35": [
          1
        ],
        "36": [
          2
        ]
      }
    },
    "Maths": {
      "M-MSQ": {
        "37": [
          1,
          2,
          4
        ],
        "38": [
          2,
          3,
          4
        ],
        "39": [
          3,
          4
        ],
        "40": [
          1,
          2,
          4
        ],
        "41": [
          2,
          3
        ],
        "42": [
          2,
          3
        ]
      },
      "M-DECNUM": {
        "43": "8",
        "44": "625",
        "45": "3748",
        "46": "2",
        "47": "1",
        "48": "3",
        "49": "0.5",
        "50": "4"
      },
      "M-MCQPARA": {
        "51": [
          1
        ],
        "52": [
          4
        ],
        "53": [
          1
        ],
        "54": [
          3
        ]
      }
    }
  }
}