{
  "pdfCropperData": {
    "Maths": {
      "M-DECNUM": {
        "1": {
          "que": 1,
          "type": "nat",
          "marks": {
            "cm": 3,
            "im": 0
          },
          "pdfData": [
            {
              "x1": 106.23333740234375,
              "x2": 521.3999633789062,
              "y1": 174.45001220703125,
              "y2": 252.183349609375,
              "page": 1
            }
          ]
        },
        "2": {
          "que": 2,
          "type": "nat",
          "marks": {
            "cm": 3,
            "im": 0
          },
          "pdfData": [
            {
              "x1": 106.23333740234375,
              "x2": 521.3999633789062,
              "y1": 295.4666748046875,
              "y2": 331.683349609375,
              "page": 1
            }
          ]
        },
        "3": {
          "que": 3,
          "type": "nat",
          "marks": {
            "cm": 3,
            "im": 0
          },
          "pdfData": [
            {
              "x1": 106.23333740234375,
              "x2": 521.3999633789062,
              "y1": 382.0333251953125,
              "y2": 435.91668701171875,
              "page": 1
            }
          ]
        },
        "4": {
          "que": 4,
          "type": "nat",
          "marks": {
            "cm": 3,
            "im": 0
          },
          "pdfData": [
            {
              "x1": 106.23333740234375,
              "x2": 521.3999633789062,
              "y1": 479.1999816894531,
              "y2": 570.1833190917969,
              "page": 1
            }
          ]
        },
        "5": {
          "que": 5,
          "type": "nat",
          "marks": {
            "cm": 3,
            "im": 0
          },
          "pdfData": [
            {
              "x1": 106.23333740234375,
              "x2": 521.3999633789062,
              "y1": 607.2833557128906,
              "y2": 639.9666442871094,
              "page": 1
            }
          ]
        },
        "6": {
          "que": 6,
          "type": "nat",
          "marks": {
            "cm": 3,
            "im": 0
          },
          "pdfData": [
            {
              "x1": 106.23333740234375,
              "x2": 521.3999633789062,
              "y1": 685.0166931152344,
              "y2": 706.2166442871094,
              "page": 1
            }
          ]
        },
        "7": {
          "que": 7,
          "type": "nat",
          "marks": {
            "cm": 3,
            "im": 0
          },
          "pdfData": [
            {
              "x1": 106.23333740234375,
              "x2": 521.3999633789062,
              "y1": 112.61666870117188,
              "y2": 146.18333435058594,
              "page": 2
            }
          ]
        },
        "8": {
          "que": 8,
          "type": "nat",
          "marks": {
            "cm": 3,
            "im": 0
          },
          "pdfData": [
            {
              "x1": 106.23333740234375,
              "x2": 521.3999633789062,
              "y1": 189.11666870117188,
              "y2": 259.25,
              "page": 2
            }
          ]
        }
      },
      "M-MSQ": {
        "9": {
          "que": 9,
          "type": "msq",
          "marks": {
            "cm": 4,
            "pm": 1,
            "im": 0
          },
          "pdfData": [
            {
              "x1": 106.23333740234375,
              "x2": 521.3999633789062,
              "y1": 363.48333740234375,
              "y2": 504.8166809082031,
              "page": 2
            }
          ],
          "answerOptions": "4"
        },
        "10": {
          "que": 10,
          "type": "msq",
          "marks": {
            "cm": 4,
            "pm": 1,
            "im": 0
          },
          "pdfData": [
            {
              "x1": 106.23333740234375,
              "x2": 521.3999633789062,
              "y1": 548.9833679199219,
              "y2": 703.5666809082031,
              "page": 2
            }
          ],
          "answerOptions": "4"
        },
        "11": {
          "que": 11,
          "type": "msq",
          "marks": {
            "cm": 4,
            "pm": 1,
            "im": 0
          },
          "pdfData": [
            {
              "x1": 106.23333740234375,
              "x2": 521.3999633789062,
              "y1": 87,
              "y2": 232.75,
              "page": 3
            }
          ],
          "answerOptions": "4"
        },
        "12": {
          "que": 12,
          "type": "msq",
          "marks": {
            "cm": 4,
            "pm": 1,
            "im": 0
          },
          "pdfData": [
            {
              "x1": 106.23333740234375,
              "x2": 521.3999633789062,
              "y1": 281.3333435058594,
              "y2": 344.0500183105469,
              "page": 3
            }
          ],
          "answerOptions": "4"
        },
        "13": {
          "que": 13,
          "type": "msq",
          "marks": {
            "cm": 4,
            "pm": 1,
            "im": 0
          },
          "pdfData": [
            {
              "x1": 106.23333740234375,
              "x2": 521.3999633789062,
              "y1": 401.4666748046875,
              "y2": 485.3833312988281,
              "page": 3
            }
          ],
          "answerOptions": "4"
        },
        "14": {
          "que": 14,
          "type": "msq",
          "marks": {
            "cm": 4,
            "pm": 1,
            "im": 0
          },
          "pdfData": [
            {
              "x1": 106.23333740234375,
              "x2": 521.3999633789062,
              "y1": 535.7333679199219,
              "y2": 682.3666687011719,
              "page": 3
            }
          ],
          "answerOptions": "4"
        }
      },
      "M-MCQPARA": {
        "15": {
          "que": 15,
          "type": "mcq",
          "marks": {
            "cm": 3,
            "im": -1
          },
          "pdfData": [
            {
              "x1": 92.0999755859375,
              "x2": 520.5166625976562,
              "y1": 140.8833465576172,
              "y2": 463.3000183105469,
              "page": 4
            }
          ],
          "answerOptions": "4"
        },
        "16": {
          "que": 16,
          "type": "mcq",
          "marks": {
            "cm": 3,
            "im": -1
          },
          "pdfData": [
            {
              "x1": 92.0999755859375,
              "x2": 520.5166625976562,
              "y1": 487.1499938964844,
              "y2": 727.4166564941406,
              "page": 4
            },
            {
              "x1": 92.0999755859375,
              "x2": 520.5166625976562,
              "y1": 87,
              "y2": 177.98333740234375,
              "page": 5
            }
          ],
          "answerOptions": "4"
        }
      },
      "M-MCQ": {
        "17": {
          "que": 17,
          "type": "mcq",
          "marks": {
            "cm": 3,
            "im": -1
          },
          "pdfData": [
            {
              "x1": 92.0999755859375,
              "x2": 520.5166625976562,
              "y1": 328.1499938964844,
              "y2": 416.48333740234375,
              "page": 5
            }
          ],
          "answerOptions": "4"
        },
        "18": {
          "que": 18,
          "type": "mcq",
          "marks": {
            "cm": 3,
            "im": -1
          },
          "pdfData": [
            {
              "x1": 92.0999755859375,
              "x2": 520.5166625976562,
              "y1": 465.0666809082031,
              "y2": 537.5000305175781,
              "page": 5
            }
          ],
          "answerOptions": "4"
        }
      }
    }
  },
  "testConfig": {
    "pdfFileHash": "d64da0ca415d344406db989542bf0c549ecceb278ffb0750171fcebb17dc0fef"
  },
  "appVersion": "1.19.1",
  "generatedBy": "answerKeyPage",
  "generatedBasedOn": "pdfCropperPage",
  "testAnswerKey": {
    "Maths": {
      "M-DECNUM": {
        "1": "13",
        "2": "70",
        "3": "0.5",
        "4": "24",
        "5": "0.25",
        "6": "4",
        "7": "12",
        "8": "5"
      },
      "M-MSQ": {
        "9": [
          3
        ],
        "10": [
          1,
          2,
          3,
          4
        ],
        "11": [
          2,
          4
        ],
        "12": [
          1,
          4
        ],
        "13": [
          1,
          2,
          3
        ],
        "14": [
          1,
          2,
          3
        ]
      },
      "M-MCQPARA": {
        "15": [
          2
        ],
        "16": [
          4
        ]
      },
      "M-MCQ": {
        "17": [
          2
        ],
        "18": [
          1
        ]
      }
    }
  }
}