{
  "pdfCropperData": {
    "Physics": {
      "P-MSQ": {
        "1": {
          "que": 1,
          "type": "msq",
          "options": 4,
          "marks": {
            "cm": 4,
            "pm": 1,
            "im": -2
          },
          "pdfData": [
            {
              "page": 1,
              "x1": 49,
              "y1": 466,
              "x2": 551,
              "y2": 779
            }
          ]
        },
        "2": {
          "que": 2,
          "type": "msq",
          "options": 4,
          "marks": {
            "cm": 4,
            "pm": 1,
            "im": -2
          },
          "pdfData": [
            {
              "page": 2,
              "x1": 49,
              "y1": 62,
              "x2": 551,
              "y2": 179
            }
          ]
        },
        "3": {
          "que": 3,
          "type": "msq",
          "options": 4,
          "marks": {
            "cm": 4,
            "pm": 1,
            "im": -2
          },
          "pdfData": [
            {
              "page": 2,
              "x1": 49,
              "y1": 230,
              "x2": 551,
              "y2": 610
            }
          ]
        },
        "4": {
          "que": 4,
          "type": "msq",
          "options": 4,
          "marks": {
            "cm": 4,
            "pm": 1,
            "im": -2
          },
          "pdfData": [
            {
              "page": 3,
              "x1": 49,
              "y1": 64,
              "x2": 551,
              "y2": 451
            }
          ]
        },
        "5": {
          "que": 5,
          "type": "msq",
          "options": 4,
          "marks": {
            "cm": 4,
            "pm": 1,
            "im": -2
          },
          "pdfData": [
            {
              "page": 3,
              "x1": 49,
              "y1": 502,
              "x2": 551,
              "y2": 759
            }
          ]
        },
        "6": {
          "que": 6,
          "type": "msq",
          "options": 4,
          "marks": {
            "cm": 4,
            "pm": 1,
            "im": -2
          },
          "pdfData": [
            {
              "page": 4,
              "x1": 49,
              "y1": 62,
              "x2": 551,
              "y2": 434
            }
          ]
        }
      },
      "P-DECPARA": {
        "7": {
          "que": 7,
          "type": "nat",
          "marks": {
            "cm": 3,
            "im": 0
          },
          "pdfData": [
            {
              "page": 5,
              "x1": 49,
              "y1": 361,
              "x2": 551,
              "y2": 669
            },
            {
              "page": 5,
              "x1": 49,
              "y1": 716,
              "x2": 551,
              "y2": 738
            }
          ]
        },
        "8": {
          "que": 8,
          "type": "nat",
          "marks": {
            "cm": 3,
            "im": 0
          },
          "pdfData": [
            {
              "page": 5,
              "x1": 49,
              "y1": 362,
              "x2": 551,
              "y2": 668
            },
            {
              "page": 5,
              "x1": 49,
              "y1": 745,
              "x2": 551,
              "y2": 762
            }
          ]
        },
        "9": {
          "que": 9,
          "type": "nat",
          "marks": {
            "cm": 3,
            "im": 0
          },
          "pdfData": [
            {
              "page": 6,
              "x1": 49,
              "y1": 142,
              "x2": 551,
              "y2": 485
            },
            {
              "page": 6,
              "x1": 49,
              "y1": 562,
              "x2": 551,
              "y2": 578
            }
          ]
        },
        "10": {
          "que": 10,
          "type": "nat",
          "marks": {
            "cm": 3,
            "im": 0
          },
          "pdfData": [
            {
              "page": 6,
              "x1": 49,
              "y1": 142,
              "x2": 551,
              "y2": 485
            },
            {
              "page": 6,
              "x1": 49,
              "y1": 596,
              "x2": 551,
              "y2": 611
            }
          ]
        }
      },
      "P-MCQ": {
        "11": {
          "que": 11,
          "type": "mcq",
          "options": 4,
          "marks": {
            "cm": 3,
            "im": -1
          },
          "pdfData": [
            {
              "page": 7,
              "x1": 49,
              "y1": 255,
              "x2": 551,
              "y2": 735
            }
          ]
        },
        "12": {
          "que": 12,
          "type": "mcq",
          "options": 4,
          "marks": {
            "cm": 3,
            "im": -1
          },
          "pdfData": [
            {
              "page": 8,
              "x1": 49,
              "y1": 74,
              "x2": 551,
              "y2": 330
            }
          ]
        },
        "13": {
          "que": 13,
          "type": "mcq",
          "options": 4,
          "marks": {
            "cm": 3,
            "im": -1
          },
          "pdfData": [
            {
              "page": 8,
              "x1": 49,
              "y1": 427,
              "x2": 551,
              "y2": 580
            },
            {
              "page": 8,
              "x1": 49,
              "y1": 619,
              "x2": 551,
              "y2": 736
            }
          ]
        },
        "14": {
          "que": 14,
          "type": "mcq",
          "options": 4,
          "marks": {
            "cm": 3,
            "im": -1
          },
          "pdfData": [
            {
              "page": 9,
              "x1": 49,
              "y1": 74,
              "x2": 551,
              "y2": 446
            }
          ]
        }
      },
      "P-DECNUM": {
        "15": {
          "que": 15,
          "type": "nat",
          "marks": {
            "cm": 3,
            "im": 0
          },
          "pdfData": [
            {
              "page": 10,
              "x1": 49,
              "y1": 254,
              "x2": 551,
              "y2": 362
            }
          ]
        },
        "16": {
          "que": 16,
          "type": "nat",
          "marks": {
            "cm": 3,
            "im": 0
          },
          "pdfData": [
            {
              "page": 10,
              "x1": 49,
              "y1": 414,
              "x2": 551,
              "y2": 674
            }
          ]
        },
        "17": {
          "que": 17,
          "type": "nat",
          "marks": {
            "cm": 3,
            "im": 0
          },
          "pdfData": [
            {
              "page": 11,
              "x1": 49,
              "y1": 64,
              "x2": 551,
              "y2": 151
            }
          ]
        }
      }
    },
    "Chemistry": {
      "C-MSQ": {
        "18": {
          "que": 18,
          "type": "msq",
          "options": 4,
          "marks": {
            "cm": 4,
            "pm": 1,
            "im": -2
          },
          "pdfData": [
            {
              "page": 12,
              "x1": 49,
              "y1": 477,
              "x2": 551,
              "y2": 695
            }
          ]
        },
        "19": {
          "que": 19,
          "type": "msq",
          "options": 4,
          "marks": {
            "cm": 4,
            "pm": 1,
            "im": -2
          },
          "pdfData": [
            {
              "page": 13,
              "x1": 49,
              "y1": 74,
              "x2": 551,
              "y2": 194
            }
          ]
        },
        "20": {
          "que": 20,
          "type": "msq",
          "options": 4,
          "marks": {
            "cm": 4,
            "pm": 1,
            "im": -2
          },
          "pdfData": [
            {
              "page": 13,
              "x1": 49,
              "y1": 276,
              "x2": 551,
              "y2": 650
            }
          ]
        },
        "21": {
          "que": 21,
          "type": "msq",
          "options": 4,
          "marks": {
            "cm": 4,
            "pm": 1,
            "im": -2
          },
          "pdfData": [
            {
              "page": 14,
              "x1": 49,
              "y1": 78,
              "x2": 551,
              "y2": 297
            },
            {
              "page": 14,
              "x1": 49,
              "y1": 331,
              "x2": 551,
              "y2": 348
            },
            {
              "page": 14,
              "x1": 49,
              "y1": 390,
              "x2": 551,
              "y2": 474
            },
            {
              "page": 14,
              "x1": 49,
              "y1": 511,
              "x2": 551,
              "y2": 606
            }
          ]
        },
        "22": {
          "que": 22,
          "type": "msq",
          "options": 4,
          "marks": {
            "cm": 4,
            "pm": 1,
            "im": -2
          },
          "pdfData": [
            {
              "page": 15,
              "x1": 49,
              "y1": 72,
              "x2": 551,
              "y2": 190
            }
          ]
        },
        "23": {
          "que": 23,
          "type": "msq",
          "options": 4,
          "marks": {
            "cm": 4,
            "pm": 1,
            "im": -2
          },
          "pdfData": [
            {
              "page": 15,
              "x1": 49,
              "y1": 268,
              "x2": 551,
              "y2": 712
            }
          ]
        }
      },
      "C-DECPARA": {
        "24": {
          "que": 24,
          "type": "nat",
          "marks": {
            "cm": 3,
            "im": 0
          },
          "pdfData": [
            {
              "page": 16,
              "x1": 49,
              "y1": 362,
              "x2": 551,
              "y2": 558
            },
            {
              "page": 16,
              "x1": 49,
              "y1": 629,
              "x2": 551,
              "y2": 646
            }
          ]
        },
        "25": {
          "que": 25,
          "type": "nat",
          "marks": {
            "cm": 3,
            "im": 0
          },
          "pdfData": [
            {
              "page": 16,
              "x1": 49,
              "y1": 362,
              "x2": 551,
              "y2": 558
            },
            {
              "page": 16,
              "x1": 49,
              "y1": 655,
              "x2": 551,
              "y2": 675
            }
          ]
        },
        "26": {
          "que": 26,
          "type": "nat",
          "marks": {
            "cm": 3,
            "im": 0
          },
          "pdfData": [
            {
              "page": 17,
              "x1": 49,
              "y1": 139,
              "x2": 551,
              "y2": 457
            },
            {
              "page": 17,
              "x1": 49,
              "y1": 508,
              "x2": 551,
              "y2": 526
            }
          ]
        },
        "27": {
          "que": 27,
          "type": "nat",
          "marks": {
            "cm": 3,
            "im": 0
          },
          "pdfData": [
            {
              "page": 17,
              "x1": 49,
              "y1": 138,
              "x2": 551,
              "y2": 458
            },
            {
              "page": 17,
              "x1": 49,
              "y1": 546,
              "x2": 551,
              "y2": 566
            }
          ]
        }
      },
      "C-MCQ": {
        "28": {
          "que": 28,
          "type": "mcq",
          "options": 4,
          "marks": {
            "cm": 3,
            "im": -1
          },
          "pdfData": [
            {
              "page": 18,
              "x1": 49,
              "y1": 255,
              "x2": 551,
              "y2": 374
            }
          ]
        },
        "29": {
          "que": 29,
          "type": "mcq",
          "options": 4,
          "marks": {
            "cm": 3,
            "im": -1
          },
          "pdfData": [
            {
              "page": 18,
              "x1": 49,
              "y1": 456,
              "x2": 551,
              "y2": 706
            }
          ]
        },
        "30": {
          "que": 30,
          "type": "mcq",
          "options": 4,
          "marks": {
            "cm": 3,
            "im": -1
          },
          "pdfData": [
            {
              "page": 19,
              "x1": 49,
              "y1": 72,
              "x2": 551,
              "y2": 230
            }
          ]
        }
      },
      "C-DECNUM": {
        "32": {
          "que": 32,
          "type": "nat",
          "marks": {
            "cm": 3,
            "im": 0
          },
          "pdfData": [
            {
              "page": 20,
              "x1": 49,
              "y1": 248,
              "x2": 551,
              "y2": 380
            }
          ]
        },
        "33": {
          "que": 33,
          "type": "nat",
          "marks": {
            "cm": 3,
            "im": 0
          },
          "pdfData": [
            {
              "page": 20,
              "x1": 49,
              "y1": 432,
              "x2": 551,
              "y2": 522
            }
          ]
        },
        "34": {
          "que": 34,
          "type": "nat",
          "marks": {
            "cm": 3,
            "im": 0
          },
          "pdfData": [
            {
              "page": 20,
              "x1": 49,
              "y1": 584,
              "x2": 551,
              "y2": 717
            }
          ]
        },
        "35": {
          "que": 35,
          "type": "nat",
          "marks": {
            "cm": 3,
            "im": 0
          },
          "pdfData": [
            {
              "page": 21,
              "x1": 49,
              "y1": 65,
              "x2": 551,
              "y2": 122
            }
          ]
        },
        "36": {
          "que": 36,
          "type": "nat",
          "marks": {
            "cm": 3,
            "im": 0
          },
          "pdfData": [
            {
              "page": 21,
              "x1": 49,
              "y1": 179,
              "x2": 551,
              "y2": 337
            }
          ]
        }
      }
    },
    "Maths": {
      "M-MSQ": {
        "37": {
          "que": 37,
          "type": "msq",
          "options": 4,
          "marks": {
            "cm": 4,
            "pm": 1,
            "im": -2
          },
          "pdfData": [
            {
              "page": 22,
              "x1": 49,
              "y1": 497,
              "x2": 551,
              "y2": 720
            }
          ]
        },
        "38": {
          "que": 38,
          "type": "msq",
          "options": 4,
          "marks": {
            "cm": 4,
            "pm": 1,
            "im": -2
          },
          "pdfData": [
            {
              "page": 23,
              "x1": 49,
              "y1": 81,
              "x2": 551,
              "y2": 294
            }
          ]
        },
        "39": {
          "que": 39,
          "type": "msq",
          "options": 4,
          "marks": {
            "cm": 4,
            "pm": 1,
            "im": -2
          },
          "pdfData": [
            {
              "page": 23,
              "x1": 49,
              "y1": 370,
              "x2": 551,
              "y2": 570
            }
          ]
        },
        "40": {
          "que": 40,
          "type": "msq",
          "options": 4,
          "marks": {
            "cm": 4,
            "pm": 1,
            "im": -2
          },
          "pdfData": [
            {
              "page": 24,
              "x1": 49,
              "y1": 74,
              "x2": 551,
              "y2": 326
            }
          ]
        },
        "41": {
          "que": 41,
          "type": "msq",
          "options": 4,
          "marks": {
            "cm": 4,
            "pm": 1,
            "im": -2
          },
          "pdfData": [
            {
              "page": 24,
              "x1": 49,
              "y1": 406,
              "x2": 551,
              "y2": 684
            }
          ]
        },
        "42": {
          "que": 42,
          "type": "msq",
          "options": 4,
          "marks": {
            "cm": 4,
            "pm": 1,
            "im": -2
          },
          "pdfData": [
            {
              "page": 25,
              "x1": 49,
              "y1": 74,
              "x2": 551,
              "y2": 297
            }
          ]
        }
      },
      "M-DECPARA": {
        "43": {
          "que": 43,
          "type": "nat",
          "marks": {
            "cm": 3,
            "im": 0
          },
          "pdfData": [
            {
              "page": 26,
              "x1": 49,
              "y1": 361,
              "x2": 551,
              "y2": 454
            }
          ]
        },
        "44": {
          "que": 44,
          "type": "nat",
          "marks": {
            "cm": 3,
            "im": 0
          },
          "pdfData": [
            {
              "page": 26,
              "x1": 49,
              "y1": 362,
              "x2": 551,
              "y2": 425
            },
            {
              "page": 26,
              "x1": 49,
              "y1": 454,
              "x2": 551,
              "y2": 490
            }
          ]
        },
        "45": {
          "que": 45,
          "type": "nat",
          "marks": {
            "cm": 3,
            "im": 0
          },
          "pdfData": [
            {
              "page": 26,
              "x1": 49,
              "y1": 582,
              "x2": 551,
              "y2": 682
            },
            {
              "page": 26,
              "x1": 49,
              "y1": 715,
              "x2": 551,
              "y2": 737
            }
          ]
        },
        "46": {
          "que": 46,
          "type": "nat",
          "marks": {
            "cm": 3,
            "im": 0
          },
          "pdfData": [
            {
              "page": 26,
              "x1": 49,
              "y1": 582,
              "x2": 551,
              "y2": 682
            },
            {
              "page": 26,
              "x1": 49,
              "y1": 745,
              "x2": 551,
              "y2": 765
            }
          ]
        }
      },
      "M-MCQPARA": {
        "47": {
          "que": 47,
          "type": "mcq",
          "options": 4,
          "marks": {
            "cm": 3,
            "im": -1
          },
          "pdfData": [
            {
              "page": 27,
              "x1": 87,
              "y1": 314,
              "x2": 471,
              "y2": 506
            },
            {
              "page": 27,
              "x1": 67,
              "y1": 591,
              "x2": 387,
              "y2": 731
            }
          ]
        },
        "48": {
          "que": 48,
          "type": "mcq",
          "options": 4,
          "marks": {
            "cm": 3,
            "im": -1
          },
          "pdfData": [
            {
              "page": 28,
              "x1": 91,
              "y1": 105,
              "x2": 471,
              "y2": 297
            },
            {
              "page": 28,
              "x1": 75,
              "y1": 391,
              "x2": 475,
              "y2": 566
            }
          ]
        },
        "49": {
          "que": 49,
          "type": "mcq",
          "options": 4,
          "marks": {
            "cm": 3,
            "im": -1
          },
          "pdfData": [
            {
              "page": 29,
              "x1": 65,
              "y1": 117,
              "x2": 491,
              "y2": 226
            },
            {
              "page": 29,
              "x1": 63,
              "y1": 307,
              "x2": 503,
              "y2": 422
            }
          ]
        },
        "50": {
          "que": 50,
          "type": "mcq",
          "options": 4,
          "marks": {
            "cm": 3,
            "im": -1
          },
          "pdfData": [
            {
              "page": 29,
              "x1": 63,
              "y1": 116,
              "x2": 491,
              "y2": 226
            },
            {
              "page": 29,
              "x1": 61,
              "y1": 503,
              "x2": 524,
              "y2": 634
            }
          ]
        }
      },
      "M-INTNUM": {
        "51": {
          "que": 51,
          "type": "nat",
          "marks": {
            "cm": 4,
            "im": 0
          },
          "pdfData": [
            {
              "page": 30,
              "x1": 53,
              "y1": 245,
              "x2": 545,
              "y2": 349
            }
          ]
        },
        "52": {
          "que": 52,
          "type": "nat",
          "marks": {
            "cm": 4,
            "im": 0
          },
          "pdfData": [
            {
              "page": 30,
              "x1": 53,
              "y1": 402,
              "x2": 545,
              "y2": 444
            }
          ]
        },
        "53": {
          "que": 53,
          "type": "nat",
          "marks": {
            "cm": 4,
            "im": 0
          },
          "pdfData": [
            {
              "page": 30,
              "x1": 53,
              "y1": 497,
              "x2": 545,
              "y2": 589
            }
          ]
        }
      }
    }
  },
  "testAnswerKey": {
    "Physics": {
      "P-MSQ": {
        "1": [
          1,
          3,
          4
        ],
        "2": [
          4
        ],
        "3": [
          1
        ],
        "4": [
          2,
          3
        ],
        "5": [
          2,
          3
        ],
        "6": [
          1,
          3
        ]
      },
      "P-DECPARA": {
        "7": "33TO37",
        "8": "0.37TO0.42",
        "9": "1.5TO1.6",
        "10": "1.32TO1.44"
      },
      "P-MCQ": {
        "11": 2,
        "12": 3,
        "13": 1,
        "14": 4
      },
      "P-DECNUM": {
        "15": "0.11TO0.16",
        "16": "3.5",
        "17": "10.49TO10.51"
      }
    },
    "Chemistry": {
      "C-MSQ": {
        "18": [
          3,
          4
        ],
        "19": [
          1
        ],
        "20": [
          1,
          3
        ],
        "21": [
          2,
          4
        ],
        "22": [
          1,
          3,
          4
        ],
        "23": [
          1,
          2,
          3
        ]
      },
      "C-DECPARA": {
        "24": "0.41TO0.45",
        "25": "45500TO46500",
        "26": "-322TO-312",
        "27": "260TO270"
      },
      "C-MCQ": {
        "28": 3,
        "29": 2,
        "30": 3
      },
      "C-DECNUM": {
        "32": "43.99TO44.01",
        "33": "70TO72",
        "34": "7",
        "35": "5",
        "36": "145.5TO146.5"
      }
    },
    "Maths": {
      "M-MSQ": {
        "37": "DROPPED",
        "38": [
          1,
          3,
          4
        ],
        "39": [
          2,
          3,
          4
        ],
        "40": [
          1,
          3,
          4
        ],
        "41": [
          1,
          3
        ],
        "42": [
          2,
          4
        ]
      },
      "M-DECPARA": {
        "43": "0.33TO0.35",
        "44": "0.24TO0.26",
        "45": "DROPPED",
        "46": "DROPPED"
      },
      "M-MCQPARA": {
        "47": 2,
        "48": 3,
        "49": 2,
        "50": 3
      },
      "M-INTNUM": {
        "51": "3",
        "52": "360",
        "53": "8"
      }
    }
  },
  "pdfFileHash": "5e1d85409ec240b300d51288f967734109c171d85bd69470724cd1c767cfe948"
}