{
  "pdfCropperData": {
    "Math": {
      "Part-A": {
        "2": {
          "que": 2,
          "type": "nat",
          "marks": {
            "cm": 2,
            "im": 0
          },
          "pdfData": [
            {
              "page": 2,
              "x1": 67,
              "y1": 68,
              "x2": 543,
              "y2": 214
            },
            {
              "page": 2,
              "x1": 67,
              "y1": 237,
              "x2": 543,
              "y2": 274
            }
          ]
        },
        "3": {
          "que": 3,
          "type": "nat",
          "marks": {
            "cm": 2,
            "im": 0
          },
          "pdfData": [
            {
              "page": 2,
              "x1": 67,
              "y1": 68,
              "x2": 543,
              "y2": 213
            },
            {
              "page": 2,
              "x1": 67,
              "y1": 278,
              "x2": 543,
              "y2": 311
            }
          ]
        },
        "4": {
          "que": 4,
          "type": "nat",
          "marks": {
            "cm": 1,
            "im": 0
          },
          "pdfData": [
            {
              "page": 2,
              "x1": 67,
              "y1": 330,
              "x2": 543,
              "y2": 394
            },
            {
              "page": 2,
              "x1": 67,
              "y1": 415,
              "x2": 543,
              "y2": 439
            }
          ]
        },
        "5": {
          "que": 5,
          "type": "nat",
          "marks": {
            "cm": 2,
            "im": 0
          },
          "pdfData": [
            {
              "page": 2,
              "x1": 67,
              "y1": 330,
              "x2": 543,
              "y2": 395
            },
            {
              "page": 2,
              "x1": 67,
              "y1": 439,
              "x2": 543,
              "y2": 462
            }
          ]
        },
        "6": {
          "que": 6,
          "type": "nat",
          "marks": {
            "cm": 2,
            "im": 0
          },
          "pdfData": [
            {
              "page": 2,
              "x1": 67,
              "y1": 330,
              "x2": 543,
              "y2": 394
            },
            {
              "page": 2,
              "x1": 67,
              "y1": 462,
              "x2": 543,
              "y2": 674
            }
          ]
        },
        "7": {
          "que": 7,
          "type": "nat",
          "marks": {
            "cm": 3,
            "im": 0
          },
          "pdfData": [
            {
              "page": 3,
              "x1": 67,
              "y1": 45,
              "x2": 543,
              "y2": 138
            }
          ]
        },
        "8": {
          "que": 8,
          "type": "nat",
          "marks": {
            "cm": 3,
            "im": 0
          },
          "pdfData": [
            {
              "page": 3,
              "x1": 67,
              "y1": 45,
              "x2": 543,
              "y2": 88
            },
            {
              "page": 3,
              "x1": 67,
              "y1": 138,
              "x2": 543,
              "y2": 204
            }
          ]
        },
        "9": {
          "que": 9,
          "type": "nat",
          "marks": {
            "cm": 1,
            "im": 0
          },
          "pdfData": [
            {
              "page": 3,
              "x1": 67,
              "y1": 224,
              "x2": 543,
              "y2": 351
            },
            {
              "page": 3,
              "x1": 132,
              "y1": 354,
              "x2": 299,
              "y2": 379
            },
            {
              "page": 3,
              "x1": 67,
              "y1": 407,
              "x2": 543,
              "y2": 682
            }
          ]
        },
        "10": {
          "que": 10,
          "type": "nat",
          "marks": {
            "cm": 1,
            "im": 0
          },
          "pdfData": [
            {
              "page": 3,
              "x1": 65,
              "y1": 223,
              "x2": 543,
              "y2": 352
            },
            {
              "page": 3,
              "x1": 324,
              "y1": 353,
              "x2": 543,
              "y2": 377
            },
            {
              "page": 3,
              "x1": 67,
              "y1": 408,
              "x2": 543,
              "y2": 683
            }
          ]
        },
        "11": {
          "que": 11,
          "type": "nat",
          "marks": {
            "cm": 2,
            "im": 0
          },
          "pdfData": [
            {
              "page": 3,
              "x1": 65,
              "y1": 221,
              "x2": 543,
              "y2": 351
            },
            {
              "page": 3,
              "x1": 71,
              "y1": 374,
              "x2": 286,
              "y2": 404
            },
            {
              "page": 3,
              "x1": 67,
              "y1": 409,
              "x2": 543,
              "y2": 682
            }
          ]
        },
        "12": {
          "que": 12,
          "type": "nat",
          "marks": {
            "cm": 2,
            "im": 0
          },
          "pdfData": [
            {
              "page": 4,
              "x1": 67,
              "y1": 39,
              "x2": 546,
              "y2": 120
            },
            {
              "page": 4,
              "x1": 67,
              "y1": 151,
              "x2": 546,
              "y2": 170
            }
          ]
        },
        "13": {
          "que": 13,
          "type": "nat",
          "marks": {
            "cm": 3,
            "im": 0
          },
          "pdfData": [
            {
              "page": 4,
              "x1": 67,
              "y1": 175,
              "x2": 546,
              "y2": 211
            },
            {
              "page": 4,
              "x1": 67,
              "y1": 39,
              "x2": 546,
              "y2": 120
            }
          ]
        },
        "14": {
          "que": 14,
          "type": "nat",
          "marks": {
            "cm": 1,
            "im": 0
          },
          "pdfData": [
            {
              "page": 4,
              "x1": 67,
              "y1": 246,
              "x2": 546,
              "y2": 376
            },
            {
              "page": 4,
              "x1": 67,
              "y1": 398,
              "x2": 546,
              "y2": 441
            }
          ]
        },
        "15": {
          "que": 15,
          "type": "nat",
          "marks": {
            "cm": 2,
            "im": 0
          },
          "pdfData": [
            {
              "page": 4,
              "x1": 67,
              "y1": 245,
              "x2": 546,
              "y2": 374
            },
            {
              "page": 4,
              "x1": 67,
              "y1": 444,
              "x2": 546,
              "y2": 483
            }
          ]
        },
        "16": {
          "que": 16,
          "type": "nat",
          "marks": {
            "cm": 3,
            "im": 0
          },
          "pdfData": [
            {
              "page": 4,
              "x1": 67,
              "y1": 245,
              "x2": 546,
              "y2": 375
            },
            {
              "page": 4,
              "x1": 67,
              "y1": 485,
              "x2": 546,
              "y2": 537
            }
          ]
        },
        "17": {
          "que": 17,
          "type": "nat",
          "marks": {
            "cm": 1,
            "im": 0
          },
          "pdfData": [
            {
              "page": 5,
              "x1": 67,
              "y1": 44,
              "x2": 546,
              "y2": 118
            },
            {
              "page": 5,
              "x1": 67,
              "y1": 144,
              "x2": 546,
              "y2": 167
            },
            {
              "page": 5,
              "x1": 67,
              "y1": 274,
              "x2": 546,
              "y2": 595
            }
          ]
        },
        "18": {
          "que": 18,
          "type": "nat",
          "marks": {
            "cm": 1,
            "im": 0
          },
          "pdfData": [
            {
              "page": 5,
              "x1": 67,
              "y1": 44,
              "x2": 546,
              "y2": 116
            },
            {
              "page": 5,
              "x1": 67,
              "y1": 170,
              "x2": 546,
              "y2": 193
            },
            {
              "page": 5,
              "x1": 67,
              "y1": 273,
              "x2": 546,
              "y2": 595
            }
          ]
        },
        "19": {
          "que": 19,
          "type": "nat",
          "marks": {
            "cm": 1,
            "im": 0
          },
          "pdfData": [
            {
              "page": 5,
              "x1": 67,
              "y1": 44,
              "x2": 546,
              "y2": 118
            },
            {
              "page": 5,
              "x1": 67,
              "y1": 193,
              "x2": 546,
              "y2": 234
            },
            {
              "page": 5,
              "x1": 67,
              "y1": 273,
              "x2": 546,
              "y2": 595
            }
          ]
        },
        "20": {
          "que": 20,
          "type": "nat",
          "marks": {
            "cm": 1,
            "im": 0
          },
          "pdfData": [
            {
              "page": 5,
              "x1": 67,
              "y1": 44,
              "x2": 546,
              "y2": 118
            },
            {
              "page": 5,
              "x1": 67,
              "y1": 234,
              "x2": 546,
              "y2": 274
            },
            {
              "page": 5,
              "x1": 67,
              "y1": 274,
              "x2": 546,
              "y2": 595
            }
          ]
        },
        "21": {
          "que": 21,
          "type": "nat",
          "marks": {
            "cm": 3,
            "im": 0
          },
          "pdfData": [
            {
              "page": 6,
              "x1": 67,
              "y1": 43,
              "x2": 546,
              "y2": 258
            },
            {
              "page": 6,
              "x1": 67,
              "y1": 286,
              "x2": 546,
              "y2": 337
            },
            {
              "page": 6,
              "x1": 67,
              "y1": 377,
              "x2": 546,
              "y2": 608
            }
          ]
        },
        "22": {
          "que": 22,
          "type": "nat",
          "marks": {
            "cm": 2,
            "im": 0
          },
          "pdfData": [
            {
              "page": 6,
              "x1": 67,
              "y1": 43,
              "x2": 546,
              "y2": 258
            },
            {
              "page": 6,
              "x1": 67,
              "y1": 337,
              "x2": 546,
              "y2": 377
            },
            {
              "page": 6,
              "x1": 67,
              "y1": 377,
              "x2": 546,
              "y2": 608
            }
          ]
        }
      }
    }
  },
  "pdfFileHash": "0d207b36c6bb00b1ea7181f60a4b86fe8a97bee86e9143f43640917b0c3d1ba5",
  "testAnswerKey": {
    "Math": {
      "Part-A": {
        "2": "1",
        "3": "9",
        "4": "4",
        "5": "78",
        "6": "0",
        "7": "34",
        "8": "29",
        "9": "6",
        "10": "8",
        "11": "10",
        "12": "54",
        "13": "22",
        "14": "0",
        "15": "180",
        "16": "376",
        "17": "1",
        "18": "6",
        "19": "2",
        "20": "9",
        "21": "151011591259",
        "22": "1239127913"
      }
    }
  }
}